-- phpMyAdmin SQL Dump
-- version 4.2.7.1
-- http://www.phpmyadmin.net
--
-- Servidor: 127.0.0.1
-- Tiempo de generación: 24-10-2014 a las 16:00:13
-- Versión del servidor: 5.6.20
-- Versión de PHP: 5.5.15

SET SQL_MODE = "NO_AUTO_VALUE_ON_ZERO";
SET time_zone = "+00:00";


/*!40101 SET @OLD_CHARACTER_SET_CLIENT=@@CHARACTER_SET_CLIENT */;
/*!40101 SET @OLD_CHARACTER_SET_RESULTS=@@CHARACTER_SET_RESULTS */;
/*!40101 SET @OLD_COLLATION_CONNECTION=@@COLLATION_CONNECTION */;
/*!40101 SET NAMES utf8 */;

--
-- Base de datos: `indoamericana`
--

-- --------------------------------------------------------

--
-- Estructura de tabla para la tabla `administratives`
--

CREATE TABLE IF NOT EXISTS `administratives` (
`id` int(11) NOT NULL,
  `extension` varchar(45) DEFAULT NULL,
  `responsible` int(11) NOT NULL,
  `user_id` int(11) NOT NULL
) ENGINE=InnoDB  DEFAULT CHARSET=latin1 AUTO_INCREMENT=121 ;

--
-- Volcado de datos para la tabla `administratives`
--

INSERT INTO `administratives` (`id`, `extension`, `responsible`, `user_id`) VALUES
(3, '2001', 1, 1),
(4, '1005-1028', 0, 2),
(5, '2017', 0, 78),
(6, '2004 - 2023', 0, 80),
(7, '2016', 0, 81),
(8, '2003', 0, 82),
(9, '1007', 0, 83),
(10, '2029', 0, 84),
(11, '1032', 0, 86),
(12, '1021', 0, 87),
(13, '1012', 0, 88),
(14, '2031', 0, 89),
(15, '', 0, 90),
(16, '2009', 0, 91),
(17, '1012', 0, 92),
(18, '1010', 0, 93),
(19, '1033', 0, 94),
(20, '1021', 0, 95),
(21, '1013', 0, 96),
(22, '1004', 0, 97),
(23, '', 0, 98),
(24, '1002', 0, 99),
(25, '1002-1033', 0, 100),
(26, '1006', 0, 101),
(27, '1008', 0, 102),
(28, '1005-1028', 1, 103),
(29, '1025', 1, 104),
(30, '2018', 0, 105),
(31, '1024', 0, 106),
(32, '2003', 0, 107),
(33, '2003', 0, 108),
(34, '1001', 0, 109),
(35, '1017', 0, 110),
(36, '1016', 0, 111),
(37, '1035', 0, 112),
(38, '1015', 0, 113),
(39, '1015', 0, 114),
(40, '2021', 0, 115),
(41, '1009', 0, 116),
(42, '2002', 1, 117),
(43, '1018', 0, 118),
(44, '2011', 0, 119),
(45, '2047', 0, 120),
(46, '2013', 1, 121),
(47, '', 0, 122),
(48, '2036', 0, 123),
(49, '2015', 0, 124),
(50, '2008', 0, 125),
(51, '2037', 0, 126),
(52, '2007', 0, 127),
(53, '2008', 0, 128),
(54, '2010', 0, 129),
(55, '2008', 0, 130),
(56, '2041', 0, 131),
(57, '2006', 1, 132),
(58, '1020', 0, 133),
(59, '1020', 0, 134),
(60, '1023', 0, 135),
(61, '1023', 0, 136),
(62, '1020', 0, 137),
(63, '1023', 0, 138),
(64, '1020', 0, 139),
(65, '1023', 0, 140),
(66, '1020', 0, 141),
(67, '1020', 0, 142),
(68, '1020', 0, 143),
(69, '1020', 0, 144),
(70, '1031', 1, 145),
(71, '-', 0, 146),
(72, '2038', 0, 147),
(73, '1019', 0, 148),
(74, '1019', 0, 149),
(75, '2033', 0, 150),
(77, '2017', 0, 152),
(78, '2042', 0, 153),
(79, '1008', 0, 154),
(80, '2043', 0, 155),
(81, '2005', 0, 156),
(82, '2004', 0, 157),
(83, '2025', 0, 158),
(84, '1020', 0, 159),
(85, '1020', 0, 160),
(86, '1022', 0, 161),
(87, '1022', 0, 162),
(88, '1019', 0, 163),
(89, '1019', 0, 164),
(90, '2046', 0, 165),
(91, '2047', 0, 166),
(92, '2012', 0, 167),
(93, '2045', 0, 168),
(94, '1020', 1, 169),
(95, '1020', 0, 170),
(96, '1022', 0, 171),
(97, '1036', 0, 172),
(98, '', 0, 173),
(99, '2034', 0, 174),
(100, '2048', 0, 175),
(101, '1025', 1, 176),
(102, '1020', 1, 177),
(103, '1022', 0, 178),
(104, '2004', 0, 179),
(105, '2007', 0, 180),
(106, '2003', 0, 181),
(107, '2037', 0, 182),
(108, '1022', 0, 183),
(109, '1024', 1, 184),
(110, '2038', 0, 185),
(111, '1020', 0, 186),
(112, '2012', 0, 187),
(113, '1020', 0, 188),
(114, '', 0, 189),
(115, '1019', 0, 190),
(116, '2045', 0, 191),
(117, '1019', 0, 192),
(118, '2003', 0, 193),
(119, '2050', 0, 194),
(120, '2048', 0, 195);

-- --------------------------------------------------------

--
-- Estructura de tabla para la tabla `categories_profiles`
--

CREATE TABLE IF NOT EXISTS `categories_profiles` (
`id` int(11) NOT NULL,
  `name` varchar(45) NOT NULL
) ENGINE=InnoDB  DEFAULT CHARSET=latin1 AUTO_INCREMENT=4 ;

--
-- Volcado de datos para la tabla `categories_profiles`
--

INSERT INTO `categories_profiles` (`id`, `name`) VALUES
(1, 'Administrador'),
(2, 'Estudiantes'),
(3, 'Profesores');

-- --------------------------------------------------------

--
-- Estructura de tabla para la tabla `cities`
--

CREATE TABLE IF NOT EXISTS `cities` (
`id` int(11) NOT NULL,
  `name` varchar(100) NOT NULL
) ENGINE=InnoDB  DEFAULT CHARSET=latin1 AUTO_INCREMENT=75 ;

--
-- Volcado de datos para la tabla `cities`
--

INSERT INTO `cities` (`id`, `name`) VALUES
(1, 'Aguachica Cesar'),
(2, 'Apartadó Antioquia'),
(3, 'Arauca'),
(4, 'Armenia Quindío'),
(5, 'Barrancabermeja Santander'),
(6, 'Barranquilla Atlántico'),
(7, 'Bello Antioquia'),
(8, 'Bogotá Distrito Capital'),
(9, 'Bucaramanga Santander'),
(10, 'Buenaventura Valle del Cauca'),
(11, 'Buga Valle del Cauca'),
(12, 'Cali Valle del Cauca'),
(13, 'Cartago Valle del Cauca'),
(14, 'Cartagena Bolívar'),
(15, 'Caucasia Antioquia'),
(16, 'Cereté Córdoba'),
(17, 'Chia Cundinamarca'),
(18, 'Ciénaga Magdalena'),
(19, 'Cúcuta Norte de Santander'),
(20, 'Dosquebradas Risaralda'),
(21, 'Duitama Boyacá'),
(22, 'Envigado Antioquia'),
(23, 'Facatativá Cundinamarca'),
(24, 'Florencia Caqueta'),
(25, 'Floridablanca Santander'),
(26, 'Fusagasugá Cundinamarca'),
(27, 'Girardot Cundinamarca'),
(28, 'Girón Santander'),
(29, 'Ibagué Tolima'),
(30, 'Ipiales Nariño'),
(31, 'Itagüí Antioquia'),
(32, 'Jamundí Valle del Cauca'),
(33, 'Lorica Córdoba'),
(34, 'Los Patios Norte de Santander'),
(35, 'Magangué Bolivar'),
(36, 'Maicao Guajira'),
(37, 'Malambo Atlántico'),
(38, 'Manizales Caldas'),
(39, 'Medellín Antioquia'),
(40, 'Melgar Tolima'),
(41, 'Montería Córdoba'),
(42, 'Neiva Huila'),
(43, 'Ocaña Norte de Santander'),
(44, 'Paipa, Boyacá'),
(45, 'Palmira Valle del Cauca'),
(46, 'Pamplona Norte de Santander'),
(47, 'Pasto Nariño'),
(48, 'Pereira Risaralda'),
(49, 'Piedecuesta Santander'),
(50, 'Pitalito Huila'),
(51, 'Popayán Cauca'),
(52, 'Quibdó Choco'),
(53, 'Riohacha Guajira'),
(54, 'Rionegro Antioquia'),
(55, 'Sabanalarga Atlántico'),
(56, 'Sahagún Córdoba'),
(57, 'San Andrés Isla'),
(58, 'Santa Marta Magdalena'),
(59, 'Sincelejo Sucre'),
(60, 'Soacha Cundinamarca'),
(61, 'Sogamoso Boyacá'),
(62, 'Soledad Atlántico'),
(63, 'Tibú Norte de Santander'),
(64, 'Tuluá Valle del Cauca'),
(65, 'Tumaco Nariño'),
(66, 'Tunja Boyacá'),
(67, 'Turbo Antioquia'),
(68, 'Valledupar Cesar'),
(69, 'Villa de leyva'),
(70, 'Villa del Rosario Norte de Santander'),
(71, 'Villavicencio Meta'),
(72, 'Yopal Casanare'),
(73, 'Yumbo Valle del Cauca'),
(74, 'Zipaquirá Cundinamarca');

-- --------------------------------------------------------

--
-- Estructura de tabla para la tabla `confidential_texts`
--

CREATE TABLE IF NOT EXISTS `confidential_texts` (
`id` int(11) NOT NULL,
  `text` text NOT NULL,
  `administrative_id` int(11) NOT NULL
) ENGINE=InnoDB DEFAULT CHARSET=latin1 AUTO_INCREMENT=1 ;

-- --------------------------------------------------------

--
-- Estructura de tabla para la tabla `default_texts`
--

CREATE TABLE IF NOT EXISTS `default_texts` (
`id` int(11) NOT NULL,
  `text` text NOT NULL,
  `administrative_id` int(11) NOT NULL
) ENGINE=InnoDB DEFAULT CHARSET=latin1 AUTO_INCREMENT=1 ;

-- --------------------------------------------------------

--
-- Estructura de tabla para la tabla `descriptions`
--

CREATE TABLE IF NOT EXISTS `descriptions` (
`id` int(11) NOT NULL,
  `name` varchar(200) NOT NULL,
  `type_pqr_id` int(11) NOT NULL
) ENGINE=InnoDB DEFAULT CHARSET=latin1 AUTO_INCREMENT=1 ;

-- --------------------------------------------------------

--
-- Estructura de tabla para la tabla `details`
--

CREATE TABLE IF NOT EXISTS `details` (
`id` int(11) NOT NULL,
  `name` varchar(45) DEFAULT NULL,
  `process_id` int(11) NOT NULL
) ENGINE=InnoDB DEFAULT CHARSET=latin1 AUTO_INCREMENT=1 ;

-- --------------------------------------------------------

--
-- Estructura de tabla para la tabla `files`
--

CREATE TABLE IF NOT EXISTS `files` (
`id` int(11) NOT NULL,
  `name` varchar(150) DEFAULT NULL,
  `name_file` varchar(150) DEFAULT NULL,
  `folder_id` int(11) NOT NULL
) ENGINE=InnoDB  DEFAULT CHARSET=latin1 AUTO_INCREMENT=590 ;

--
-- Volcado de datos para la tabla `files`
--

INSERT INTO `files` (`id`, `name`, `name_file`, `folder_id`) VALUES
(1, 'GI7 Comunicado No. 001', 'GI7_COMUNICADO_NO._001.pdf', 39),
(2, 'GI7 Comunicado No. 002', 'GI7_COMUNICADO_NO._002.pdf', 39),
(3, 'GI7 Comunicado No. 003', 'GI7_COMUNICADO_NO._003.pdf', 39),
(4, 'GI7 Comunicado No. 004', 'GI7_COMUNICADO_NO._004.pdf', 39),
(5, 'GI7 Comunicado No. 005', 'GI7_COMUNICADO_NO._005.pdf', 39),
(6, 'GI7 Comunicado No. 006', 'GI7_COMUNICADO_NO._006.pdf', 39),
(7, 'GI7 Comunicado No. 007', 'GI7_COMUNICADO_NO._007.pdf', 39),
(8, 'GI7 Comunicado No. 008', 'GI7_COMUNICADO_NO._008.pdf', 39),
(9, 'GI7 Comunicado No. 009', 'GI7_COMUNICADO_NO._009.pdf', 39),
(10, 'GI7 Comunicado No. 010', 'GI7_COMUNICADO_NO._010.pdf', 39),
(11, 'GI7 Comunicado No. 011', 'GI7_COMUNICADO_NO._011.pdf', 39),
(12, 'GI7 Comunicado No. 013', 'GI7_COMUNICADO_NO._013.pdf', 39),
(13, 'GI7 Comunicado No. 014', 'GI7_COMUNICADO_NO._014.pdf', 39),
(14, 'GI7 Comunicado No. 015', 'GI7_COMUNICADO_NO._015.pdf', 39),
(15, 'GI7 REG001 Hoja de vida computadores', 'GI7-REG001_HOJA_DE_VIDA_DE_COMPUTADORES.pdf', 45),
(16, 'GI7 REG005 Formato sistematizaci', 'GI7-REG005_FORMATO_SISTEMATIZACION.pdf', 45),
(17, 'GI7 REG006 Solicitud actualizaci?n p?gina webx', 'GI7-REG006_SOLICITUD_ACTUALIZACION_DE_PAGINA_WEBx.pdf', 45),
(18, 'GI7 REG007 Comunicado gesti?n de la informaci', 'GI7-REG007_COMUNICADO_GESTION_DE_LA_INFORMACION.doc', 45),
(19, 'GI7 REG007 Comunicado gesti?n de la informaci', 'GI7-REG007_COMUNICADO_GESTION_DE_LA_INFORMACION.pdf', 45),
(20, 'GI7 REG009 Informe proceso gesti?n de la informaci', 'GI7-REG009_INFORME_PROCESO_GESTION_DE_LA_INFORMACION.pdf', 45),
(21, 'GI7 REG011 Entrega, asignaci?n y pr?stamo de equipos', 'GI7-REG011_ENTREGA,_ASIGNACION_Y_PRESTAMO_DE_EQUIPOS.pdf', 45),
(22, 'GI7 REG012 Solicitud de creaci?n de cursos y usuario moddle para instructores', 'GI7-REG012_SOLICITUD_CREACION_DE_CURSOS_Y_USUARIO_MOODLE_PARA_INSTRUCTORES.pdf', 45),
(23, 'GI7 REG013 Solicitud desarrollos sistema acad?mico', 'GI7-REG013_SOLICITUD_DE_DESARROLLOS_SISTEMA_ACADEMICO.pdf', 45),
(24, 'GI7 REG014 Revisi?n v?deos de seguridad', 'GI7-REG014_REVISION_VIDEOS_DE_SEGURIDAD.pdf', 45),
(25, 'GI7 REG017 Trabajos de dise', 'GI7-REG017_TRABAJOS_DE_DISE?O.pdf', 45),
(26, 'GI7 INS001 Instructivo asignaci?n de perfiles de usuario', 'GI7-INS001_INSTRUCTIVO_ASIGNACION_DE_PERFILES_DE_USUARIO.pdf', 40),
(27, 'GI7 INS002 Instructivo instalaci?n y configuraci?n de h y s', 'GI7-INS002_INSTRUCTIVO_INSTALACION_Y_CONFIGURACION_DE_H_Y_S.pdf', 40),
(28, 'GI7 DOC1 Politica de seguridad de la informaci?n rev1', 'GI7-DOC1_POLITICA_DE_SEGURIDAD_DE_LA_INFORMACION_REV1.pdf', 41),
(29, 'GI7 DOC2 Manual del usuario para el uso de tecnologias de la informaci', 'GI7-DOC2_MANUAL_DEL_USUARIO_PARA_EL_USO_DE_TECNOLOGIAS_DE_LA_INFORMACION.pdf', 41),
(30, 'GI7 DOC3 Manual de usuario panel de control notas', 'GI7-DOC3_MANUAL_DE_USUARIO_PANEL_DE_CONTROL_NOTAS.pdf', 41),
(31, 'GI7 DOC4 Manual de usuario ingreso de notas', 'GI7-DOC4_MANUAL_DE_USUARIO_INGRESO_DE_NOTAS.pdf', 41),
(32, 'GI7 DOC5 Manual SYSAID', 'GI7-DOC5_MANUAL_SYSAID.pdf', 41),
(33, 'GI7-PR11 Procedimiento seguridad de la informacion y registro en el sistema academico', 'GI7-PR11_PROCEDIMIENTO_SEGURIDAD_DE_LA_INFORMACION_Y_REGISTRO_EN_EL_SISTEMA_ACADEMICO.pdf', 43),
(34, 'GI7-PR14 Procedimiento control revision de videos de seguridad', 'GI7-PR14_PROCEDIMIENTO_CONTROL_REVISION_DE_VIDEOS_DE_SEGURIDAD.pdf', 43),
(35, 'GI7-PR16 Procedimiento para solicitud de artes graficas y publicitarias', 'GI7-PR16_PROCEDIMIENTO_PARA_SOLICITUD_DE_ARTES_GRAFICAS_Y_PUBLICITARIAS.pdf', 43),
(36, '021 Control de navegacion web', '021_CONTROL_DE_NAVEGACION_WEB.pdf', 44),
(37, 'Capacitacion admon voip', 'CAPACITACION_Admon_voip.pdf', 44),
(38, 'Configurar', 'configurar.avi', 44),
(39, 'Estadisticas', 'estadisticas.pps', 44),
(40, 'Formato Carta', 'Formato_Carta.dot', 44),
(41, 'Manual TICs', 'MANUAL_TICs.pdf', 44),
(42, 'CEI Identificacion', 'CEI_IDENTIFICACION.pdf', 65),
(43, 'Identificacion de red cei', 'Identificacion_de_Red_CEI.pdf', 65),
(44, 'Formato informe de resultados por proceso general GI7', 'FORMATO_INFORME_DE_RESULTADOS_POR_PROCESO-GENERAL_GI7.pdf', 66),
(45, 'GD1 Comunicado no. 190-2012', 'GD1_COMUNICADO_No._190-2012.pdf', 1),
(46, 'GD1 Comunicado no. 0001', 'GD1_COMUNICADO_No._0001.pdf', 1),
(47, 'GD1 Comunicado no. 0008', 'GD1_COMUNICADO_No._0008.jpg', 1),
(48, 'GD1 Comunicado no. 0013', 'GD1_COMUNICADO_No._0013.jpg', 1),
(49, 'GD1 Comunicado no. 0021', 'GD1_COMUNICADO_No._0021.jpg', 1),
(50, 'GD1 Comunicado no. 0046', 'GD1_COMUNICADO_No._0046.pdf', 1),
(51, 'GD1 Comunicado no. 0082', 'GD1_COMUNICADO_No._0082.pdf', 1),
(52, 'GD1 Comunicado no. 105', 'GD1_COMUNICADO_No._105.jpg', 1),
(53, 'GD1 Comunicado no. 106', 'GD1_COMUNICADO_No._106.pdf', 1),
(54, 'GD1 Comunicado no. 117', 'GD1_COMUNICADO_No._117.pdf', 1),
(55, 'GD1 Comunicado no. 119', 'GD1_COMUNICADO_No._119.pdf', 1),
(56, 'GD1 Comunicado no. 202', 'GD1_COMUNICADO_No._202.pdf', 1),
(57, 'GD1 Jornada electoral 2011', 'GD1_JORNADA_ELECTORAL_2011.pdf', 1),
(58, '1. Listado maestro de documentos gestion directiva', '1._LISTADO_MAESTRO_DE_DOCUMENTOS_GESTION_DIRECTIVA.pdf', 9),
(59, '1. Listado maestro de registros gestion directiva', '1._LISTADO_MAESTRO_DE_REGISTROS_GESTION_DIRECTIVA.pdf', 9),
(60, 'GD1-REG001 Comunicado gestion directiva', 'GD1-REG001_COMUNICADO_GESTION_DIRECTIVA.doc', 9),
(61, 'GD1-REG001 Comunicado gestion directiva', 'GD1-REG001_COMUNICADO_GESTION_DIRECTIVA.pdf', 9),
(62, 'GD1-REG002 Autorizacion y legalizacion para auxilios educativos administrativos', 'GD1-REG002_AUTORIZACION_Y_LEGALIZACION_PARA_AUXILIOS_EDUCATIVOS_ADMINISTRATIVOS.pdf', 9),
(63, 'GD1-REG003 Informe de resultados por proceso', 'GD1-REG003_INFORME_DE_RESULTADOS_POR_PROCESO.pdf', 9),
(64, 'GD1-REG004 Constancia de recibo de auxilio educativo a trabajadores y autorizacion de descuentos del', 'GD1-REG004_CONSTANCIA_DE_RECIBO_DE_AUXILIO_EDUCATIVO_A_TRABAJADORES_Y_AUTORIZACION_DE_DESCUENTOS_DEL_AUXILIO_EN_EL_EVENTO_DE_DESVINCULACION.pdf', 9),
(65, 'GD1-REG005 Formato revision por la direccion', 'GD1-REG005_FORMATO_REVISION_POR_LA_DIRECCION.pdf', 9),
(66, 'GD1-REG006 Evaluacion de politicas y objetivos institucionales', 'GD1-REG006_EVALUACION_DE_POLITICAS_Y_OBJETIVOS_INSTITUCIONALES.pdf', 9),
(67, 'GD1-REG007 Solicitud y entrega de conceptos juridicos', 'GD1-REG007_SOLICITUD_Y_ENTREGA_DE_CONCEPTOS_JURIDICOS.xlsx', 9),
(68, 'GD1-REG009 Cronograma semestral de actividades', 'GD1-REG009_CRONOGRAMA_SEMESTRAL_DE_ACTIVIDADES.pdf', 9),
(69, 'GD1-REG010 Acuerdo de confidencialidad', 'GD1-REG010_ACUERDO_DE_CONFIDENCIALIDAD.pdf', 9),
(70, 'GD1-REG011 Control y supervision de contenidos', 'GD1-REG011_CONTROL_Y_SUPERVISION_DE_CONTENIDOS.pdf', 9),
(71, 'GD1-REG012 Matriz legal', 'GD1-REG012_MATRIZ_LEGAL.pdf', 9),
(72, 'GD1-INS001 Plan de gestion anual', 'GD1-INS001_PLAN_DE_GESTION_ANUAL.pdf', 2),
(73, 'GD1-INS002 Entrega de resultados', 'GD1-INS002_ENTREGA_DE_RESULTADOS.pdf', 2),
(74, 'GD1-INS003 Acceder al beneficio de auxilios educativos para el personal', 'GD1-INS003_ACCEDER_AL_BENEFICIO_DE_AUXILIOS_EDUCATIVOS_PARA_EL_PERSONAL.pdf', 2),
(75, 'GD1-MGPP Manual general de procesos y procedimientos', 'GD1-MGPP_MANUAL_GENERAL_DE_PROCESOS_Y_PROCEDIMIENTOS.pdf', 3),
(76, 'articulos1', 'articulos1.jpg', 4),
(77, 'articulos2', 'articulos2.jpg', 4),
(78, 'boeing a?o complacido', 'boeing_ano_complacido.jpg', 4),
(79, 'boeing2', 'boeing2.jpg', 4),
(80, 'boom petrolero', 'boom_petrolero.jpg', 4),
(81, 'competencia aerea', 'competencia_aerea.jpg', 4),
(82, 'embraer1', 'embraer1.jpg', 4),
(83, 'embraer2', 'embraer2.jpg', 4),
(84, 'motores1', 'motores1.jpg', 4),
(85, 'motores2', 'motores2.jpg', 4),
(86, 'noticia efromovich', 'noticia_efromovich.jpg', 4),
(87, 'noticia satena', 'noticia_satena.jpg', 4),
(88, 'pio', 'pio.pdf', 4),
(89, 'transporte aereo', 'transporte_aereo.jpg', 4),
(90, '1 Listado maestro de documentos gesti?n directiva', '1_LISTADO_MAESTRO_DE_DOCUMENTOS_GESTION_DIRECTIVA.pdf', 5),
(91, '1 Listado maestro de registros gesti?n directiva', '1_LISTADO_MAESTRO_DE_REGISTROS_GESTION_DIRECTIVA.pdf', 5),
(92, '1 Listado maestro de documentos gesti?n directiva', '1_PROCEDIMIENTO_PARA_REALIZAR_LA_REVISI?N_POR_LA_DIRECCI?N_(2).pdf', 6),
(93, '1 Listado maestro de registros gesti?n directiva', '3_PROCEDIMIENTO_SOLICITUD_Y_ENTREGA_DE_CONCEPTOS_JURIDICOS.pdf', 6),
(94, 'GD1-RES1 RESOLUCION DIRECCION GENERAL', 'GD1-RES1_RESOLUCION_DIRECCION_GENERAL.pdf', 7),
(95, 'GD1-RES1 RESOLUCION DIRECCION GENERAL', 'PLANTILLA_PRESENTACION_RESULTADOS.pptx', 8),
(96, '1 Listado maestro de registros gesti?n directiva', 'REGLAMENTO_INTERNO_DE_TRABAJO_DE_CORPORACION_EDUCATIVA_INDOAMERICANA_LIMITADA.pdf', 8),
(97, 'Listado maestro de documentos externos', 'LISTADO_MAESTRO_DE_DOCUMENTOS_EXTERNOS.pdf', 16),
(98, 'Sgc2-reg004 Peticiones quejas y reclamos', 'SGC2-REG004_PETICIONES_QUEJAS_Y_RECLAMOS.pdf', 16),
(99, 'Sgc2-reg005 Seguimiento a peticiones quejas y reclamos', 'SGC2-REG005_SEGUIMIENTO_A_PETICIONES_QUEJAS_Y_RECLAMOS.pdf', 16),
(100, 'Sgc2-reg006 Informe proceso gestion calidad', 'SGC2-REG006_INFORME_PROCESO_GESTION_CALIDAD.pdf', 16),
(101, 'Sgc2-reg007 Programa de auditoria', 'SGC2-REG007_PROGRAMA_DE_AUDITORIA.pdf', 16),
(102, 'Sgc2-reg008 Plan de auditoria', 'SGC2-REG008_PLAN_DE_AUDITORIA.pdf', 16),
(103, 'Sgc2-reg009 Comunicado del equipo de gestion calidad', 'SGC2-REG009_COMUNICADO_DEL_EQUIPO_DE_GESTION_CALIDAD.pdf', 16),
(104, 'Sgc2-reg010 Acta de reunion del equipo de gestion de la calidad', 'SGC2-REG010_ACTA_DE_REUNION_DEL_EQUIPO_DE_GESTION_DE_LA_CALIDAD.pdf', 16),
(105, 'Sgc2-reg011 Informe de auditoria', 'SGC2-REG011_INFORME_DE_AUDITORIA.pdf', 16),
(106, 'Sgc2-reg012 Encuestas talleres y evaluaciones de gestion de la calidad', 'SGC2-REG012_ENCUESTAS_TALLERES_Y_EVALUACIONES_DE_GESTION_DE_LA_CALIDAD.pdf', 16),
(107, 'Sgc2-reg013 Reporte de no conformidades', 'SGC2-REG013_REPORTE_DE_NO_CONFORMIDADES.pdf', 16),
(108, 'Sgc2-reg014 Analisis de causas', 'SGC2-REG014_ANALISIS_DE_CAUSAS.pdf', 16),
(109, 'Sgc2-reg015 Control para prestamo de documentos', 'SGC2-REG015_CONTROL_PARA_PRESTAMO_DE_DOCUMENTOS.pdf', 16),
(110, 'Sgc2-reg016 Reporte de acciones correctivas y o preventivas', 'SGC2-REG016_REPORTE_DE_ACCIONES_CORRECTIVAS_Y_O_PREVENTIVAS.pdf', 16),
(111, 'Sgc2-reg017 Plan de accion', 'SGC2-REG017_PLAN_DE_ACCION.pdf', 16),
(112, 'Sgc2-reg018 Hoja del indicador', 'SGC2-REG018_HOJA_DEL_INDICADOR.pdf', 16),
(113, 'Sgc2-reg019 Revision documental', 'SGC2-REG019_REVISION_DOCUMENTAL.pdf', 16),
(114, 'Sgc2-reg020 Lista de verificacion', 'SGC2-REG020_LISTA_DE_VERIFICACION.pdf', 16),
(115, 'Sgc2-reg021 Autoevaluacion del sistema de gestion de la calidad', 'SGC2-REG021_AUTOEVALUACION_DEL_SISTEMA_DE_GESTION_DE_LA_CALIDAD.pdf', 16),
(116, 'Informe auditoria seguimiento confecciones braylib', 'INFORME_AUDITORIA_SEGUIMIENTO_CONFECCIONES_BRAYLIB.pdf', 67),
(117, 'Sgc2 mcmanual de la calidad indoamericana ultima revision', 'SGC2_MCMANUAL_DE_LA_CALIDAD_INDOAMERICANA_ULTIMA_REVISION.pdf', 12),
(118, '1. Listado maestro registros gestion directiva', 'listados_maestros', 68),
(119, '2. Listado maestro de registros gestion calidad', 'listados_maestros', 68),
(120, '4. Listado maestro registros bienestar institucional', 'listados_maestros', 68),
(121, '7. Listado maestro registros gestion informacion', 'listados_maestros', 68),
(122, '8. Listado maestro registros salud ocupacional', 'listados_maestros', 68),
(123, '9. Listado maestro registros gestion seguridad operacional', 'listados_maestros', 68),
(124, 'Listado maestro de documentos radicados ante la uaeac', 'listados_maestros', 68),
(125, 'Sgc2-doc4 politica para la emision y control de documentos de la institucion', 'SGC2-DOC4_POLITICA_PARA_LA_EMISION_Y_CONTROL_DE_DOCUMENTOS_DE_LA_INSTITUCION.pdf', 14),
(126, 'Sgc2-pr1 Procedimiento para la capacitacion al personal sobre el sgc', 'SGC2-PR1_PROCEDIMIENTO_PARA_LA_CAPACITACION_AL_PERSONAL_SOBRE_EL_SGC.pdf', 14),
(127, 'Sgc2-pr2 Procedimiento de auditoria interna', 'SGC2-PR2_PROCEDIMIENTO_DE_AUDITORIA_INTERNA.pdf', 15),
(128, 'Sgc2-pr3 Procedimiento acciones correctivas', 'SGC2-PR3_PROCEDIMIENTO_ACCIONES_CORRECTIVAS.pdf', 15),
(129, 'Sgc2-pr4 Procedimiento acciones preventivas', 'SGC2-PR4_PROCEDIMIENTO_ACCIONES_PREVENTIVAS.pdf', 15),
(130, 'Sgc2-pr5 Procedimiento para el control de documentos', 'SGC2-PR5_PROCEDIMIENTO_PARA_EL_CONTROL_DE_DOCUMENTOS.pdf', 15),
(131, 'Sgc2-pr6 Procedimiento para el control de registros', 'SGC2-PR6_PROCEDIMIENTO_PARA_EL_CONTROL_DE_REGISTROS.pdf', 15),
(132, 'Sgc2-pr7 Procedimiento de peticiones, quejas y reclamos', 'SGC2-PR7_PROCEDIMIENTO_DE_PETICIONES,_QUEJAS_Y_RECLAMOS.pdf', 15),
(133, 'Sgc2-pr8 Procedimiento para el control del producto y servicio no conforme', 'SGC2-PR8_PROCEDIMIENTO_PARA_EL_CONTROL_DEL_PRODUCTO_Y_SERVICIO_NO_CONFORME.pdf', 15),
(134, 'Sgc2-pr9 Procedimiento para el seguimiento y la medicion del sgc', 'SGC2-PR9_PROCEDIMIENTO_PARA_EL_SEGUIMIENTO_Y_LA_MEDICION_DEL_SGC.pdf', 15),
(135, 'comunicado 59', 'COMUNICADO_59.pdf', 69),
(136, 'GA3 Comunicado no. 02', 'GA3_COMUNICADO_NO._02.pdf', 69),
(137, 'GA3 Comunicado no. 21', 'GA3_COMUNICADO_NO._21.pdf', 69),
(138, 'GA3 Comunicado no. 08', 'GA3_COMUNICADO_NO._08.jpg', 70),
(139, 'GA3 Comunicado no. 15', 'GA3_COMUNICADO_NO._15.jpg', 70),
(140, 'GA3 Comunicado no. 19', 'GA3_COMUNICADO_NO._19.jpg', 70),
(141, 'GA3 Comunicado no. 27', 'GA3_COMUNICADO_NO._27.jpg', 70),
(142, 'GA3 Comunicado no. 28', 'GA3_COMUNICADO_NO._28.jpg', 70),
(143, 'GA3 Comunicado no. 35', 'GA3_COMUNICADO_NO._35.jpg', 70),
(144, 'GA3 Comunicado no. 38', 'GA3_COMUNICADO_NO._38.jpg', 70),
(145, 'GA3 Comunicado no. 51', 'GA3_COMUNICADO_NO._51.pdf', 70),
(146, 'GA3 Comunicado no. 58', 'GA3_COMUNICADO_NO._58.jpg', 70),
(147, 'GA3 Comunicado no. 63', 'GA3_COMUNICADO_NO._63.jpg', 70),
(148, 'GA3 Comunicado no. 64', 'GA3_COMUNICADO_NO._64.jpg', 70),
(149, 'GA3 Comunicado no. 32', 'GA3_COMUNICADO_NO._32.jpg', 71),
(150, 'GA3 Comunicado no. 37', 'GA3_COMUNICADO_NO._37.jpg', 71),
(151, 'GA3 Comunicado no. 48', 'GA3_COMUNICADO_NO._48.JPG', 71),
(152, 'Listado maestro de documentos', '3._LISTADO_MAESTRO_DE_DOCUMENTOS.pdf', 22),
(153, 'GA3-REG001 Formulario de inscripcion aspirantes', 'GA3-REG001._FORMULARIO_DE_INSCRIPCION_ASPIRANTES.pdf', 22),
(154, 'GA3-REG002 Examen medico de admision', 'GA3-REG002_EXAMEN_MEDICO_DE_ADMISION.pdf', 22),
(155, 'GA3-REG003 Solicitud y politicas de aplazamiento academico', 'GA3-REG003_SOLICITUD_Y_POLITICAS_DE_APLAZAMIENTO_ACADEMICO.pdf', 22),
(156, 'GA3-REG004 Compromiso para la radicacion de documentos de documentos de inscripcion pendientes', 'GA3-REG004_COMPROMISO_PARA_LA_RADICACION_DE_DOCUMENTOS_DE_DOCUMENTOS_DE_INSCRIPCION_PENDIENTES.pdf', 22),
(157, 'GA3-REG005 Examen de admision tla, tlah, teei, dpa. hoja de respuestas', 'GA3-REG005_EXAMEN_DE_ADMISION_TLA,_TLAH,_TEEI,_DPA._HOJA_DE_RESPUESTAS.pdf', 22),
(158, 'GA3-REG006 Examen de admision asa, ala, ata hoja de respuestas', 'GA3-REG006_EXAMEN_DE_ADMISION_ASA,_ALA,_ATA_HOJA_DE_RESPUESTAS.pdf', 22),
(159, 'GA3-REG007 Entrevista', 'GA3-REG007_ENTREVISTA.pdf', 22),
(160, 'GA3-REG008 Solicitud homologacion y reintegro', 'GA3-REG008_SOLICITUD_HOMOLOGACION_Y_REINTEGRO.pdf', 22),
(161, 'GA3-REG009 Disponibilidad de instructores', 'GA3-REG009_DISPONIBILIDAD_DE_INSTRUCTORES.pdf', 22),
(162, 'GA3-REG010 Horario de clase', 'GA3-REG010_HORARIO_DE_CLASE.pdf', 22),
(163, 'GA3-REG011 Control de clase', 'GA3-REG011_CONTROL_DE_CLASE.pdf', 22),
(164, 'GA3-REG012 Informe proceso gestion academica', 'GA3-REG012_INFORME_PROCESO_GESTION_ACADEMICA.pdf', 22),
(165, 'GA3-REG013 Control de asistencia', 'GA3-REG013_CONTROL_DE_ASISTENCIA.pdf', 22),
(166, 'GA3-REG014 Reporte de notas', 'GA3-REG014_REPORTE_DE_NOTAS.pdf', 22),
(167, 'GA3-REG015 Guia de matricula', 'GA3-REG015_GUIA_DE_MATRICULA.pdf', 22),
(168, 'GA3-REG016 Paz y salvo final para instructores', 'GA3-REG016_PAZ_Y_SALVO_FINAL_PARA_INSTRUCTORES.pdf', 22),
(169, 'GA3-REG017 Solicitud de excusa o permiso', 'GA3-REG017_SOLICITUD_DE_EXCUSA_O_PERMISO.pdf', 22),
(170, 'GA3-REG018 Informe ocsa-06', 'GA3-REG018_INFORME_OCSA-06.pdf', 22),
(171, 'GA3-REG019 Apertura curso programa educacion continuada', 'GA3-REG019_APERTURA_CURSO_PROGRAMA_EDUCACION_CONTINUADA.pdf', 22),
(172, 'GA3-REG020 Formulario de inscripcion programa educacion continuada', 'GA3-REG020._FORMULARIO_DE_INSCRIPCION_PROGRAMA_EDUCACION_CONTINUADA.pdf', 22),
(173, 'GA3-REG021 Conducta de entrada programa educacion continuada', 'GA3-REG021_CONDUCTA_DE_ENTRADA_PROGRAMA_EDUCACION_CONTINUADA.pdf', 22),
(174, 'GA3-REG022 Control de clases programa educacion continuada', 'GA3-REG022._CONTROL_DE_CLASES_PROGRAMA_EDUCACION_CONTINUADA.pdf', 22),
(175, 'GA3-REG023 Evaluacion del impacto programa educacion continuada', 'GA3-REG023_EVALUACION_DEL_IMPACTO_PROGRAMA_EDUCACION_CONTINUADA.pdf', 22),
(176, 'GA3-REG024 Informe final programa educacion continuada', 'GA3-REG024._INFORME_FINAL_PROGRAMA_EDUCACION_CONTINUADA.pdf', 22),
(177, 'GA3-REG025 Orden de matricula', 'GA3-REG025_ORDEN_DE_MATRICULA.pdf', 22),
(178, 'GA3-REG026 Solicitud de auxilio educativo', 'GA3-REG026_SOLICITUD_DE_AUXILIO_EDUCATIVO.pdf', 22),
(179, 'GA3-REG027 Compromiso de rendimiento academico para estudiantes con auxilio educativo', 'GA3-REG027_COMPROMISO_DE_RENDIMIENTO_ACADEMICO_PARA_ESTUDIANTES_CON_AUXILIO_EDUCATIVO.pdf', 22),
(180, 'GA3-REG028 Solicitud de certificados, diplomas y actas - copia', 'GA3-REG028_SOLICITUD_DE_CERTIFICADOS,_DIPLOMAS_Y_ACTAS_-_copia.pdf', 22),
(181, 'GA3-REG029 Control de prestamo', 'GA3-REG029_CONTROL_DE_PRESTAMO.pdf', 22),
(182, 'GA3-REG030 Acta De Programaci?n Y Confirmaci?n Del Cumplimiento Novedad Horas De Clase', 'GA3-REG030 _ACTA_DE_PROGRAMACI?N_Y_CONFIRMACI?N_DEL_CUMPLIMIENTO_NOVEDAD_HORAS_DE_CLASE.pdf', 22),
(183, 'GA3-REG031 Prestamo de herramientas a estudiantes', 'GA3-REG031_PRESTAMO_DE_HERRAMIENTAS_A_ESTUDIANTES.pdf', 22),
(184, 'GA3-REG032 Prestamo de herramientas a instructores', 'GA3-REG032_PRESTAMO_DE_HERRAMIENTAS_A_INSTRUCTORES.pdf', 22),
(185, 'GA3-REG033 Prestamo de laboratorio o talleres', 'GA3-REG033_PRESTAMO_DE_LABORATORIO_O_TALLERES.pdf', 22),
(186, 'GA3-REG034 Reserva de talleres', 'GA3-REG034_RESERVA_DE_TALLERES.pdf', 22),
(187, 'GA3-REG035 Plan de leccion', 'GA3-REG035_PLAN_DE_LECCION.pdf', 22),
(188, 'GA3-REG036 Prestamo kit de remachado', 'GA3-REG036_PRESTAMO_KIT_DE_REMACHADO.pdf', 22),
(189, 'GA3-REG037 Acta de reunion para elegir al representante de curso', 'GA3-REG037_ACTA_DE_REUNION_PARA_ELEGIR_AL_REPRESENTANTE_DE_CURSO.pdf', 22),
(190, 'GA3-REG038 Instructor aprendiz', 'GA3-REG038_INSTRUCTOR_APRENDIZ.pdf', 22),
(191, 'GA3-REG039 Compromiso parametros estudiantiles rev. 3', 'GA3-REG039_COMPROMISO_PARAMETROS_ESTUDIANTILES_REV._3.pdf', 22),
(192, 'GA3-REG040 Contrato de matricula revision 5', 'GA3-REG040_CONTRATO_DE_MATRICULA_REVISION_5.pdf', 22),
(193, 'GA3-REG041 Compromiso responsabilidad estudiantil rev 1', 'GA3-REG041_COMPROMISO_RESPONSABILIDAD_ESTUDIANTIL_REV_1.pdf', 22),
(194, 'GA3-REG042 Hoja de vida instructores', 'GA3-REG042_HOJA_DE_VIDA_INSTRUCTORES.pdf', 22),
(195, 'GA3-REG043 Ficha tecnica de equipos', 'GA3-REG043_FICHA_TECNICA_DE_EQUIPOS.pdf', 22),
(196, 'GA3-REG044 Solicitud certificados para instructores', 'GA3-REG044_SOLICITUD_CERTIFICADOS_PARA_INSTRUCTORES.pdf', 22),
(197, 'GA3-REG045 Inclusion al seguro estudiantil', 'GA3-REG045_INCLUSION_AL_SEGURO_ESTUDIANTIL.pdf', 22),
(198, 'GA3-REG046 Solicitud visita avion dc9', 'GA3-REG046_SOLICITUD_VISITA_AVION_DC9.pdf', 22),
(199, 'GA3-REG047 Practicas avion', 'GA3-REG047_PRACTICAS_AVION.pdf', 22),
(200, 'GA3-REG048 Evaluacion de desempeno para instructores', 'GA3-REG048_EVALUACION_DE_DESEMPENO_PARA_INSTRUCTORES.pdf', 22),
(201, 'GA3-REG048 Evaluacion de desempe?o para instructores', 'GA3-REG048_EVALUACION_DE_DESEMPE?O_PARA_INSTRUCTORES.pdf', 22),
(202, 'GA3-REG049 Inscripcion vitrina aeronautica', 'GA3-REG049_INSCRIPCION_VITRINA_AERONAUTICA.pdf', 22),
(203, 'GA3-REG050 Contrato instructores  rev 5.', 'GA3-REG050_CONTRATO_INSTRUCTORES_REV_5..pdf', 22),
(204, 'GA3-REG051 Examen de conocimientos a estudiantes', 'GA3-REG051_EXAMEN_DE_CONOCIMIENTOS_A_ESTUDIANTES.pdf', 22),
(205, 'GA3-REG052 Registro de expedicion y entrega de certificados y constancias academicas', 'GA3-REG052_REGISTRO_DE_EXPEDICION_Y_ENTREGA_DE_CERTIFICADOS_Y_CONSTANCIAS_ACADEMICAS.pdf', 22),
(206, 'GA3-REG053 Asignacion academica', 'GA3-REG053_ASIGNACION_ACADEMICA.pdf', 22),
(207, 'GA3-REG054 Entrevista grupal', 'GA3-REG054_ENTREVISTA_GRUPAL.pdf', 22),
(208, 'GA3-REG055 Listado de herramientas', 'GA3-REG055_LISTADO_DE_HERRAMIENTAS.pdf', 22),
(209, 'GA3-REG056 Compromiso ingreso como asistente', 'GA3-REG056_COMPROMISO_INGRESO_COMO_ASISTENTE.pdf', 22),
(210, 'GA3-REG057 Relacion de solicitud de visitas pedagogicas', 'GA3-REG057._RELACION_DE_SOLICITUD_DE_VISITAS_PEDAGOGICAS.pdf', 22),
(211, 'GA3-REG058 Revision escalafon docente', 'GA3-REG058_REVISION_ESCALAFON_DOCENTE.pdf', 22),
(212, 'GA3-REG059 Legalizacion de examenes teoricos', 'GA3-REG059_LEGALIZACION_DE_EXAMENES_TEORICOS.pdf', 22),
(213, 'GA3-REG060 Listado y control de requisitos de los instructores', 'GA3-REG060_LISTADO_Y_CONTROL_DE_REQUISITOS_DE_LOS_INSTRUCTORES.pdf', 22),
(214, 'GA3-REG061 Carta de autorizacion para presentacion de examen medico de las auxiliares asa', 'GA3-REG061_CARTA_DE_AUTORIZACION_PARA_PRESENTACION_DE_EXAMEN_MEDICO_DE_LAS_AUXILIARES_ASA.pdf', 22),
(215, 'GA3-REG062 Solicitud de salidas pedagogicas', 'GA3-REG062_SOLICITUD_DE_SALIDAS_PEDAGOGICAS.pdf', 22),
(216, 'GA3-REG063 Excusa o permiso por inasistencia capacitacion cruz roja', 'GA3-REG063_EXCUSA_O_PERMISO_POR_INASISTENCIA_CAPACITACION_CRUZ_ROJA.pdf', 22),
(217, 'GA3-REG064 Modificacion al contrato instructores otrosi', 'GA3-REG064_MODIFICACION_AL_CONTRATO_INSTRUCTORES_OTROSI.pdf', 22),
(218, 'GA3-REG065 Prestamo laboratorio de ingles', 'GA3-REG065_PRESTAMO_LABORATORIO_DE_INGLES.pdf', 22),
(219, 'GA3-REG066 Solicitud de manuales de direccion academica', 'GA3-REG066_SOLICITUD_DE_MANUALES_DE_DIRECCION_ACADEMICA.pdf', 22),
(220, 'GA3-REG067 Control de asistencia eventos programados por gestion academica', 'GA3-REG067_CONTROL_DE_ASISTENCIA_EVENTOS_PROGRAMADOS_POR_GESTION_ACADEMICA.pdf', 22),
(221, 'GA3-REG068 Otrosi casos especiales', 'GA3-REG068_OTROSI_CASOS_ESPECIALES.pdf', 22),
(222, 'GA3-REG069 Auditoria interna a instructores', 'GA3-REG069_AUDITORIA_INTERNA_A_INSTRUCTORES.pdf', 22),
(223, 'GA3-REG070 Sanciones', 'GA3-REG070_SANCIONES.pdf', 22),
(224, 'GA3-REG071 Relacion de entrega de documentos a secretaria academica', 'GA3-REG071_RELACION_DE_ENTREGA_DE_DOCUMENTOS_A_SECRETARIA_ACADEMICA.pdf', 22),
(225, 'GA3-REG072 Comunicado gestion academica', 'GA3-REG072_COMUNICADO_GESTION_ACADEMICA.pdf', 22),
(226, 'GA3-REG073 Programacion de actividades semanales', 'GA3-REG073_PROGRAMACION_DE_ACTIVIDADES_SEMANALES.pdf', 22),
(227, 'GA3-REG074 Reporte de recuperaciones', 'GA3-REG074_REPORTE_DE_RECUPERACIONES.pdf', 22),
(228, 'GA3-REG075 Encuesta para representantes de curso', 'GA3-REG075_ENCUESTA_PARA_REPRESENTANTES_DE_CURSO.pdf', 22),
(229, 'GA3-REG076 Encuesta de necesidades de formacion', 'GA3-REG076_ENCUESTA_DE_NECESIDADES_DE_FORMACION.pdf', 22),
(230, 'GA3-REG077 Acta de reunion gestion academica', 'GA3-REG077_ACTA_DE_REUNION_GESTION_ACADEMICA.pdf', 22),
(231, 'GA3-REG080 Inventario biblioteca talleres y laboratorios', 'GA3-REG080_INVENTARIO_BIBLIOTECA_TALLERES_Y_LABORATORIOS.pdf', 22),
(232, 'GA3-REG081 Autoevaluacion de instructores', 'GA3-REG081_AUTOEVALUACION_DE_INSTRUCTORES.pdf', 22),
(233, 'GA3-REG084 Control de inasistencia de instructores', 'GA3-REG084_CONTROL_DE_INASISTENCIA_DE_INSTRUCTORES.pdf', 22),
(234, 'GA3-REG085 Manifiesto y exoneracion de responsabilidades programa asa', 'GA3-REG085_MANIFIESTO_Y_EXONERACION_DE_RESPONSABILIDADES_PROGRAMA_ASA.pdf', 22),
(235, '1. GA3-INS001 Instructivo seleccion y reunion de instructores', '1._GA3-INS001_INSTRUCTIVO_SELECCION_Y_REUNION_DE_INSTRUCTORES.pdf', 18),
(236, '2. GA3-INS002 Instructivo programa instructor aprendiz', '2._GA3-INS002_INSTRUCTIVO_PROGRAMA_INSTRUCTOR_APRENDIZ.pdf', 18),
(237, '3. GA3-INS003 Instructivo plan de leccion', '3._GA3-INS003_INSTRUCTIVO_PLAN_DE_LECCION.pdf', 18),
(238, '4. GA3-INS004 Instructivo control de clase', '4._GA3-INS004_INSTRUCTIVO_CONTROL_DE_CLASE.pdf', 18),
(239, '5. GA3-INS005. Instructivo para el uso del laboratorio de electronica', '5._GA3-INS005._INSTRUCTIVO_PARA_EL_USO_DEL_LABORATORIO_DE_ELECTRONICA.pdf', 18),
(240, '6. GA3-INS006. Instructivo para el uso del taller de helices', '6._GA3-INS006._INSTRUCTIVO_PARA_EL_USO_DEL_TALLER_DE_HELICES.pdf', 18),
(241, '7. GA3-INS007. Instructivo para el uso del taller de estructuras', '7._GA3-INS007._INSTRUCTIVO_PARA_EL_USO_DEL_TALLER_DE_ESTRUCTURAS.pdf', 18),
(242, '8. GA3-INS008. Instructivo para el uso del taller de hidraulica', '8._GA3-INS008._INSTRUCTIVO_PARA_EL_USO_DEL_TALLER_DE_HIDRAULICA.pdf', 18),
(243, '9. GA3-INS009. Instructivo para el uso del taller de comunicaciones', '9._GA3-INS009._INSTRUCTIVO_PARA_EL_USO_DEL_TALLER_DE_COMUNICACIONES.pdf', 18),
(244, 'GA3-INS010. Instructivo para el uso de los talleres de ajustes', 'GA3-INS010._INSTRUCTIVO_PARA_EL_USO_DE_LOS_TALLERES_DE_AJUSTES.pdf', 18),
(245, 'GA3-INS011. Instructivo para el uso del taller de instrumentos', 'GA3-INS011._INSTRUCTIVO_PARA_EL_USO_DEL_TALLER_DE_INSTRUMENTOS.pdf', 18),
(246, 'GA3-INS012. Instructivo para el uso del taller de motores reciprocos', 'GA3-INS012._INSTRUCTIVO_PARA_EL_USO_DEL_TALLER_DE_MOTORES_RECIPROCOS.pdf', 18),
(247, 'GA3-INS013. Instructivo para el uso del taller de soldaduras n 1', 'GA3-INS013._INSTRUCTIVO_PARA_EL_USO_DEL_TALLER_DE_SOLDADURAS_N_1.pdf', 18),
(248, 'GA3-INS014. Instructivo para el uso del taller de electricidad', 'GA3-INS014._INSTRUCTIVO_PARA_EL_USO_DEL_TALLER_DE_ELECTRICIDAD.pdf', 18),
(249, 'GA3-INS015. Instructivo para el uso del taller de componentes dinamicos', 'GA3-INS015._INSTRUCTIVO_PARA_EL_USO_DEL_TALLER_DE_COMPONENTES_DINAMICOS.pdf', 18),
(250, 'GA3-INS015. Instructivo para el uso del taller de soldaduras n 2', 'GA3-INS015._INSTRUCTIVO_PARA_EL_USO_DEL_TALLER_DE_SOLDADURAS_N_2.pdf', 18),
(251, 'Manual general de directivas de instruccion', 'MANUAL_GENERAL_DE_DIRECTIVAS_DE_INSTRUCCION.pdf', 19),
(252, '1. GA3-PR1. Procedimiento para la planeacion y programacion de cursos regulares', '1._GA3-PR1._PROCEDIMIENTO_PARA_LA_PLANEACION_Y_PROGRAMACION_DE_CURSOS_REGULARES.pdf', 21),
(253, '2. GA3-PR2. Procedimiento para la inscripcion, admision y matricula', '2._GA3-PR2._PROCEDIMIENTO_PARA_LA_INSCRIPCION,_ADMISION_Y_MATRICULA.pdf', 21),
(254, '3. GA3-PR3. Procedimiento de entrega de informes ocsa-06 rev 3', '3._GA3-PR3._PROCEDIMIENTO_DE_ENTREGA_DE_INFORMES_OCSA-06_rev_3.pdf', 21),
(255, '4. GA3-PR4. Procedimiento educacion continuada', '4._GA3-PR4._PROCEDIMIENTO_EDUCACION_CONTINUADA.pdf', 21),
(256, '5. GA3-PR5. Procedimiento para la homologacion y reintegro', '5._GA3-PR5._PROCEDIMIENTO_PARA_LA_HOMOLOGACION_Y_REINTEGRO.pdf', 21),
(257, '6. GA3-PR6. Procedimiento para otorgar auxilios educativos a los estudiantes', '6._GA3-PR6._PROCEDIMIENTO_PARA_OTORGAR_AUXILIOS_EDUCATIVOS_A_LOS_ESTUDIANTES.pdf', 21),
(258, '7. GA3-PR7. Procedimiento para la expedicion de certificados, constancias, actas  y diplomas', '7._GA3-PR7._PROCEDIMIENTO_PARA_LA_EXPEDICION_DE_CERTIFICADOS,_CONSTANCIAS,_ACTAS__Y_DIPLOMAS.pdf', 21),
(259, '8. GA3-PR8. Procedimiento para prestamo de elementos de talleres y laboratorios', '8._GA3-PR8._PROCEDIMIENTO_PARA_PRESTAMO_DE_ELEMENTOS_DE_TALLERES_Y_LABORATORIOS.pdf', 21),
(260, '9. GA3-PR9. Procedimiento catalogacion y clasificacion material bibliografico', '9._GA3-PR9._PROCEDIMIENTO_CATALOGACION_Y_CLASIFICACION_MATERIAL_BIBLIOGRAFICO.pdf', 21),
(261, 'GA3-PR10. Procedimiento prestamo de material bibliografico', 'GA3-PR10._PROCEDIMIENTO_PRESTAMO_DE_MATERIAL_BIBLIOGRAFICO.pdf', 21),
(262, 'GA3-PR11. Procedimiento para realizar el protocolo de certificacion', 'GA3-PR11._PROCEDIMIENTO_PARA_REALIZAR_EL_PROTOCOLO_DE_CERTIFICACION.pdf', 21),
(263, 'GA3-PR12. Procedimiento para realizar el control de clase', 'GA3-PR12._PROCEDIMIENTO_PARA_REALIZAR_EL_CONTROL_DE_CLASE.pdf', 21),
(264, 'GA3-PR13. Procedimiento para controlar las inasistencias y recuperaciones a los instructores', 'GA3-PR13._PROCEDIMIENTO_PARA_CONTROLAR_LAS_INASISTENCIAS_Y_RECUPERACIONES_A_LOS_INSTRUCTORES.pdf', 21),
(265, 'GA3-PR14. Procedimiento para la actualizacion de directivas de instruccion', 'GA3-PR14._PROCEDIMIENTO_PARA_LA_ACTUALIZACION_DE_DIRECTIVAS_DE_INSTRUCCION.pdf', 21),
(266, 'GA3-PR15. Procedimiento para la realizacion de la capacitacion con cruz roja', 'GA3-PR15._PROCEDIMIENTO_PARA_LA_REALIZACION_DE_LA_CAPACITACION_CON_CRUZ_ROJA.pdf', 21),
(267, 'GA3-PR16.  Procedimiento para la realizacion de convenios practicas y pasantias', 'GA3-PR16.__PROCEDIMIENTO_PARA_LA_REALIZACION_DE_CONVENIOS_PRACTICAS_Y_PASANTIAS.pdf', 21),
(268, 'GA3-PR17. Procedimiento prestamo de material audiovisual', 'GA3-PR17._PROCEDIMIENTO_PRESTAMO_DE_MATERIAL_AUDIOVISUAL.pdf', 21),
(269, 'GA3-PR18. Procedimiento para la realizacion de contratos', 'GA3-PR18._PROCEDIMIENTO_PARA_LA_REALIZACION_DE_CONTRATOS.pdf', 21),
(270, 'GA3-PR19. Procedimiento para actualizacion y publicacion del reglamento', 'GA3-PR19._PROCEDIMIENTO_PARA_ACTUALIZACION_Y_PUBLICACION_DEL_REGLAMENTO.pdf', 21),
(271, 'GA3-PR20. Procedimiento formacion de instructores aprendices', 'GA3-PR20._PROCEDIMIENTO_FORMACION_DE_INSTRUCTORES_APRENDICES.pdf', 21),
(272, 'GA3-PR21. Procedimiento para el manejo de archivo academico', 'GA3-PR21._PROCEDIMIENTO_PARA_EL_MANEJO_DE_ARCHIVO_ACADEMICO.pdf', 21),
(273, 'GA3-PR23. Procedimiento verificacion y reposicion de herramientas y componentes', 'GA3-PR23._PROCEDIMIENTO_VERIFICACION_Y_REPOSICION_DE_HERRAMIENTAS_Y_COMPONENTES.pdf', 21),
(274, 'Calendario academico estudiantes i-2013', 'CALENDARIO_ACADEMICO_ESTUDIANTES_I-2013.pdf', 20),
(275, 'Calendario academico estudiantes ii-2012', 'CALENDARIO_ACADEMICO_ESTUDIANTES_II-2012.pdf', 20),
(276, 'comunicado_001-2013_normativo', 'COMUNICADO_001-2013_NORMATIVO.pdf', 10),
(277, 'Ntc 5555', 'NTC_5555.pdf', 11),
(278, 'Ntc iso 9001 2008 requisitos minimos', 'NTC_ISO_9001_2008_REQUISITOS_MINIMOS.pdf', 11),
(279, 'Ntc-iso10005 planes de calidad', 'NTC-ISO10005_PLANES_DE_CALIDAD.pdf', 11),
(280, 'GAC5 Comunciado no. 007', 'GAC5_COMUNCIADO_NO._007.pdf', 29),
(281, 'GAC5 Comunciado no. 014', 'GAC5_COMUNCIADO_NO._014.pdf', 29),
(282, 'GAC5 Comunicado bienestar general', 'GAC5_COMUNICADO_BIENESTAR_GENERAL.pdf', 29),
(283, 'GAC5 Comunicado mensajeria', 'GAC5_COMUNICADO_MENSAJERIA.pdf', 29),
(284, 'GAC5 Comunicado no. 005', 'GAC5_COMUNICADO_NO._005.pdf', 29),
(285, 'GAC5 Comunicado no. 006', 'GAC5_COMUNICADO_NO._006.pdf', 29),
(286, 'GAC5 Comunicado no. 017', 'GAC5_COMUNICADO_NO._017.pdf', 29),
(287, 'GAC5 Comunicado no. 018', 'GAC5_COMUNICADO_NO._018.pdf', 29),
(288, 'GAC5 Comunicado no. 019', 'GAC5_COMUNICADO_NO._019.pdf', 29),
(289, 'GAC5 Comunicado no. 020', 'GAC5_COMUNICADO_NO._020.pdf', 29),
(290, 'GAC5 Comunicado no. 021', 'GAC5_COMUNICADO_NO._021.pdf', 29),
(291, 'GAC5 Comunicado no. 023', 'GAC5_COMUNICADO_NO._023.pdf', 29),
(292, 'GAC5 Comunicado no. 033', 'GAC5_COMUNICADO_NO._033.pdf', 29),
(293, 'GAC5 Comunicado no. 035', 'GAC5_COMUNICADO_NO._035.pdf', 29),
(294, 'GAC5 Comunicado no. 041', 'GAC5_COMUNICADO_NO._041.pdf', 29),
(295, 'GAC5 Comunicado no. 042', 'GAC5_COMUNICADO_NO._042.pdf', 29),
(296, 'GAC5 Comunicado no. 044', 'GAC5_COMUNICADO_NO._044.pdf', 29),
(297, 'GAC5 Comunicado no. 047', 'GAC5_COMUNICADO_NO._047.pdf', 29),
(298, 'GAC5 Comunicado no. 062', 'GAC5_COMUNICADO_NO._062.pdf', 29),
(299, 'GAC5 Comunicado no. 089', 'GAC5_COMUNICADO_NO._089.pdf', 29),
(300, 'GAC5 Comunicado no. 102', 'GAC5_COMUNICADO_NO._102.pdf', 29),
(301, 'GAC5 Comunicado no. 195', 'GAC5_COMUNICADO_NO._195.pdf', 29),
(302, 'GAC5 Memorando grabacion de voz', 'GAC5_MEMORANDO_GRABACION_DE_VOZ.pdf', 29),
(303, 'GAC5-REG001 Actividades publicitarias', 'GAC5-REG001._ACTIVIDADES_PUBLICITARIAS.pdf', 34),
(304, 'GAC5-REG003 Trabajos de diseno', 'GAC5-REG003_TRABAJOS_DE_DISENO.pdf', 34),
(305, 'GAC5-REG004 Informe proceso gestion administrativa y comercial', 'GAC5-REG004_INFORME_PROCESO_GESTION_ADMINISTRATIVA_Y_COMERCIAL.pdf', 34),
(306, 'GAC5-REG006 Lista de chequeo documentos de ingreso para personal servicios', 'GAC5-REG006_LISTA_DE_CHEQUEO_DOCUMENTOS_DE_INGRESO_PARA_PERSONAL_SERVICIOS.pdf', 34),
(307, 'GAC5-REG007 Lista de chequeo documentos de ingreso para personal indefinido', 'GAC5-REG007_LISTA_DE_CHEQUEO_DOCUMENTOS_DE_INGRESO_PARA_PERSONAL_INDEFINIDO.pdf', 34),
(308, 'GAC5-REG008 Caracteristicas de vinculacion laboral', 'GAC5-REG008_CARACTERISTICAS_DE_VINCULACION_LABORAL.pdf', 34),
(309, 'GAC5-REG009 Solicitud de certificados personal administrativo', 'GAC5-REG009_SOLICITUD_DE_CERTIFICADOS_PERSONAL_ADMINISTRATIVO.pdf', 34),
(310, 'GAC5-REG010 Solicitud de prestamo para personal administrativo', 'GAC5-REG010_SOLICITUD_DE_PRESTAMO_PARA_PERSONAL_ADMINISTRATIVO.pdf', 34),
(311, 'GAC5-REG011 Lista de chequeo documentos para ingreso de aprendices', 'GAC5-REG011_LISTA_DE_CHEQUEO_DOCUMENTOS_PARA_INGRESO_DE_APRENDICES.pdf', 34),
(312, 'GAC5-REG012 Caracteristicas vinculacion aprendiz', 'GAC5-REG012_CARACTERISTICAS_VINCULACION_APRENDIZ.pdf', 34),
(313, 'GAC5-REG013 Actualizacion de datos para el personal administrativo', 'GAC5-REG013_ACTUALIZACION_DE_DATOS_PARA_EL_PERSONAL_ADMINISTRATIVO.pdf', 34),
(314, 'GAC5-REG014 Lista de chequeo documentos personal contrato indefinido', 'GAC5-REG014_LISTA_DE_CHEQUEO_DOCUMENTOS_PERSONAL_CONTRATO_INDEFINIDO.pdf', 34),
(315, 'GAC5-REG015 Lista de chequeo documentos terminacion de contrato', 'GAC5-REG015_LISTA_DE_CHEQUEO_DOCUMENTOS_TERMINACION_DE_CONTRATO.pdf', 34),
(316, 'GAC5-REG016 Solicitud, asignacion y entrega de mantenimiento correctivo', 'GAC5-REG016_SOLICITUD,_ASIGNACION_Y_ENTREGA_DE_MANTENIMIENTO_CORRECTIVO.pdf', 34),
(317, 'GAC5-REG018 Seguimiento a eventos institucionales', 'GAC5-REG018_SEGUIMIENTO_A_EVENTOS_INSTITUCIONALES.pdf', 34),
(318, 'GAC5-REG019 Campanas publicitarias', 'GAC5-REG019_CAMPANAS_PUBLICITARIAS.pdf', 34),
(319, 'GAC5-REG020 Comunicado gestion administrativa y comercial', 'GAC5-REG020_COMUNICADO_GESTION_ADMINISTRATIVA_Y_COMERCIAL.pdf', 34),
(320, 'GAC5-REG022 Paz y salvo final para personal administrativo', 'GAC5-REG022_PAZ_Y_SALVO_FINAL_PARA_PERSONAL_ADMINISTRATIVO.pdf', 34),
(321, 'GAC5-REG023 Planilla de mensajeria', 'GAC5-REG023_PLANILLA_DE_MENSAJERIA.pdf', 34),
(322, 'GAC5-REG024 Seguimiento a descuentos otorgados', 'GAC5-REG024_SEGUIMIENTO_A_DESCUENTOS_OTORGADOS.pdf', 34),
(323, 'GAC5-REG025 Matriz de competencias', 'GAC5-REG025_MATRIZ_DE_COMPETENCIAS.pdf', 34),
(324, 'GAC5-REG026 Novedades de marcaciones', 'GAC5-REG026_NOVEDADES_DE_MARCACIONES.pdf', 34),
(325, 'GAC5-REG027 Costos academicos', 'GAC5-REG027_COSTOS_ACADEMICOS.pdf', 34),
(326, 'GAC5-REG028 Carta de agradecimientol', 'GAC5-REG028_CARTA_DE_AGRADECIMIENTOL.pdf', 34),
(327, 'GAC5-REG029 Entrega de cargo', 'GAC5-REG029_ENTREGA_DE_CARGO.pdf', 34),
(328, 'GAC5-REG030 Planilla de mensajeria tesoreria', 'GAC5-REG030_PLANILLA_DE_MENSAJERIA_TESORERIA.pdf', 34),
(329, 'GAC5-REG031 Carta de bienvenida', 'GAC5-REG031_CARTA_DE_BIENVENIDA.pdf', 34),
(330, 'GAC5-REG033 Formato autorizacion de uso, reproduccion y divulgacion', 'GAC5-REG033_FORMATO_AUTORIZACION_DE_USO,_REPRODUCCION_Y_DIVULGACION.pdf', 34),
(331, 'GAC5-REG034 Cronograma capacitaciones institucionales', 'GAC5-REG034_CRONOGRAMA_CAPACITACIONES_INSTITUCIONALES.pdf', 34),
(332, 'GAC5-REG035 Capacitaciones institucionales', 'GAC5-REG035_CAPACITACIONES_INSTITUCIONALES.pdf', 34),
(333, 'GAC5-REG002 Programa referidos', 'GAC5.REG002._PROGRAMA_REFERIDOS.pdf', 34),
(334, 'Listado maestro de documentos gestion administrativa y comercial', 'LISTADO_MAESTRO_DE_DOCUMENTOS_GESTION_ADMINISTRATIVA_Y_COMERCIAL.pdf', 34),
(335, 'Listado maestro de registros gestion administrativa y comercial', 'LISTADO_MAESTRO_DE_REGISTROS_GESTION_ADMINISTRATIVA_Y_COMERCIAL.pdf', 34),
(336, 'Ciclos de admsion i-2013', 'CICLOS_DE_ADMSION_I-2013.pdf', 30),
(337, 'Convocatorias 2012-1', 'CONVOCATORIAS_2012-1.pdf', 30),
(338, 'Convocatorias 2012-2', 'CONVOCATORIAS_2012-2.pdf', 30),
(339, 'Informes cursos II semestre 2010', 'INFORMES_CURSOS_II_SEMESTRE__2010.pdf', 30),
(340, 'Informe II semestre 2010 Indoamericana', 'INFORME_II_SEMESTRE_2010__INDOAMERICANA.pdf', 30),
(341, 'Informe II semestre 2010 indoamericana cobertura', 'INFORME_II_SEMESTRE_2010_INDOAMERICANA_COBERTURA.pdf', 30),
(342, 'Informe II semestre 2010 indoamericana genero', 'INFORME_II_SEMESTRE_2010_INDOAMERICANA_GENERO.pdf', 30),
(343, 'Informe II semestre 2010 indoamericana nuevos por semestre', 'INFORME_II_SEMESTRE_2010_INDOAMERICANA_NUEVOS_POR_SEMESTRE.pdf', 30),
(344, 'Informe II semestre 2010 indoamericana proyeccion', 'INFORME_II_SEMESTRE_2010_INDOAMERICANA_PROYECCION.pdf', 30),
(345, 'Plegable nuevo 2012 curvas', 'PLEGABLE_NUEVO_2012-CURVAS.pdf', 30),
(346, 'Registros gestion comercial', 'REGISTROS_GESTION_COMERCIAL.pdf', 30),
(347, 'GAC5-DOC1 Politicas para gastos en ferias publicitarias', 'GAC5-DOC1_POLITICAS_PARA_GASTOS_EN_FERIAS_PUBLICITARIAS.pdf', 31),
(348, 'GAC5-PR1 Procedimiento de solicitud de permisos y presentacion de excusas por ausencias laborales', 'GAC5-PR1_PROCEDIMIENTO_DE_SOLICITUD_DE_PERMISOS_Y_PRESENTACION_DE_EXCUSAS_POR_AUSENCIAS_LABORALES.pdf', 32),
(349, 'GAC5-PR2 Procedimiento para el desarrollo de participaciones comerciales en corferias', 'GAC5-PR2_PROCEDIMIENTO_PARA_EL_DESARROLLO_DE_PARTICIPACIONES_COMERCIALES_EN_CORFERIAS.pdf', 32),
(350, 'GAC5-PR3 Procedimiento para realizar la asesoria comercial virtual', 'GAC5-PR3_PROCEDIMIENTO_PARA_REALIZAR_LA_ASESORIA_COMERCIAL_VIRTUAL.pdf', 32),
(351, 'GAC5-PR4 Procedimiento estudio competencia paginas web', 'GAC5-PR4_PROCEDIMIENTO_ESTUDIO_COMPETENCIA_PAGINAS_WEB.pdf', 32),
(352, 'GAC5-PR5 Procedimiento plan de referidos', 'GAC5-PR5_PROCEDIMIENTO_PLAN_DE_REFERIDOS.pdf', 32),
(353, 'GAC5-PR6 Procedimiento para solicitud de artes graficas y publicitarias', 'GAC5-PR6_PROCEDIMIENTO_PARA_SOLICITUD_DE_ARTES_GRAFICAS_Y_PUBLICITARIAS.pdf', 32),
(354, 'GAC5-PR7 Procedimiento para la planeacion, ejecucion y medicion de programas de capacitacion', 'GAC5-PR7_PROCEDIMIENTO_PARA_LA_PLANEACION,_EJECUCION_Y_MEDICION_DE_PROGRAMAS_DE_CAPACITACION.pdf', 32),
(355, 'GAC5-RES1 Resolucion de la direccion administrativa y comercial', 'GAC5-RES1_RESOLUCION_DE_LA_DIRECCION_ADMINISTRATIVA_Y_COMERCIAL.pdf', 33),
(356, 'BI4 Comunicado 001-11', 'BI4_COMUNICADO_001-11.pdf', 23),
(357, 'BI4 Comunicado 002-11', 'BI4_COMUNICADO_002-11.pdf', 23),
(358, 'BI4 Comunicado 003-11', 'BI4_COMUNICADO_003-11.pdf', 23),
(359, 'BI4 Comunicado 004-11', 'BI4_COMUNICADO_004-11.pdf', 23),
(360, 'BI4 Comunicado 005-11', 'BI4_COMUNICADO_005-11.pdf', 23),
(361, 'BI4 Comunicado 006-11', 'BI4_COMUNICADO_006-11.pdf', 23),
(362, 'BI4 Comunicado 007-11', 'BI4_COMUNICADO_007-11.pdf', 23),
(363, 'BI4-REG004 Consentimiento informado para la realizacion de asesoria y orientacion psicologica', 'BI4-REG004_CONSENTIMIENTO_INFORMADO_PARA_LA_REALIZACION_DE_ASESORIA_Y_ORIENTACION_PSICOLOGICA.pdf', 28),
(364, 'BI4-REG006 Remision de estudiantes a consulta psicologica', 'BI4-REG006_REMISION_DE_ESTUDIANTES_A_CONSULTA_PSICOLOGICA.pdf', 28),
(365, 'BI4-REG007 Valoracion inicial', 'BI4-REG007_VALORACION_INICIAL.pdf', 28),
(366, 'BI4-REG008 Consentimiento informado para la realizacion de asesoria y orientacion academica y psicol', 'BI4-REG008_CONSENTIMIENTO_INFORMADO_PARA_LA_REALIZACION_DE_ASESORIA_Y_ORIENTACION_ACADEMICA_Y_PSICOLOGICA.pdf', 28),
(367, 'BI4-REG009 Ficha de seguimiento a pacientes atendidos', 'BI4-REG009_FICHA_DE_SEGUIMIENTO_A_PACIENTES_ATENDIDOS.pdf', 28),
(368, 'BI4-REG011 Solicitud consulta de cita psicologica', 'BI4-REG011_SOLICITUD_CONSULTA_DE_CITA_PSICOLOGICA.pdf', 28),
(369, 'BI4-REG012 Manifiesto de conocimiento pasantias', 'BI4-REG012_MANIFIESTO_DE_CONOCIMIENTO_PASANTIAS.pdf', 28),
(370, 'BI4-REG013 Inscripcion a campeonatos deportivos a nivel individual', 'BI4-REG013_INSCRIPCION_A_CAMPEONATOS_DEPORTIVOS_A_NIVEL_INDIVIDUAL.pdf', 28),
(371, 'BI4-REG014 Inscripcion a campeonatos deportivos a nivel grupal', 'BI4-REG014_INSCRIPCION_A_CAMPEONATOS_DEPORTIVOS_A_NIVEL_GRUPAL.pdf', 28),
(372, 'BI4-REG015 Acta de negacion para la realizacion de asesoria y orientacion escolar y psicologica', 'BI4-REG015_ACTA_DE_NEGACION_PARA_LA_REALIZACION_DE_ASESORIA_Y_ORIENTACION_ESCOLAR_Y_PSICOLOGICA.pdf', 28),
(373, 'BI4-REG016 Inscripcion, politicas y compromisos cursos libres', 'BI4-REG016_INSCRIPCION,_POLITICAS_Y_COMPROMISOS_CURSOS_LIBRES.pdf', 28),
(374, 'BI4-REG017 Inscripcion al programa de pasantias', 'BI4-REG017_INSCRIPCION_AL_PROGRAMA_DE_PASANTIAS.pdf', 28),
(375, 'BI4-REG018 Citacion a padres de familia', 'BI4-REG018_CITACION_A_PADRES_DE_FAMILIA.pdf', 28),
(376, 'BI4-REG019 Encuesta de satisfaccion egresados', 'BI4-REG019_ENCUESTA_DE_SATISFACCION_EGRESADOS.pdf', 28),
(377, 'BI4-REG020 Planilla de microfutbol', 'BI4-REG020_PLANILLA_DE_MICROFUTBOL.pdf', 28),
(378, 'BI4-REG021 Visita domiciliaria', 'BI4-REG021_VISITA_DOMICILIARIA.pdf', 28),
(379, 'BI4-REG022 Informe proceso de bienestar institucional y psicologia', 'BI4-REG022_INFORME_PROCESO_DE_BIENESTAR_INSTITUCIONAL_Y_PSICOLOGIA.pdf', 28),
(380, 'BI4-REG023 Evaluacion de desempeno en las pasantias', 'BI4-REG023_EVALUACION_DE_DESEMPENO_EN_LAS_PASANTIAS.pdf', 28),
(381, 'BI4-REG024 Convenio de pasantias', 'BI4-REG024_CONVENIO_DE_PASANTIAS.pdf', 28),
(382, 'BI4-REG025 Evaluacion de satisfaccion de las pasantias', 'BI4-REG025_EVALUACION_DE_SATISFACCION_DE_LAS_PASANTIAS.pdf', 28),
(383, 'BI4-REG026 Evaluacion de desempeno', 'BI4-REG026_EVALUACION_DE_DESEMPENO.pdf', 28),
(384, 'BI4-REG027 Lista de chequeo pasantias programas asa, ala y ata', 'BI4-REG027_LISTA_DE_CHEQUEO_PASANTIAS_PROGRAMAS_ASA,_ALA_Y_ATA.pdf', 28),
(385, 'BI4-REG028 Capacitaciones, inducciones yo entrenamiento', 'BI4-REG028_CAPACITACIONES,_INDUCCIONES_YO_ENTRENAMIENTO.pdf', 28),
(386, 'BI4-REG029 Atencion y asesoria psicologica', 'BI4-REG029_ATENCION_Y_ASESORIA_PSICOLOGICA.pdf', 28),
(387, 'BI4-REG030 Comunicado bienestar institucional', 'BI4-REG030_COMUNICADO_BIENESTAR_INSTITUCIONAL.pdf', 28),
(388, 'BI4-REG031 Remision externa', 'BI4-REG031_REMISION_EXTERNA.pdf', 28),
(389, 'BI4-REG032 Acta de entrega proceso bienestar institucional y psicologia', 'BI4-REG032_ACTA_DE_ENTREGA_PROCESO_BIENESTAR_INSTITUCIONAL_Y_PSICOLOGIA.pdf', 28),
(390, 'BI4-REG033 Control recaudo boleteria eventos', 'BI4-REG033_CONTROL_RECAUDO_BOLETERIA_EVENTOS.pdf', 28),
(391, 'BI4-REG034 Encuestas, talleres y evaluaciones bienestar institucional y psicologia', 'BI4-REG034_ENCUESTAS,_TALLERES_Y_EVALUACIONES_BIENESTAR_INSTITUCIONAL_Y_PSICOLOGIA.pdf', 28),
(392, 'BI4-REG035 Analisis y descripcion de cargos', 'BI4-REG035_ANALISIS_Y_DESCRIPCION_DE_CARGOS.pdf', 28),
(393, 'BI4-REG036 Cronograma de visitas empresariales', 'BI4-REG036_CRONOGRAMA_DE_VISITAS_EMPRESARIALES.pdf', 28),
(394, 'BI4-INS001 Instructivo para la aplicacion de pruebas psicotecnicas', 'BI4-INS001_INSTRUCTIVO_PARA_LA_APLICACION_DE_PRUEBAS_PSICOTECNICAS.pdf', 24),
(395, 'BI4-INS002 Instructivo para realizar la induccion al personal nuevo', 'BI4-INS002_INSTRUCTIVO_PARA_REALIZAR_LA_INDUCCION_AL_PERSONAL_NUEVO.pdf', 24),
(396, 'BI4-INS003 Instructivo para realizar las actividades de bienestar institucional', 'BI4-INS003_INSTRUCTIVO_PARA_REALIZAR_LAS_ACTIVIDADES_DE_BIENESTAR_INSTITUCIONAL.pdf', 24),
(397, 'Afiche calendario bienestar ii 2012-curvas', 'AFICHE_CALENDARIO_BIENESTAR_II-2012-CURVAS.pdf', 25),
(398, 'Calendario bienestar i 2013-curvas', 'CALENDARIO_BIENESTAR_I-2013-CURVAS.pdf', 25),
(399, 'Oficina de bienestar institucional y psicologia', 'OFICINA_DE_BIENESTAR_INSTITUCIONAL_Y_PSICOLOGIA.pdf', 26),
(400, 'Oficina de egresados y pasantes', 'OFICINA_DE_EGRESADOS_Y_PASANTES.pdf', 26),
(401, 'BI4-PR1 Procedimiento para la planeacion semestral del proceso', 'BI4-PR1_PROCEDIMIENTO_PARA_LA_PLANEACION_SEMESTRAL_DEL_PROCESO.pdf', 27),
(402, 'BI4-PR2 Procedimiento para la seleccion del personal administrativo', 'BI4-PR2_PROCEDIMIENTO_PARA_LA_SELECCION_DEL_PERSONAL_ADMINISTRATIVO.pdf', 27),
(403, 'BI4-PR3 Procedimiento para la seleccion de instructores', 'BI4-PR3_PROCEDIMIENTO_PARA_LA_SELECCION_DE_INSTRUCTORES.pdf', 27),
(404, 'BI4-PR4 Procedimiento para la evaluacion del clima laboral', 'BI4-PR4_PROCEDIMIENTO_PARA_LA_EVALUACION_DEL_CLIMA_LABORAL.pdf', 27),
(405, 'BI4-PR5 Procedimiento para la evaluacion del desempeno', 'BI4-PR5_PROCEDIMIENTO_PARA_LA_EVALUACION_DEL_DESEMPENO.pdf', 27),
(406, 'BI4-PR6 Procedimiento para la atencion psicologica para la comunidad institucional', 'BI4-PR6_PROCEDIMIENTO_PARA_LA_ATENCION_PSICOLOGICA_PARA_LA_COMUNIDAD_INSTITUCIONAL.pdf', 27),
(407, 'BI4-PR7 Procedimiento para la realizacion de actividades de bienestar', 'BI4-PR7_PROCEDIMIENTO_PARA_LA_REALIZACION_DE_ACTIVIDADES_DE_BIENESTAR.pdf', 27),
(408, 'BI4-PR8 Procedimiento para la planeacion y ejecucion de los campeonatos deportivos', 'BI4-PR8_PROCEDIMIENTO_PARA_LA_PLANEACION_Y_EJECUCION_DE_LOS_CAMPEONATOS_DEPORTIVOS.pdf', 27),
(409, 'BI4-PR9 Procedimiento para el manejo de pasantias', 'BI4-PR9_PROCEDIMIENTO_PARA_EL_MANEJO_DE_PASANTIAS.pdf', 27),
(410, 'GCC6 Cominicado interno no. 356', 'GCC6_COMINICADO_INTERNO_NO._356.pdf', 35),
(411, 'GCC6 Comunicado autorizacion pedidos cafeteria', 'GCC6_COMUNICADO_AUTORIZACION_PEDIDOS_CAFETERIA.pdf', 35),
(412, 'GCC6 Comunicado compras 0012', 'GCC6_COMUNICADO_COMPRAS_0012.pdf', 35),
(413, 'GCC6 Comunicado interno no. 352', 'GCC6_COMUNICADO_INTERNO_NO._352.pdf', 35),
(414, 'GCC6 Comunicado interno no. 354', 'GCC6_COMUNICADO_INTERNO_NO._354.pdf', 35),
(415, 'GCC6 Comunicado interno no.045 fotocopias y pedidos cafeteria', 'GCC6_COMUNICADO_INTERNO_NO.045_FOTOCOPIAS_Y_PEDIDOS_CAFETERIA.pdf', 35),
(416, 'GCC6 Comunicado interno', 'GCC6_COMUNICADO_INTERNO.pdf', 35),
(417, 'GCC6 Comunicado no. 024', 'GCC6_COMUNICADO_NO._024.pdf', 35),
(418, 'GCC6 Comunicado no. 026', 'GCC6_COMUNICADO_NO._026.pdf', 35),
(419, 'GCC6 Comunicado no. 032', 'GCC6_COMUNICADO_NO._032.pdf', 35),
(420, 'GCC6 Comunicado no. 039', 'GCC6_COMUNICADO_NO._039.pdf', 35),
(421, 'GCC6 Comunicado recepcion y pago de facturas', 'GCC6_COMUNICADO_RECEPCION_Y_PAGO_DE_FACTURAS.pdf', 35),
(422, 'GCC6 Comunicado utencilios de cocina', 'GCC6_COMUNICADO_UTENCILIOS_DE_COCINA.pdf', 35),
(423, '6. Listado maestro de documentos gestion contable y compras', '6._LISTADO_MAESTRO_DE_DOCUMENTOS_GESTION_CONTABLE_Y_COMPRAS.pdf', 38),
(424, '6. Listado maestro de registros gestion contable y compras', '6._LISTADO_MAESTRO_DE_REGISTROS_GESTION_CONTABLE_Y_COMPRAS.pdf', 38),
(425, 'Cancelacion cuenta gnb sudameris', 'CANCELACION_CUENTA_GNB_SUDAMERIS.pdf', 38),
(426, 'GCC6-REG001 Control  entrega de contratos', 'GCC6-REG001_CONTROL__ENTREGA_DE_CONTRATOS.pdf', 38),
(427, 'GCC6-REG002 Acta de entrega de material y suministros', 'GCC6-REG002_ACTA_DE_ENTREGA_DE_MATERIAL_Y_SUMINISTROS.pdf', 38),
(428, 'GCC6-REG003 Reembolso de caja menor', 'GCC6-REG003_REEMBOLSO_DE_CAJA_MENOR.pdf', 38),
(429, 'GCC6-REG004 Control de entrega de facturas', 'GCC6-REG004_CONTROL_DE_ENTREGA_DE_FACTURAS.pdf', 38),
(430, 'GCC6-REG005 Control de entrega de papeleria, suministros, bienes y activos fijos', 'GCC6-REG005_CONTROL_DE_ENTREGA_DE_PAPELERIA,_SUMINISTROS,_BIENES_Y_ACTIVOS_FIJOS.pdf', 38),
(431, 'GCC6-REG006 Control pedidos de cafeteria', 'GCC6-REG006_CONTROL_PEDIDOS_DE_CAFETERIA.pdf', 38),
(432, 'GCC6-REG007 Formato de solicitud compras', 'GCC6-REG007_FORMATO_DE_SOLICITUD_COMPRAS.pdf', 38),
(433, 'GCC6-REG008 Salida de material, equipos e insumos', 'GCC6-REG008_SALIDA_DE_MATERIAL,_EQUIPOS_E_INSUMOS.pdf', 38),
(434, 'GCC6-REG009 Criterios para la evaluacion de proveedores', 'GCC6-REG009_CRITERIOS_PARA_LA_EVALUACION_DE_PROVEEDORES.pdf', 38),
(435, 'GCC6-REG009 Criterios para la evaluacion de proveedores', 'GCC6-REG009_CRITERIOS_PARA_LA_EVALUACION_DE_PROVEEDORES.pdf', 38),
(436, 'GCC6-REG010 Resultados evaluacion a proveedores', 'GCC6-REG010_RESULTADOS_EVALUACION_A_PROVEEDORES.pdf', 38),
(437, 'GCC6-REG011 Lista de proveedores vigentes', 'GCC6-REG011_LISTA_DE_PROVEEDORES_VIGENTES.pdf', 38),
(438, 'GCC6-REG012 Evaluacion seguimiento a proveedor', 'GCC6-REG012_EVALUACION_SEGUIMIENTO_A_PROVEEDOR.pdf', 38),
(439, 'GCC6-REG013 Recibo de caja menor', 'GCC6-REG013_RECIBO_DE_CAJA_MENOR.pdf', 38),
(440, 'GCC6-REG014 Cierre de caja', 'GCC6-REG014_CIERRE_DE_CAJA.pdf', 38),
(441, 'GCC6-REG015 Comprobante de anticipos o prestamos sobre salarios', 'GCC6-REG015_COMPROBANTE_DE_ANTICIPOS_O_PRESTAMOS_SOBRE_SALARIOS.pdf', 38),
(442, 'GCC6-REG016 Relacion de descuentos prestamo a empleados', 'GCC6-REG016_RELACION_DE_DESCUENTOS_PRESTAMO_A_EMPLEADOS.pdf', 38),
(443, 'GCC6-REG017 Inscripcion al sistema de nomina', 'GCC6-REG017_INSCRIPCION_AL_SISTEMA_DE_NOMINA.pdf', 38),
(444, 'GCC6-REG018 Nomina de empleados administrativos', 'GCC6-REG018_NOMINA_DE_EMPLEADOS_ADMINISTRATIVOS.pdf', 38),
(445, 'GCC6-REG019 Relacion de pagos personal administrativo', 'GCC6-REG019_RELACION_DE_PAGOS_PERSONAL_ADMINISTRATIVO.pdf', 38),
(446, 'GCC6-REG020 Comprobante de pago personal administrativo', 'GCC6-REG020_COMPROBANTE_DE_PAGO_PERSONAL_ADMINISTRATIVO.pdf', 38),
(447, 'GCC6-REG021 Relacion pago cesantias', 'GCC6-REG021_RELACION_PAGO_CESANTIAS.pdf', 38),
(448, 'GCC6-REG022 Comprobante de pago sobre las cesantias', 'GCC6-REG022_COMPROBANTE_DE_PAGO_SOBRE_LAS_CESANTIAS.pdf', 38),
(449, 'GCC6-REG023 Relacion de pagos vacaciones', 'GCC6-REG023_RELACION_DE_PAGOS_VACACIONES.pdf', 38),
(450, 'GCC6-REG024 Comprobante de pago vacaciones', 'GCC6-REG024_COMPROBANTE_DE_PAGO_VACACIONES.pdf', 38),
(451, 'GCC6-REG025 Relacion de pago prima', 'GCC6-REG025_RELACION_DE_PAGO_PRIMA.pdf', 38),
(452, 'GCC6-REG026 Comprobante de pago prima', 'GCC6-REG026_COMPROBANTE_DE_PAGO_PRIMA.pdf', 38),
(453, 'GCC6-REG028 Nomina de instructores por prestacion de servicios', 'GCC6-REG028_NOMINA_DE_INSTRUCTORES_POR_PRESTACION_DE_SERVICIOS.pdf', 38),
(454, 'GCC6-REG029 Relacion pagos de instructores por prestacion de servicios', 'GCC6-REG029_RELACION_PAGOS_DE_INSTRUCTORES_POR_PRESTACION_DE_SERVICIOS.pdf', 38),
(455, 'GCC6-REG030 Comprobante de pago para instructores por prestacion de servicios', 'GCC6-REG030_COMPROBANTE_DE_PAGO_PARA_INSTRUCTORES_POR_PRESTACION_DE_SERVICIOS.pdf', 38),
(456, 'GCC6-REG031 Prueba de seleccion para cargo auxiliar contable', 'GCC6-REG031_PRUEBA_DE_SELECCION_PARA_CARGO_AUXILIAR_CONTABLE.pdf', 38),
(457, 'GCC6-REG032 Prueba de seleccion cargo coordinador de tesoreria', 'GCC6-REG032_PRUEBA_DE_SELECCION_CARGO_COORDINADOR_DE_TESORERIA.pdf', 38),
(458, 'GCC6-REG034 Cuenta de cobro', 'GCC6-REG034_CUENTA_DE_COBRO.pdf', 38),
(459, 'GCC6-REG036 Relacion intereses cesantias', 'GCC6-REG036_RELACION_INTERESES_CESANTIAS.pdf', 38);
INSERT INTO `files` (`id`, `name`, `name_file`, `folder_id`) VALUES
(460, 'GCC6-REG037 Nomina instructores tiempo completo', 'GCC6-REG037_NOMINA_INSTRUCTORES_TIEMPO_COMPLETO.pdf', 38),
(461, 'GCC6-REG038 Relacion pago de instructores tiempo completo', 'GCC6-REG038_RELACION_PAGO_DE_INSTRUCTORES_TIEMPO_COMPLETO.pdf', 38),
(462, 'GCC6-REG039 Comprobante de pago instructores tiempo completo', 'GCC6-REG039_COMPROBANTE_DE_PAGO_INSTRUCTORES_TIEMPO_COMPLETO.pdf', 38),
(463, 'GCC6-REG041 Solicitud suministro de papeleria', 'GCC6-REG041_SOLICITUD_SUMINISTRO_DE_PAPELERIA.pdf', 38),
(464, 'GCC6-REG042 Solicitud material de seguridad', 'GCC6-REG042_SOLICITUD_MATERIAL_DE_SEGURIDAD.pdf', 38),
(465, 'GCC6-REG043 Acta entrega material de seguridad', 'GCC6-REG043_ACTA_ENTREGA_MATERIAL_DE_SEGURIDAD.pdf', 38),
(466, 'GCC6-REG044 Control pagos', 'GCC6-REG044_CONTROL_PAGOS.pdf', 38),
(467, 'GCC6-REG045 Solicitud  eventos y reuniones', 'GCC6-REG045_SOLICITUD__EVENTOS_Y_REUNIONES.pdf', 38),
(468, 'GCC6-REG047 Solicitud de material para eventos publicitarios', 'GCC6-REG047_SOLICITUD_DE_MATERIAL_PARA_EVENTOS_PUBLICITARIOS.pdf', 38),
(469, 'GCC6-REG048 Comunicado gestion contable y compras', 'GCC6-REG048_COMUNICADO_GESTION_CONTABLE_Y_COMPRAS.pdf', 38),
(470, 'GCC6-REG049 Hoja de vida proveedor', 'GCC6-REG049_HOJA_DE_VIDA_PROVEEDOR.pdf', 38),
(471, 'GCC6-REG050 Calificacion de eventos', 'GCC6-REG050_CALIFICACION_DE_EVENTOS.pdf', 38),
(472, 'GCC6-REG052 Formato invenatario institucional', 'GCC6-REG052_FORMATO_INVENATARIO_INSTITUCIONAL.pdf', 38),
(473, 'GCC6-REG027 Liquidacion sueldo con incapacidad', 'GCC6-REG027_LIQUIDACION_SUELDO_CON_INCAPACIDAD.pdf', 38),
(474, 'GCC6-INS001 Instructivo manejo de caja menor de direccion general', 'GCC6-INS001_INSTRUCTIVO_MANEJO_DE_CAJA_MENOR_DE_DIRECCION_GENERAL.pdf', 36),
(475, 'GCC6-PR1 Procedimiento para el manejo de la caja menor', 'GCC6-PR1_PROCEDIMIENTO_PARA_EL_MANEJO_DE_LA_CAJA_MENOR.pdf', 37),
(476, 'GCC6-PR2 Procedimiento para el manejo de bancos', 'GCC6-PR2_PROCEDIMIENTO_PARA_EL_MANEJO_DE_BANCOS.pdf', 37),
(477, 'GCC6-PR3 Procedimiento para el manejo de pagos', 'GCC6-PR3_PROCEDIMIENTO_PARA_EL_MANEJO_DE_PAGOS.pdf', 37),
(478, 'GCC6-PR4 Procedimiento para el manejo de cobros', 'GCC6-PR4_PROCEDIMIENTO_PARA_EL_MANEJO_DE_COBROS.pdf', 37),
(479, 'GCC6-PR5 Procedimiento para el manejo de la contabilidad y la revisoria fiscal', 'GCC6-PR5_PROCEDIMIENTO_PARA_EL_MANEJO_DE_LA_CONTABILIDAD_Y_LA_REVISORIA_FISCAL.pdf', 37),
(480, 'GCC6-PR6 Procedimiento las compras institucionales', 'GCC6-PR6_PROCEDIMIENTO_LAS_COMPRAS_INSTITUCIONALES.pdf', 37),
(481, 'GCC6-PR8 Procedimiento para la evaluacion y reevaluacion de proveedores', 'GCC6-PR8_PROCEDIMIENTO_PARA_LA_EVALUACION_Y_REEVALUACION_DE_PROVEEDORES.pdf', 37),
(482, 'GI7-DOC9. Politica de renovacion de equipos de computo', 'GI7-DOC9._POLITICA_DE_RENOVACION_DE_EQUIPOS_DE_COMPUTO.pdf', 42),
(483, 'PQR 5078', 'PQR_5078.pdf', 42),
(484, 'SO8 Comunicado no. 015-2011', 'SO8_COMUNICADO_NO._015-2011.pdf', 46),
(485, 'SO8-DOC1 Manual de rutinas de aseo', 'SO8-DOC1_MANUAL_DE_RUTINAS_DE_ASEO.pdf', 49),
(486, 'SO8-DOC2 Programa manejo de residuos', 'SO8-DOC2_PROGRAMA_MANEJO_DE_RESIDUOS.pdf', 49),
(487, 'SO8-DOC3 Programa de salud ocupacional (pso)', 'SO8-DOC3_PROGRAMA_DE_SALUD_OCUPACIONAL_(PSO).pdf', 49),
(488, 'SO8-DOC4 Panorama de factores de riesgo', 'SO8-DOC4_PANORAMA_DE_FACTORES_DE_RIESGO.pdf', 49),
(489, 'SO8-DOC5 Sistema de vigilancia epidemiologica', 'SO8-DOC5_SISTEMA_DE_VIGILANCIA_EPIDEMIOLOGICA.pdf', 49),
(490, 'SO8-DOC6 Manual para trabajo seguro en alturas', 'SO8-DOC6_MANUAL_PARA_TRABAJO_SEGURO_EN_ALTURAS.pdf', 49),
(491, 'SO8-DOC7 Plan escolar de emergencia y contingencia', 'SO8-DOC7_PLAN_ESCOLAR_DE_EMERGENCIA_Y_CONTINGENCIA.pdf', 49),
(492, 'SO8-DOC8 Matriz de elementos de proteccion personal', 'SO8-DOC8_MATRIZ_DE_ELEMENTOS_DE_PROTECCION_PERSONAL.pdf', 49),
(493, 'SO8-DOC9 Programa estilo de vida saludable', 'SO8-DOC9_PROGRAMA_ESTILO_DE_VIDA_SALUDABLE.pdf', 49),
(494, '8. Listado maestro de registros salud ocupacional', '8._LISTADO_MAESTRO_DE_REGISTROS_SALUD_OCUPACIONAL.pdf', 52),
(495, '8. Listado maestro documentos salud ocupacional', '8._LISTADO_MAESTRO_DOCUMENTOS_SALUD_OCUPACIONAL.pdf', 52),
(496, 'Competencias tecnologicas', 'competencias_tecnologicas.pdf', 52),
(497, 'PQR 5771', 'PQR_5771.pdf', 52),
(498, 'SO8-REG001 Planilla control botiquin de primeros auxilios', 'SO8-REG001_PLANILLA_CONTROL_BOTIQUIN_DE_PRIMEROS_AUXILIOS.pdf', 52),
(499, 'SO8-REG002 Planilla atencion a primeros auxilios', 'SO8-REG002_PLANILLA_ATENCION_A_PRIMEROS_AUXILIOS.pdf', 52),
(500, 'SO8-REG003 Novedades medicas', 'SO8-REG003_NOVEDADES_MEDICAS.pdf', 52),
(501, 'SO8-REG004 Capacitacion siso', 'SO8-REG004_CAPACITACION_SISO.pdf', 52),
(502, 'SO8-REG005 Cronograma capacitaciones', 'SO8-REG005_CRONOGRAMA_CAPACITACIONES.pdf', 52),
(503, 'SO8-REG006 Lista de verificacion aseo diario', 'SO8-REG006_LISTA_DE_VERIFICACION_ASEO_DIARIO.pdf', 52),
(504, 'SO8-REG007 Lista de verificacion aseo semanal', 'SO8-REG007_LISTA_DE_VERIFICACION_ASEO_SEMANAL.pdf', 52),
(505, 'SO8-REG008 Lista de verificacion aseo mensual', 'SO8-REG008_LISTA_DE_VERIFICACION_ASEO_MENSUAL.pdf', 52),
(506, 'SO8-REG009 Lista de verificacion aseo diario de banos', 'SO8-REG009_LISTA_DE_VERIFICACION_ASEO_DIARIO_DE_BANOS.pdf', 52),
(507, 'SO8-REG010 Lista de verificacion aseo despues de jornada de control de plagas', 'SO8-REG010_LISTA_DE_VERIFICACION_ASEO_DESPUES_DE_JORNADA_DE_CONTROL_DE_PLAGAS.pdf', 52),
(508, 'SO8-REG011 Inventario de extintores', 'SO8-REG011_INVENTARIO_DE_EXTINTORES.pdf', 52),
(509, 'SO8-REG012 Lista de verificacion extintores', 'SO8-REG012_LISTA_DE_VERIFICACION_EXTINTORES.pdf', 52),
(510, 'SO8-REG013 Encuestas, talleres y evaluaciones seguridad industrial y salud ocupacional', 'SO8-REG013_ENCUESTAS,_TALLERES_Y_EVALUACIONES_SEGURIDAD_INDUSTRIAL_Y_SALUD_OCUPACIONAL.pdf', 52),
(511, 'SO8-REG014 Comunicado interno salud ocupacional', 'SO8-REG014_COMUNICADO_INTERNO_SALUD_OCUPACIONAL.pdf', 52),
(512, 'SO8-REG015 Inventario botiquin de primeros auxilios', 'SO8-REG015_INVENTARIO_BOTIQUIN_DE_PRIMEROS_AUXILIOS.pdf', 52),
(513, 'SO8-REG016 Listado botiquin de primeros auxilios', 'SO8-REG016_LISTADO_BOTIQUIN_DE_PRIMEROS_AUXILIOS.pdf', 52),
(514, 'SO8-REG017 Entrega elementos de dotacion', 'SO8-REG017_ENTREGA_ELEMENTOS_DE_DOTACION.pdf', 52),
(515, 'SO8-REG018 Hoja de vida de los elementos de proteccion personal contra caidas', 'SO8-REG018_HOJA_DE_VIDA_DE_LOS_ELEMENTOS_DE_PROTECCION_PERSONAL_CONTRA_CAIDAS.pdf', 52),
(516, 'SO8-REG019 Inspeccion del lugar de trabajo en alturas', 'SO8-REG019_INSPECCION_DEL_LUGAR_DE_TRABAJO_EN_ALTURAS.pdf', 52),
(517, 'SO8-REG020 Permiso para trabajo en alturas', 'SO8-REG020_PERMISO_PARA_TRABAJO_EN_ALTURAS.pdf', 52),
(518, 'SO8-REG021 Investigacion accidentes', 'SO8-REG021_INVESTIGACION_ACCIDENTES.pdf', 52),
(519, 'SO8-REG022 Evidencias eleccion del copaso', 'SO8-REG022_EVIDENCIAS_ELECCION_DEL_COPASO.pdf', 52),
(520, 'SO8-REG023 Inventario de infraestructura', 'SO8-REG023_INVENTARIO_DE_INFRAESTRUCTURA.pdf', 52),
(521, 'SO8-REG024 Investigacion de incidentes', 'SO8-REG024_INVESTIGACION_DE_INCIDENTES.pdf', 52),
(522, 'SO8-REG025 Consulta estado de salud', 'SO8-REG025_CONSULTA_ESTADO_DE_SALUD.pdf', 52),
(523, 'SO8-REG026 Solicitud, asignacion y entrega de mantenimiento correctivo', 'SO8-REG026_SOLICITUD,_ASIGNACION_Y_ENTREGA_DE_MANTENIMIENTO_CORRECTIVO.pdf', 52),
(524, 'SO8-REG027 Consentimiento informado para la aplicacion de pruebas de alcohol y sustancias en general', 'SO8-REG027_CONSENTIMIENTO_INFORMADO_PARA_LA_APLICACION_DE_PRUEBAS_DE_ALCOHOL_Y_SUSTANCIAS_EN_GENERAL.pdf', 52),
(525, 'SO8-REG028 Solicitud y entrega de mantenimiento correctivo', 'SO8-REG028_SOLICITUD_Y_ENTREGA_DE_MANTENIMIENTO_CORRECTIVO.pdf', 52),
(526, 'SO8-REG029 Inspeccion de seguridad', 'SO8-REG029_INSPECCION_DE_SEGURIDAD.pdf', 52),
(527, 'SO8-REG030 Inspeccion planta fisica', 'SO8-REG030_INSPECCION_PLANTA_FISICA.pdf', 52),
(528, 'SO8-REG031 Consentimiento informado para participacion del estudio y aplicacion de las pruebas de ri', 'SO8-REG031_CONSENTIMIENTO_INFORMADO_PARA_PARTICIPACION_DEL_ESTUDIO_Y_APLICACION_DE_LAS_PRUEBAS_DE_RIESGO_PSICOSOCIAL.pdf', 52),
(529, 'SO8-REG032 Radicado de incapacidades', 'SO8-REG032_RADICADO_DE_INCAPACIDADES.pdf', 52),
(530, 'SO8-REG033 Entrega seguro de accidentes personales para estudiantes', 'SO8-REG033_ENTREGA_SEGURO_DE_ACCIDENTES_PERSONALES_PARA_ESTUDIANTES.pdf', 52),
(531, 'SO8-INS001 Instructivo lavado y desinfeccion de tanques', 'SO8-INS001_INSTRUCTIVO_LAVADO_Y_DESINFECCION_DE_TANQUES.pdf', 47),
(532, 'SO8-INS002 Instructivo manejo de extintores', 'SO8-INS002_INSTRUCTIVO_MANEJO_DE_EXTINTORES.pdf', 47),
(533, 'SO8-INS003 Instructivo manejo y control de plagas', 'SO8-INS003_INSTRUCTIVO_MANEJO_Y_CONTROL_DE_PLAGAS.pdf', 47),
(534, 'SO8-INS004 Instructivo manejo de botiquin', 'SO8-INS004_INSTRUCTIVO_MANEJO_DE_BOTIQUIN.pdf', 47),
(535, 'SO8-INS005 Instructivo para el lavado de manos', 'SO8-INS005_INSTRUCTIVO_PARA_EL_LAVADO_DE_MANOS.pdf', 47),
(536, 'SO8-INS006 Instructivo de elementos de proteccion personal', 'SO8-INS006_INSTRUCTIVO_DE_ELEMENTOS_DE_PROTECCION_PERSONAL.pdf', 47),
(537, 'SO8-INS007 Instructivo para la disposicion y custodia de banos', 'SO8-INS007_INSTRUCTIVO_PARA_LA_DISPOSICION_Y_CUSTODIA_DE_BANOS.pdf', 47),
(538, 'SO8-INS008 Instructivo acceso al extintor de caja', 'SO8-INS008_INSTRUCTIVO_ACCESO_AL_EXTINTOR_DE_CAJA.pdf', 47),
(539, 'SO8-INS009 Levantamiento de cargas', 'SO8-INS009_LEVANTAMIENTO_DE_CARGAS.pdf', 47),
(540, 'SO8-INS010 Instructivo para la manipulaci?n de alimentos', 'SO8-INS010_INSTRUCTIVO_PARA_LA_MANIPULACI?N_DE_ALIMENTOS.pdf', 47),
(541, 'SO8-INS011 Instructivo para el uso y mantenimiento de estufa y trampas de grasas', 'SO8-INS011_INSTRUCTIVO_PARA_EL_USO_Y_MANTENIMIENTO_DE_ESTUFA_Y_TRAMPAS_DE_GRASAS.pdf', 47),
(542, 'SO8-INS012 Inspecciones', 'SO8-INS012_INSPECCIONES.pdf', 47),
(543, 'SO8-PR1 Procedimiento seguridad industrial y salud ocupacional siso', 'SO8-PR1_PROCEDIMIENTO_SEGURIDAD_INDUSTRIAL_Y_SALUD_OCUPACIONAL_SISO.pdf', 50),
(544, 'SO8-PR2 Procedimiento aplicativo prueba con detector de alcohol', 'SO8-PR2_PROCEDIMIENTO_APLICATIVO_PRUEBA_CON_DETECTOR_DE_ALCOHOL.pdf', 50),
(545, 'SO8-PR3 Procedimiento para la atencion de accidentes e incidentes', 'SO8-PR3_PROCEDIMIENTO_PARA_LA_ATENCION_DE_ACCIDENTES_E_INCIDENTES.pdf', 50),
(546, 'Plan de emergencia y contingencia 2012', 'PLAN_DE_EMERGENCIA_Y_CONTINGENCIA_2012.pdf', 48),
(547, 'Como prevenir el segundo pico de gripa', 'COMO_PREVENIR_EL_SEGUNDO_PICO_DE_GRIPA.pdf', 48),
(548, 'III jornada toma de tension', 'III_JORNADA_TOMA_DE_TENSION.pdf', 48),
(549, 'Plan_contra_incendios', 'PLAN_CONTRA_INCENDIOS.pdf', 48),
(550, 'Reglamento de higiene y seguridad industrial', 'REGLAMENTO_DE_HIGIENE_Y_SEGURIDAD_INDUSTRIAL.pdf', 51),
(551, 'GH10 comunicado NO 127', 'GH10_COMUNICADO_NO_127.pdf', 62),
(552, 'GH10 comunicado NO 129', 'GH10_COMUNICADO_NO_129.pdf', 62),
(553, 'GH10 comunicado NO 130', 'GH10_COMUNICADO_NO_130.pdf', 62),
(554, 'GH10 comunicado NO 132', 'GH10_COMUNICADO_NO_132.pdf', 62),
(555, 'GH10 comunicado NO 137', 'GH10_COMUNICADO_NO_137.pdf', 62),
(556, 'GH10 comunicado NO 39', 'GH10_COMUNICADO_NO_39.pdf', 62),
(557, 'GH10 comunicado NO 46', 'GH10_COMUNICADO_NO_46.pdf', 62),
(558, 'GH10-REG001 Requerimiento de personal administrativo', 'GH10-REG001_REQUERIMIENTO_DE_PERSONAL_ADMINISTRATIVO.pdf', 64),
(559, 'GH10-REG002 Informe de entrevista de seleccion de personal', 'GH10-REG002_INFORME_DE_ENTREVISTA_DE_SELECCION_DE_PERSONAL.pdf', 64),
(560, 'GH10-REG003 Entrevista del aspirante del cargo con el jefe inmediato', 'GH10-REG003_ENTREVISTA_DEL_ASPIRANTE_DEL_CARGO_CON_EL_JEFE_INMEDIATO.pdf', 64),
(561, 'GH10-REG004 Analisis y descripcion de cargos', 'GH10-REG004_ANALISIS_Y_DESCRIPCION_DE_CARGOS.pdf', 64),
(562, 'GH10-REG005 Excusas o permisos por ausencias laborales', 'GH10-REG005_EXCUSAS_O_PERMISOS_POR_AUSENCIAS_LABORALES.pdf', 64),
(563, 'GH10-REG006 Comunicado gestion humana', 'GH10-REG006_COMUNICADO_GESTION_HUMANA.pdf', 64),
(564, 'GH10-REG007 Acta de reunion proceso de gestion humana', 'GH10-REG007_ACTA_DE_REUNION_PROCESO_DE_GESTION_HUMANA.pdf', 64),
(565, 'GH10-REG008 Hoja de inscripcion comite de convivencia', 'GH10-REG008_HOJA_DE_INSCRIPCION_COMITE_DE_CONVIVENCIA.pdf', 64),
(566, 'GH10-REG010 Tarjeton de votaciones', 'GH10-REG010_TARJETON_DE_VOTACIONES.pdf', 64),
(567, 'GH10-PR1 Procedimiento para la seleccion del personal administrativo', 'GH10-PR1_PROCEDIMIENTO_PARA_LA_SELECCION_DEL_PERSONAL_ADMINISTRATIVO.pdf', 63),
(568, 'GH10-PR2 Procedimiento para la solicitud de permisos y presentacion de excusas laborales', 'GH10-PR2_PROCEDIMIENTO_PARA_LA_SOLICITUD_DE_PERMISOS_Y_PRESENTACION_DE_EXCUSAS_LABORALES.pdf', 63),
(569, 'GH10-PR3 Procedimiento para la seleccion de instructores', 'GH10-PR3_PROCEDIMIENTO_PARA_LA_SELECCION_DE_INSTRUCTORES.pdf', 63),
(570, 'GI7-PR4 Procedimiento para realizar soporte t?cnico', 'GI7-PR4_PROCEDIMIENTO_PARA_REALIZAR_SOPORTE_TECNICO.pdf', 43),
(571, 'GI7-PR17 Procedimiento para la asignacion entrega y prestamo de equipos', 'GI7-PR17_PROCEDIMIENTO_PARA_LA_ASIGNACION_ENTREGA_Y_PRESTAMO_DE_EQUIPOS.pdf', 43),
(572, 'GI7-PR18 Procedimiento para desactivar o asociar cuentas de correo', 'GI7-PR18_PROCEDIMIENTO_PARA_DESACTIVAR_O_ASOCIAR_CUENTAS_DE_CORREO.pdf', 43),
(573, 'GI7-PR19 Procedimiento requerimiento de equipos para funcionario nuevo', 'GI7-PR19_PROCEDIMIENTO_REQUERIMIENTO_DE_EQUIPOS_PARA_FUNCIONARIO_NUEVO.pdf', 43),
(574, 'GI7-DOC1 Politica de seguridad de la informaci', 'GI7-DOC1._POLITICA_DE_SEGURIDAD_DE_LA_INFORMACION.pdf', 42),
(575, 'SMS9 Identificar riesgos', 'SMS_PRESENTACION.pdf', 60),
(576, 'GD1 Comunicado Reuni?n Pol?tica 2014', 'COMUNICADO_REUNI?N_POLITICA_2014.pdf', 1),
(577, 'PROGRAMA DE AUDITORIA INTERNA 2014', 'PROGRAMA_DE_AUDITORIA_INTERNA_2014.pdf', 67),
(578, 'asdffghjkk', 'hola.pdf', 39),
(579, 'jose', 'hola.pdf', 72),
(580, 'archivo', 'DSC_0003.pdf', 73),
(581, 'certificado!', 'certificado.pdf', 72),
(582, 'hola', '20141015_105550.pdf', 74),
(583, '', 'caracteristicas orador.pdf', 41),
(584, 'ARCHIVO', 'preguntas orador.ppt', 41),
(585, 'nuevo', 'Telefonica_00000100000166472232.pdf', 44),
(586, 'archivo', 'word informatica.doc', 43),
(587, 'ded', 'Telefonica_00000100000166472232.pdf', 42),
(588, 'PRUEBA1', 'GI7-REG011 ENTREGA, ASIGNACION Y PRESTAMO DE EQUIPOS.pdf', 72),
(589, 'PRUEBA1', 'GI7-REG011 ENTREGA, ASIGNACION Y PRESTAMO DE EQUIPOS.pdf', 75);

-- --------------------------------------------------------

--
-- Estructura de tabla para la tabla `file_profile`
--

CREATE TABLE IF NOT EXISTS `file_profile` (
  `file_id` int(11) NOT NULL,
  `profile_id` int(11) NOT NULL
) ENGINE=InnoDB DEFAULT CHARSET=latin1;

-- --------------------------------------------------------

--
-- Estructura de tabla para la tabla `file_user`
--

CREATE TABLE IF NOT EXISTS `file_user` (
`id` int(11) NOT NULL,
  `date` timestamp NOT NULL DEFAULT CURRENT_TIMESTAMP ON UPDATE CURRENT_TIMESTAMP,
  `file_id` int(11) NOT NULL,
  `user_id` int(11) NOT NULL
) ENGINE=InnoDB DEFAULT CHARSET=latin1 AUTO_INCREMENT=1 ;

-- --------------------------------------------------------

--
-- Estructura de tabla para la tabla `folders`
--

CREATE TABLE IF NOT EXISTS `folders` (
`id` int(11) NOT NULL,
  `name` varchar(50) NOT NULL,
  `name_folder` varchar(50) NOT NULL,
  `process_id` int(11) NOT NULL
) ENGINE=InnoDB  DEFAULT CHARSET=latin1 AUTO_INCREMENT=76 ;

--
-- Volcado de datos para la tabla `folders`
--

INSERT INTO `folders` (`id`, `name`, `name_folder`, `process_id`) VALUES
(1, 'Comunicados', 'comunicados', 1),
(2, 'Instructivos', 'instructivos', 1),
(3, 'Manuales', 'manuales', 1),
(4, 'Noticias', 'noticias', 1),
(5, 'Politicas', 'politicas', 1),
(6, 'Procedimientos', 'procedimientos', 1),
(7, 'Resoluciones', 'resoluciones', 1),
(8, 'Varios', 'varios', 1),
(9, 'Formatos', 'formatos', 1),
(10, 'Comunicados', 'comunicados', 2),
(11, 'Documentos Extermos Manejados', 'documentos_extermos_manejados', 2),
(12, 'Manuales', 'manuales', 2),
(13, 'Noticias', 'noticias', 2),
(14, 'Politicas', 'politicas', 2),
(15, 'Procedimientos', 'procedimientos', 2),
(16, 'Formatos', 'formatos', 2),
(17, 'Comunicados', 'comunicados', 3),
(18, 'Instructivos', 'instructivos', 3),
(19, 'Manuales', 'manuales', 3),
(20, 'Noticias', 'noticias', 3),
(21, 'Procedimientos', 'procedimientos', 3),
(22, 'Formatos', 'formatos', 3),
(23, 'Comunicados', 'comunicados', 4),
(24, 'Instructivos', 'instructivos', 4),
(25, 'Noticias', 'noticias', 4),
(26, 'Politicas', 'politicas', 4),
(27, 'Procedimientos', 'procedimientos', 4),
(28, 'Formatos', 'formatos', 4),
(29, 'Comunicados', 'comunicados', 5),
(30, 'Noticias', 'noticias', 5),
(31, 'Politicas', 'politicas', 5),
(32, 'Procedimientos', 'procedimientos', 5),
(33, 'Resoluciones', 'resoluciones', 5),
(34, 'Formatos', 'formatos', 5),
(35, 'Comunicados', 'comunicados', 6),
(36, 'Instructivos', 'instructivos', 6),
(37, 'Procedimientos', 'procedimientos', 6),
(38, 'Formatos', 'formatos', 6),
(39, 'Comunicados', 'comunicados', 7),
(40, 'Instructivos', 'instructivos', 7),
(41, 'Manuales', 'manuales', 7),
(42, 'Politicas', 'politicas', 7),
(43, 'Procedimientos', 'procedimientos', 7),
(44, 'Varios', 'varios', 7),
(45, 'Formatos', 'formatos', 7),
(46, 'Comunicados', 'comunicados', 8),
(47, 'Instructivos', 'instructivos', 8),
(48, 'Programa Estilo De Vida Saludable', 'programa_estilo_de_vida_saludable', 8),
(49, 'Documentos', 'documentos', 8),
(50, 'Procedimientos', 'procedimientos', 8),
(51, 'Reglamento De Seguridad E Higiene Industrial', 'reglamento_de_seguridad_e_higiene_industrial', 8),
(52, 'Formatos', 'formatos', 8),
(53, 'Comunicados', 'comunicados', 9),
(54, 'Instructivos', 'instructivos', 9),
(55, 'Manuales', 'manuales', 9),
(56, 'Noticias', 'noticias', 9),
(57, 'Politicas', 'politicas', 9),
(58, 'Procedimientos', 'procedimientos', 9),
(59, 'Resoluciones', 'resoluciones', 9),
(60, 'Varios', 'varios', 9),
(61, 'Formatos', 'formatos', 9),
(62, 'Comunicados', 'comunicados', 10),
(63, 'Procedimientos', 'procedimientos', 10),
(64, 'Formatos', 'formatos', 10),
(65, 'Certificacion Red Indo', 'certificacion_red_indo', 7),
(66, 'Plan De Gestion Anual', 'plan_de_gestion_anual', 7),
(67, 'Informes', 'informes', 2),
(68, 'Listados Maestros', 'Listados_maestros', 2),
(69, 'Generales', 'generales', 3),
(70, 'Informativos', 'informativos', 3),
(71, 'Normativos', 'normativos', 3),
(72, 'asd', 'asd', 7),
(73, 'daniel', 'daniel', 7),
(74, 'nueva', 'nueva', 7),
(75, 'nueva_carpeta', 'nueva_carpeta', 7);

-- --------------------------------------------------------

--
-- Estructura de tabla para la tabla `galleries`
--

CREATE TABLE IF NOT EXISTS `galleries` (
`id` int(11) NOT NULL,
  `name` varchar(50) DEFAULT NULL,
  `name_gallery` varchar(50) DEFAULT NULL,
  `process_id` int(11) NOT NULL
) ENGINE=InnoDB  DEFAULT CHARSET=latin1 AUTO_INCREMENT=3 ;

--
-- Volcado de datos para la tabla `galleries`
--

INSERT INTO `galleries` (`id`, `name`, `name_gallery`, `process_id`) VALUES
(1, 'Equipos', 'equipos', 7),
(2, 'Salones', 'salones', 7);

-- --------------------------------------------------------

--
-- Estructura de tabla para la tabla `images`
--

CREATE TABLE IF NOT EXISTS `images` (
`id` int(11) NOT NULL,
  `name_image` varchar(100) DEFAULT NULL,
  `gallery_id` int(11) NOT NULL,
  `likes` int(11) NOT NULL
) ENGINE=InnoDB  DEFAULT CHARSET=latin1 AUTO_INCREMENT=6 ;

--
-- Volcado de datos para la tabla `images`
--

INSERT INTO `images` (`id`, `name_image`, `gallery_id`, `likes`) VALUES
(1, 'image1.jpg', 1, 23),
(2, 'image2.jpg', 1, 9),
(3, 'image3.jpg', 2, 6),
(4, 'image4.jpg', 2, 1),
(5, 'image5.jpg', 2, 2);

-- --------------------------------------------------------

--
-- Estructura de tabla para la tabla `income_statistics`
--

CREATE TABLE IF NOT EXISTS `income_statistics` (
`id` int(11) NOT NULL,
  `ip` varchar(30) DEFAULT NULL,
  `users_id` int(11) NOT NULL,
  `created_at` timestamp NULL DEFAULT NULL,
  `updated_at` timestamp NULL DEFAULT NULL
) ENGINE=InnoDB  DEFAULT CHARSET=latin1 AUTO_INCREMENT=83 ;

--
-- Volcado de datos para la tabla `income_statistics`
--

INSERT INTO `income_statistics` (`id`, `ip`, `users_id`, `created_at`, `updated_at`) VALUES
(1, '::1', 194, '2014-10-14 20:36:37', '2014-10-15 20:36:37'),
(2, '::1', 194, '2014-10-15 20:39:57', '2014-10-15 20:39:57'),
(3, '192.168.0.91', 132, '2014-10-15 20:45:54', '2014-10-15 20:45:54'),
(4, '::1', 194, '2014-10-15 20:46:16', '2014-10-15 20:46:16'),
(5, '192.168.0.133', 174, '2014-10-15 20:46:55', '2014-10-15 20:46:55'),
(6, '192.168.0.133', 174, '2014-10-16 12:27:29', '2014-10-16 12:27:29'),
(7, '::1', 194, '2014-10-16 12:34:12', '2014-10-16 12:34:12'),
(8, '192.168.0.91', 132, '2014-10-16 12:34:20', '2014-10-16 12:34:20'),
(9, '::1', 194, '2014-10-16 12:49:13', '2014-10-16 12:49:13'),
(10, '192.168.0.91', 194, '2014-10-17 12:50:21', '2014-10-16 12:50:21'),
(11, '192.168.0.91', 174, '2014-10-16 15:16:15', '2014-10-16 15:16:15'),
(12, '::1', 194, '2014-10-16 16:15:44', '2014-10-16 16:15:44'),
(13, '192.168.0.91', 174, '2014-10-16 17:31:27', '2014-10-16 17:31:27'),
(14, '192.168.0.23', 129, '2014-10-16 19:23:42', '2014-10-16 19:23:42'),
(15, '192.168.0.23', 129, '2014-10-16 21:42:35', '2014-10-16 21:42:35'),
(16, '192.168.0.37', 127, '2014-10-16 21:44:14', '2014-10-16 21:44:14'),
(17, '192.168.0.91', 127, '2014-10-16 22:28:34', '2014-10-16 22:28:34'),
(18, '192.168.0.133', 174, '2014-10-17 12:25:39', '2014-10-17 12:25:39'),
(19, '192.168.0.91', 132, '2014-10-17 12:33:25', '2014-10-17 12:33:25'),
(20, '192.168.0.91', 174, '2014-10-17 15:33:19', '2014-10-17 15:33:19'),
(21, '192.168.0.57', 132, '2014-10-17 15:36:46', '2014-10-17 15:36:46'),
(22, '192.168.0.57', 132, '2014-10-17 15:37:24', '2014-10-17 15:37:24'),
(23, '192.168.0.57', 132, '2014-10-17 15:37:49', '2014-10-17 15:37:49'),
(24, '192.168.0.57', 132, '2014-10-17 16:20:21', '2014-10-17 16:20:21'),
(25, '192.168.0.57', 194, '2014-10-17 16:20:39', '2014-10-17 16:20:39'),
(26, '192.168.0.57', 132, '2014-10-17 16:34:06', '2014-10-17 16:34:06'),
(27, '192.168.0.133', 129, '2014-10-17 18:59:49', '2014-10-17 18:59:49'),
(28, '192.168.0.91', 194, '2014-10-17 19:01:44', '2014-10-17 19:01:44'),
(29, '192.168.0.91', 132, '2014-10-17 19:02:41', '2014-10-17 19:02:41'),
(30, '::1', 194, '2014-10-17 21:39:53', '2014-10-17 21:39:53'),
(31, '::1', 194, '2014-10-18 12:15:36', '2014-10-18 12:15:36'),
(32, '192.168.0.133', 174, '2014-10-20 12:30:48', '2014-10-20 12:30:48'),
(33, '::1', 194, '2014-10-20 13:18:14', '2014-10-20 13:18:14'),
(34, '192.168.0.91', 132, '2014-10-20 13:33:47', '2014-10-20 13:33:47'),
(35, '192.168.0.133', 129, '2014-10-20 13:35:51', '2014-10-20 13:35:51'),
(36, '192.168.0.91', 127, '2014-10-20 13:36:59', '2014-10-20 13:36:59'),
(37, '192.168.0.133', 129, '2014-10-20 19:50:08', '2014-10-20 19:50:08'),
(38, '192.168.0.91', 132, '2014-10-20 19:51:08', '2014-10-20 19:51:08'),
(39, '192.168.0.133', 174, '2014-10-21 12:32:03', '2014-10-21 12:32:03'),
(40, '192.168.0.91', 132, '2014-10-21 12:36:29', '2014-10-21 12:36:29'),
(41, '192.168.0.133', 129, '2014-10-21 12:40:37', '2014-10-21 12:40:37'),
(42, '::1', 194, '2014-10-21 12:43:09', '2014-10-21 12:43:09'),
(43, '::1', 132, '2014-10-21 13:15:59', '2014-10-21 13:15:59'),
(44, '::1', 194, '2014-10-21 13:18:53', '2014-10-21 13:18:53'),
(45, '192.168.0.152', 132, '2014-10-21 13:26:25', '2014-10-21 13:26:25'),
(46, '::1', 194, '2014-10-21 14:16:10', '2014-10-21 14:16:10'),
(47, '::1', 194, '2014-10-21 16:02:36', '2014-10-21 16:02:36'),
(48, '::1', 194, '2014-10-21 16:46:45', '2014-10-21 16:46:45'),
(49, '192.168.0.133', 174, '2014-10-21 20:05:32', '2014-10-21 20:05:32'),
(50, '192.168.0.91', 132, '2014-10-21 20:46:42', '2014-10-21 20:46:42'),
(51, '192.168.0.133', 174, '2014-10-22 12:36:27', '2014-10-22 12:36:27'),
(52, '192.168.0.91', 132, '2014-10-22 15:40:53', '2014-10-22 15:40:53'),
(53, '192.168.0.133', 129, '2014-10-22 18:32:52', '2014-10-22 18:32:52'),
(54, '192.168.0.133', 129, '2014-10-22 19:32:29', '2014-10-22 19:32:29'),
(55, '192.168.0.133', 132, '2014-10-23 15:02:22', '2014-10-23 15:02:22'),
(56, '192.168.0.133', 174, '2014-10-23 15:05:05', '2014-10-23 15:05:05'),
(57, '192.168.0.37', 127, '2014-10-23 19:29:17', '2014-10-23 19:29:17'),
(58, '192.168.0.23', 129, '2014-10-23 19:30:03', '2014-10-23 19:30:03'),
(59, '192.168.0.33', 125, '2014-10-23 19:43:11', '2014-10-23 19:43:11'),
(60, '::1', 125, '2014-10-23 19:46:05', '2014-10-23 19:46:05'),
(61, '::1', 131, '2014-10-23 19:58:48', '2014-10-23 19:58:48'),
(62, '192.168.0.33', 125, '2014-10-23 22:19:37', '2014-10-23 22:19:37'),
(63, '192.168.0.133', 174, '2014-10-24 12:47:31', '2014-10-24 12:47:31'),
(64, '192.168.0.133', 174, '2014-10-24 12:48:20', '2014-10-24 12:48:20'),
(65, '192.168.0.122', 180, '2014-10-24 13:21:27', '2014-10-24 13:21:27'),
(67, '192.168.0.133', 174, '2014-10-24 13:54:10', '2014-10-24 13:54:10'),
(68, '192.168.0.91', 174, '2014-10-24 15:21:38', '2014-10-24 15:21:38'),
(69, '192.168.0.91', 194, '2014-10-24 15:23:24', '2014-10-24 15:23:24'),
(70, '192.168.0.57', 132, '2014-10-24 15:29:28', '2014-10-24 15:29:28'),
(71, '192.168.0.91', 132, '2014-10-24 15:36:39', '2014-10-24 15:36:39'),
(72, '192.168.0.57', 132, '2014-10-24 15:39:24', '2014-10-24 15:39:24'),
(73, '192.168.0.91', 194, '2014-10-24 16:41:41', '2014-10-24 16:41:41'),
(74, '192.168.0.91', 180, '2014-10-24 16:42:08', '2014-10-24 16:42:08'),
(75, '192.168.0.57', 180, '2014-10-24 16:46:06', '2014-10-24 16:46:06'),
(76, '192.168.0.91', 174, '2014-10-24 16:57:23', '2014-10-24 16:57:23'),
(77, '::1', 194, '2014-10-24 17:23:54', '2014-10-24 17:23:54'),
(78, '192.168.0.33', 132, '2014-10-24 17:27:50', '2014-10-24 17:27:50'),
(79, '192.168.0.33', 125, '2014-10-24 19:02:04', '2014-10-24 19:02:04'),
(80, '192.168.0.122', 180, '2014-10-24 19:53:08', '2014-10-24 19:53:08'),
(81, '::1', 194, '2014-10-24 20:11:03', '2014-10-24 20:11:03'),
(82, '::1', 132, '2014-10-24 20:20:29', '2014-10-24 20:20:29');

-- --------------------------------------------------------

--
-- Estructura de tabla para la tabla `menus`
--

CREATE TABLE IF NOT EXISTS `menus` (
`id` int(11) NOT NULL,
  `menu` varchar(45) DEFAULT NULL,
  `icon` varchar(50) NOT NULL
) ENGINE=InnoDB  DEFAULT CHARSET=latin1 AUTO_INCREMENT=6 ;

--
-- Volcado de datos para la tabla `menus`
--

INSERT INTO `menus` (`id`, `menu`, `icon`) VALUES
(1, 'Sistema', 'icon-wrench'),
(2, 'Intranet', 'icon-globe'),
(3, 'Help Desk', 'icon-laptop'),
(4, 'Tareas', 'icon-book'),
(5, 'PQRS', 'icon-info-sign');

-- --------------------------------------------------------

--
-- Estructura de tabla para la tabla `notifications`
--

CREATE TABLE IF NOT EXISTS `notifications` (
`id` int(11) NOT NULL,
  `description` varchar(100) DEFAULT NULL,
  `estate` int(11) DEFAULT NULL,
  `created_at` timestamp NULL DEFAULT NULL,
  `updated_at` timestamp NULL DEFAULT NULL,
  `type_notification_id` int(11) NOT NULL,
  `user_id` int(11) NOT NULL,
  `user_id1` int(11) NOT NULL,
  `link` varchar(50) NOT NULL
) ENGINE=InnoDB  DEFAULT CHARSET=latin1 AUTO_INCREMENT=689 ;

--
-- Volcado de datos para la tabla `notifications`
--

INSERT INTO `notifications` (`id`, `description`, `estate`, `created_at`, `updated_at`, `type_notification_id`, `user_id`, `user_id1`, `link`) VALUES
(626, 'Respondio su soporte.', 0, '2014-10-22 20:34:34', '2014-10-22 21:06:45', 1, 132, 194, 'my_supports_history'),
(627, 'Respondio su soporte.', 0, '2014-10-22 20:37:55', '2014-10-22 21:06:41', 1, 132, 194, 'my_supports_history'),
(628, 'Creo un nuevo soporte', 1, '2014-10-22 20:39:00', '2014-10-22 20:39:00', 1, 127, 132, 'admin_supports'),
(629, 'Creo un nuevo soporte', 0, '2014-10-22 20:39:00', '2014-10-22 20:39:10', 1, 174, 132, 'admin_supports'),
(630, 'Creo un nuevo soporte', 0, '2014-10-22 20:39:00', '2014-10-22 20:42:49', 1, 194, 132, 'admin_supports'),
(631, 'Creo un nuevo soporte', 0, '2014-10-22 20:44:22', '2014-10-23 19:34:23', 1, 127, 132, 'admin_supports'),
(632, 'Creo un nuevo soporte', 0, '2014-10-22 20:44:22', '2014-10-22 21:09:55', 1, 174, 132, 'admin_supports'),
(633, 'Creo un nuevo soporte', 0, '2014-10-22 20:44:22', '2014-10-24 16:53:56', 1, 194, 132, 'admin_supports'),
(634, 'Creo un nuevo soporte', 0, '2014-10-22 20:53:42', '2014-10-23 19:34:20', 1, 127, 132, 'admin_supports'),
(635, 'Creo un nuevo soporte', 0, '2014-10-22 20:53:42', '2014-10-22 21:09:52', 1, 174, 132, 'admin_supports'),
(636, 'Creo un nuevo soporte', 0, '2014-10-22 20:53:43', '2014-10-24 16:53:10', 1, 194, 132, 'admin_supports'),
(637, 'Creo un nuevo soporte', 0, '2014-10-22 20:55:10', '2014-10-23 19:34:17', 1, 127, 132, 'admin_supports'),
(638, 'Creo un nuevo soporte', 0, '2014-10-22 20:55:10', '2014-10-22 21:09:50', 1, 174, 132, 'admin_supports'),
(639, 'Creo un nuevo soporte', 0, '2014-10-22 20:55:10', '2014-10-24 16:53:00', 1, 194, 132, 'admin_supports'),
(640, 'Creo un nuevo soporte', 0, '2014-10-22 20:57:45', '2014-10-23 19:34:12', 1, 127, 132, 'admin_supports'),
(641, 'Creo un nuevo soporte', 0, '2014-10-22 20:57:45', '2014-10-22 21:09:46', 1, 174, 132, 'admin_supports'),
(642, 'Creo un nuevo soporte', 0, '2014-10-22 20:57:45', '2014-10-24 16:52:54', 1, 194, 132, 'admin_supports'),
(643, 'Creo un nuevo soporte', 0, '2014-10-22 21:01:20', '2014-10-23 19:34:07', 1, 127, 132, 'admin_supports'),
(644, 'Creo un nuevo soporte', 0, '2014-10-22 21:01:20', '2014-10-22 21:09:44', 1, 174, 132, 'admin_supports'),
(645, 'Creo un nuevo soporte', 0, '2014-10-22 21:01:20', '2014-10-24 16:52:49', 1, 194, 132, 'admin_supports'),
(646, 'Creo un nuevo soporte', 0, '2014-10-22 21:04:38', '2014-10-23 19:34:04', 1, 127, 132, 'admin_supports'),
(647, 'Creo un nuevo soporte', 0, '2014-10-22 21:04:38', '2014-10-22 21:09:43', 1, 174, 132, 'admin_supports'),
(648, 'Creo un nuevo soporte', 0, '2014-10-22 21:04:39', '2014-10-24 16:52:42', 1, 194, 132, 'admin_supports'),
(649, 'Creo un nuevo soporte', 0, '2014-10-22 21:05:36', '2014-10-23 19:34:00', 1, 127, 132, 'admin_supports'),
(650, 'Creo un nuevo soporte', 0, '2014-10-22 21:05:36', '2014-10-22 21:09:41', 1, 174, 132, 'admin_supports'),
(651, 'Creo un nuevo soporte', 0, '2014-10-22 21:05:36', '2014-10-24 16:52:34', 1, 194, 132, 'admin_supports'),
(652, 'Respondio su soporte.', 0, '2014-10-22 21:09:29', '2014-10-23 12:46:53', 1, 132, 174, 'my_supports_history'),
(653, 'Creo un nuevo soporte', 0, '2014-10-23 19:30:53', '2014-10-23 19:33:59', 1, 127, 127, 'admin_supports'),
(654, 'Creo un nuevo soporte', 1, '2014-10-23 19:30:53', '2014-10-23 19:30:53', 1, 131, 127, 'admin_supports'),
(655, 'Creo un nuevo soporte', 0, '2014-10-23 19:30:53', '2014-10-23 19:31:08', 1, 174, 127, 'admin_supports'),
(656, 'Creo un nuevo soporte', 0, '2014-10-23 19:30:53', '2014-10-23 20:13:15', 1, 194, 127, 'admin_supports'),
(657, 'Le asigno un nuevo soporte', 0, '2014-10-23 19:31:12', '2014-10-24 13:24:47', 1, 180, 127, 'respond_supports'),
(658, 'Creo un nuevo soporte', 1, '2014-10-23 19:37:29', '2014-10-23 19:37:29', 1, 127, 127, 'admin_supports'),
(659, 'Creo un nuevo soporte', 1, '2014-10-23 19:37:29', '2014-10-23 19:37:29', 1, 131, 127, 'admin_supports'),
(660, 'Creo un nuevo soporte', 0, '2014-10-23 19:37:29', '2014-10-23 21:32:02', 1, 174, 127, 'admin_supports'),
(661, 'Creo un nuevo soporte', 0, '2014-10-23 19:37:29', '2014-10-23 20:12:57', 1, 194, 127, 'admin_supports'),
(662, 'Le asigno un nuevo soporte', 1, '2014-10-23 19:38:42', '2014-10-23 19:38:42', 1, 131, 127, 'respond_supports'),
(663, 'Respondio su soporte.', 1, '2014-10-24 13:27:07', '2014-10-24 13:27:07', 1, 127, 180, 'my_supports_history'),
(664, 'Creo un nuevo soporte', 1, '2014-10-24 15:18:33', '2014-10-24 15:18:33', 1, 127, 174, 'admin_supports'),
(665, 'Creo un nuevo soporte', 1, '2014-10-24 15:18:33', '2014-10-24 15:18:33', 1, 131, 174, 'admin_supports'),
(666, 'Creo un nuevo soporte', 0, '2014-10-24 15:18:33', '2014-10-24 18:51:20', 1, 174, 174, 'admin_supports'),
(667, 'Creo un nuevo soporte', 0, '2014-10-24 15:18:33', '2014-10-24 16:52:26', 1, 194, 174, 'admin_supports'),
(668, 'Creo un nuevo soporte', 1, '2014-10-24 15:18:33', '2014-10-24 15:18:33', 1, 201, 174, 'admin_supports'),
(669, 'Creo un nuevo soporte', 1, '2014-10-24 16:24:57', '2014-10-24 16:24:57', 1, 127, 132, 'admin_supports'),
(670, 'Creo un nuevo soporte', 1, '2014-10-24 16:24:57', '2014-10-24 16:24:57', 1, 131, 132, 'admin_supports'),
(671, 'Creo un nuevo soporte', 0, '2014-10-24 16:24:57', '2014-10-24 16:25:12', 1, 132, 132, 'admin_supports'),
(672, 'Creo un nuevo soporte', 0, '2014-10-24 16:24:57', '2014-10-24 18:51:22', 1, 174, 132, 'admin_supports'),
(673, 'Creo un nuevo soporte', 0, '2014-10-24 16:24:57', '2014-10-24 16:52:23', 1, 194, 132, 'admin_supports'),
(674, 'Creo un nuevo soporte', 1, '2014-10-24 16:24:57', '2014-10-24 16:24:57', 1, 201, 132, 'admin_supports'),
(675, 'Creo un nuevo soporte', 1, '2014-10-24 16:27:42', '2014-10-24 16:27:42', 1, 127, 132, 'admin_supports'),
(676, 'Creo un nuevo soporte', 1, '2014-10-24 16:27:42', '2014-10-24 16:27:42', 1, 131, 132, 'admin_supports'),
(677, 'Creo un nuevo soporte', 0, '2014-10-24 16:27:42', '2014-10-24 16:47:13', 1, 132, 132, 'admin_supports'),
(678, 'Creo un nuevo soporte', 0, '2014-10-24 16:27:42', '2014-10-24 18:51:23', 1, 174, 132, 'admin_supports'),
(679, 'Creo un nuevo soporte', 0, '2014-10-24 16:27:42', '2014-10-24 16:52:19', 1, 194, 132, 'admin_supports'),
(680, 'Creo un nuevo soporte', 1, '2014-10-24 16:27:42', '2014-10-24 16:27:42', 1, 201, 132, 'admin_supports'),
(681, 'Le asigno un nuevo soporte', 0, '2014-10-24 16:38:57', '2014-10-24 16:46:19', 1, 180, 132, 'respond_supports'),
(682, 'Te escalo un soporte.', 0, '2014-10-24 16:46:50', '2014-10-24 16:47:04', 1, 194, 180, 'respond_supports'),
(683, 'Creo un nuevo soporte', 1, '2014-10-24 19:04:48', '2014-10-24 19:04:48', 1, 127, 194, 'admin_supports'),
(684, 'Creo un nuevo soporte', 1, '2014-10-24 19:04:48', '2014-10-24 19:04:48', 1, 131, 194, 'admin_supports'),
(685, 'Creo un nuevo soporte', 0, '2014-10-24 19:04:48', '2014-10-24 20:20:42', 1, 132, 194, 'admin_supports'),
(686, 'Creo un nuevo soporte', 1, '2014-10-24 19:04:48', '2014-10-24 19:04:48', 1, 174, 194, 'admin_supports'),
(687, 'Creo un nuevo soporte', 1, '2014-10-24 19:04:48', '2014-10-24 19:04:48', 1, 194, 194, 'admin_supports'),
(688, 'Creo un nuevo soporte', 1, '2014-10-24 19:04:48', '2014-10-24 19:04:48', 1, 201, 194, 'admin_supports');

-- --------------------------------------------------------

--
-- Estructura de tabla para la tabla `pqrs`
--

CREATE TABLE IF NOT EXISTS `pqrs` (
`id` int(11) NOT NULL,
  `title` varchar(150) NOT NULL,
  `description` text NOT NULL,
  `suport_file` varchar(150) DEFAULT NULL,
  `type_pqr_id` int(11) NOT NULL,
  `process_id` int(11) NOT NULL,
  `user_id` int(11) NOT NULL,
  `specify_id` int(11) DEFAULT NULL,
  `states_pqr_id` int(11) NOT NULL DEFAULT '1',
  `created_at` timestamp NULL DEFAULT NULL,
  `updated_at` timestamp NULL DEFAULT NULL
) ENGINE=InnoDB DEFAULT CHARSET=latin1 AUTO_INCREMENT=1 ;

-- --------------------------------------------------------

--
-- Estructura de tabla para la tabla `processes`
--

CREATE TABLE IF NOT EXISTS `processes` (
`id` int(11) NOT NULL,
  `name` varchar(45) NOT NULL,
  `acronyms` varchar(15) DEFAULT NULL,
  `description` text NOT NULL,
  `user_id` int(11) NOT NULL
) ENGINE=InnoDB  DEFAULT CHARSET=latin1 AUTO_INCREMENT=11 ;

--
-- Volcado de datos para la tabla `processes`
--

INSERT INTO `processes` (`id`, `name`, `acronyms`, `description`, `user_id`) VALUES
(1, 'Gestión Directiva', 'GD1', 'La Dirección General se compromete plenamente con la implementación y  mantenimiento del Sistema de Gestión de la Calidad, buscando siempre la mejora \n                        continua de los procesos identificados, asegurando la disponibilidad de recursos con el fin de satisfacer las necesidades del cliente y los requisitos \n                        legales de la Institución y de las partes interesadas.<br/><br/>\n                        <i>"Nada debemos temer, tenemos la Bendición de Dios, una empresa bien organizada, estructurada, un mercado muy especial, un grupo divino que hace rodar \n                        el engranaje montado en excelencia, ahora la decisión está en nuestras manos; mil gracias".</i>\n                        <br/><br/><span class="highlight">Justo Hernando Murcia Pulido\n                        <br/>DIRECTOR GERENTE</span>\n                        <P>\n                                                   </P>', 1),
(2, 'Sistema de Gestión de Calidad', 'SGC2', '<p>Un sistema de gesti&oacute;n de la calidad es el conjunto de normas interrelacionadas de una empresa u organizaci&oacute;n por los cuales se administra de forma ordenada la calidad de la misma, en la b&uacute;squeda de la satisfacci&oacute;n de las necesidades y expectativas de sus clientes.</p>\n', 2),
(3, 'Gestión Académica', 'GA3', '<p>El Proceso de Gesti&oacute;n Acad&eacute;mica, es b&aacute;sicamente el Proceso Misional de la Corporaci&oacute;n Educativa Indoamericana, otorgando capacitaci&oacute;n t&eacute;cnica a personal en el campo de la aviaci&oacute;n, mediante el enfoque de la formaci&oacute;n integral paralela a la instrucci&oacute;n, que les permita desempe&ntilde;arse laboralmente de forma id&oacute;nea y eficiente en el Sector Aeron&aacute;utico Nacional e Internacional.<br />\r\n<br />\r\n<span class="highlight">Joselyn Z&aacute;rate&nbsp;<br />\r\nDIRECTOR ACAD&Eacute;MICO</span></p>\r\n', 1),
(4, 'Bienestar Institucional', 'BI4', ' Bienestar Institucional y Psicología tiene la misión de promover programas, actividades, proyectos y acciones que contribuyan al desarrollo     humano y la formación integral para mejorar y optimizar la calidad de vida de la comunidad Indoamericana, Para el año 2012 la Oficina de Bienestar Institucional y Psicología será reconocida por su aporte a la formación integral de la Comunidad Indoamericana por sus logros y por su posición de liderazgo.<br/><br/><span class="highlight"> <br/>CORDINACIÓN BIENESTAR INSTITUCIONAL</span>', 2),
(5, 'Gestión Administrativa y Comercial', 'GAC5', 'El proceso tiene como misión crear, aplicar y evaluar estrategias publicitarias y de mercadeo que permitan la captación de nuevos estudiantes, \n                       administrar las actividades realizadas por los procesos de la institución y planear las actividades que conlleven a la participación en las licitaciones \n                       que contribuya a la creación de convenios estratégicos y administrar todo lo concerniente a la contratación y capacitación del personal.\nAdd a comment to this line\n                        <br/><br/><span class="highlight">Shirley Zarate Giraldo\n                        <br/>DIRECTORA ADMINISTRATIVA Y COMERCIAL</span>', 1),
(6, 'Gestión Contable y Compras', 'GCC6', 'El Departamento de Contabilidad se encarga de instrumentar y operar las políticas, normas, sistemas y procedimientos necesarios para garantizar la exactitud \n                        y seguridad en la captación y registro de las operaciones financieras, presupuestales y de consecución de metas de la corporación, a efecto de suministrar \n                        información que coadyuve a la toma de decisiones, a promover la eficiencia y eficacia del control de gestión, a la evaluación de las actividades y facilite la \n                        fiscalización de sus operaciones, cuidando que dicha contabilización se realice con documentos comprobatorios y justificativos originales, y vigilando la debida \n                        observancia de las leyes, normas y reglamentos aplicables.\n                        <br/><br/><span class="highlight">Angela Beatriz Medina\n                        <br/>DIRECTORA CONTABLE Y COMPRAS</span>', 2),
(7, 'Gestión de la Información', 'GI7', '<p>Tiene como misi&oacute;n gestionar de forma integral la informaci&oacute;n generada u obtenida en la Corporaci&oacute;n. Identificar, coordinar y apoyar a las distintas &aacute;reas de la organizaci&oacute;n en las que se obtiene, procesa, genera o proyecta informaci&oacute;n.<br />\n<br />\n<br />\n<strong><span class="highlight">Daniel Z&aacute;rate Giraldo<br />\nDIRECTOR GESTI&Oacute;N DE LA INFORMACI&Oacute;N...</span></strong></p>\n', 1),
(8, 'Salud Ocupacional', 'SO8', 'La Salud Ocupacional hace parte importante de la sociedad empresarial. A medida que transcurre el tiempo es necesario implementar programas de                         prevención de las enfermedades ocupacionales y accidentes de trabajo. Es decir, que la salud de cada trabajador es un componente fundamental                         para el desarrollo de un país y el progreso de la sociedad, visto así, un trabajador sano se constituye en el factor más importante de los procesos productivos.  <br/>                      La Corporación tiene como objetivo principal promover ambientes seguros de trabajo y ejecutar actividades encaminadas a mantener el más alto bienestar físico y                         mental de los trabajadores.                        <br/><br/><span class="highlight">Yamile Guatibonza Silva                        <br/>COORDINADORA SALUD OCUPACIONAL</span>', 2),
(9, 'Gestión Seguridad Operacional', 'SMS9', 'La CORPORACIÓN EDUCATIVA INDOAMERICANA, Centro de Instrucción certificado ante la Aeronáutica Civil, consciente de preservar la salud, la propiedad, la seguridad y el medio ambiente se compromete a mantener un sistema que asegure la mitigación de las situaciones de riesgo, mediante la promoción de seguridad, la asignación de recursos necesarios y el cumplimiento de la normatividad Nacional e Internacional.\n  \n <br/><br/><span class="highlight">GESTIÓN SEGURIDAD OPERACIONAL.<br/><br/><br/><br/><br/><a target="_blank" href="/indoamericana/webroot/files/SMS9/varios/SMS_PRESENTACION.pdf">SMS9 Identificar riesgos</a></span>', 1),
(10, 'Gestión Humana', 'GH10', 'La CORPORACIÓN EDUCATIVA INDOAMERICANA', 2);

-- --------------------------------------------------------

--
-- Estructura de tabla para la tabla `profiles`
--

CREATE TABLE IF NOT EXISTS `profiles` (
`id` int(11) NOT NULL,
  `profile` varchar(50) DEFAULT NULL,
  `categories_profile_id` int(11) NOT NULL,
  `processes_id` int(11) NOT NULL
) ENGINE=InnoDB  DEFAULT CHARSET=latin1 AUTO_INCREMENT=82 ;

--
-- Volcado de datos para la tabla `profiles`
--

INSERT INTO `profiles` (`id`, `profile`, `categories_profile_id`, `processes_id`) VALUES
(1, 'Analista Académico', 1, 3),
(2, 'Aprendiz - Auxiliar de enfermería', 1, 8),
(3, 'Aprendiz Diseño Grafico', 1, 1),
(4, 'Aprendiz Sena Archivo', 1, 10),
(5, 'Aprendiz SENA Sistemas', 1, 7),
(6, 'Asesor Académico', 1, 3),
(7, 'Asesor Comercial', 1, 5),
(8, 'Asistente de Acreditacion', 1, 1),
(9, 'Asistente De Compras', 1, 6),
(10, 'Asistente De Dirección Administrativa', 1, 5),
(11, 'Asistente De Educación Continuada', 1, 3),
(12, 'Asistente De Gerencia', 1, 1),
(13, 'Asistente De Sistemas', 1, 7),
(14, 'Asistente De Subdirección Administrativa', 1, 10),
(15, 'Auxiliar Comercial', 1, 5),
(16, 'Auxiliar Contable', 1, 6),
(17, 'Auxiliar De Archivo', 1, 10),
(18, 'Auxiliar de biblioteca', 1, 10),
(19, 'Auxiliar De Bienestar', 1, 4),
(20, 'Auxiliar De Compras', 1, 6),
(21, 'Auxiliar de dirección académica', 1, 3),
(22, 'Auxiliar de Diseño Gráfico', 1, 7),
(23, 'Auxiliar de educación continuada', 1, 3),
(24, 'Auxiliar de Egresados y Pasantes', 1, 3),
(25, 'Auxiliar de Enfermeria', 1, 8),
(26, 'Auxiliar De Gerencia', 1, 1),
(27, 'Auxiliar De Gestión Académica', 1, 3),
(28, 'Auxiliar De Mantenimiento Locativo', 1, 8),
(29, 'Auxiliar De Medios Audiovisuales', 1, 7),
(30, 'Auxiliar De Nómina Y Contratación', 1, 10),
(31, 'Auxiliar De Servicios Generales', 1, 8),
(32, 'Auxiliar De Sistemas', 1, 7),
(33, 'Auxiliar de Subdirección Administrativa ', 1, 10),
(34, 'Auxiliar De Talleres Y Hangar', 1, 3),
(35, 'Auxiliar De Talleres Y Laboratorio', 1, 3),
(36, 'Auxiliar Medios Virtuales', 1, 7),
(38, 'Cajero', 1, 6),
(39, 'Conductor', 1, 5),
(40, 'Contador(a)', 1, 6),
(41, 'Coordinadora Académico General', 1, 3),
(42, 'Coordinador Aulas Virtuales', 1, 7),
(43, 'Coordinador Contable', 1, 6),
(44, 'Coordinador(a) De Bienestar Institucional', 1, 4),
(45, 'Coordinador de Desarrollo Software', 1, 7),
(46, 'Coordinador De Educación Continuada', 1, 3),
(47, 'Coordinador de oficina Trainair Plus', 1, 3),
(48, 'Coordinador De Talleres Y Hangar', 1, 3),
(49, 'Coordinador De Tesorería', 1, 6),
(50, 'Coordinador de Tics', 1, 7),
(51, 'Coordinador Gestión Jurídica', 1, 1),
(52, 'Coordinador Infraestructura Y Planta Fisica', 1, 8),
(53, 'Coordinador Instrucción Y Control', 1, 3),
(55, 'Coordinadora de acreditación', 1, 1),
(56, 'Coordinadora De Calidad', 1, 2),
(57, 'Coordinadora De Oficina De Egresados Y Pasantes', 1, 3),
(58, 'Coordinadora De Programas', 1, 3),
(59, 'Coordinadora De Proyectos Especiales', 1, 3),
(60, 'Coordinadora de Salud Ocupacional', 1, 8),
(61, 'Coordinadora Publicidad Y Mercadeo', 1, 5),
(63, 'Coordinadora Seguridad Operacional', 1, 9),
(64, 'Desarrollador', 1, 7),
(65, 'Digitador', 1, 7),
(66, 'Director Académico', 1, 3),
(67, 'Director De Tics', 1, 7),
(68, 'Director Gerente', 1, 1),
(69, 'Directora Administrativa', 1, 5),
(70, 'Directora Contable', 1, 6),
(71, 'Instructor tiempo completo', 1, 3),
(72, 'Mantenimiento Y Restauración', 1, 8),
(73, 'Mensajero', 1, 5),
(74, 'Pasante Diseño Grafico', 1, 7),
(75, 'Recepcionista', 1, 10),
(76, 'Representante ante la Dirección', 1, 2),
(77, 'Secretaria Académica', 1, 3),
(78, 'Subdirectora Administrativa', 1, 10),
(79, 'Telemercaderista', 1, 5),
(80, 'nuevo perfil', 1, 7),
(81, 'nuevo perfil 2', 1, 4);

-- --------------------------------------------------------

--
-- Estructura de tabla para la tabla `profiles_submenus`
--

CREATE TABLE IF NOT EXISTS `profiles_submenus` (
  `profiles_id` int(11) NOT NULL,
  `submenus_id` int(11) NOT NULL
) ENGINE=InnoDB DEFAULT CHARSET=latin1;

--
-- Volcado de datos para la tabla `profiles_submenus`
--

INSERT INTO `profiles_submenus` (`profiles_id`, `submenus_id`) VALUES
(64, 1),
(67, 1),
(81, 1),
(50, 2),
(64, 2),
(67, 2),
(5, 3),
(13, 3),
(32, 3),
(50, 3),
(64, 3),
(65, 3),
(67, 3),
(13, 4),
(50, 4),
(64, 4),
(67, 4),
(5, 5),
(13, 5),
(32, 5),
(50, 5),
(64, 5),
(65, 5),
(67, 5),
(81, 5),
(1, 7),
(2, 7),
(3, 7),
(4, 7),
(5, 7),
(6, 7),
(7, 7),
(8, 7),
(9, 7),
(10, 7),
(11, 7),
(12, 7),
(13, 7),
(14, 7),
(15, 7),
(16, 7),
(17, 7),
(18, 7),
(19, 7),
(20, 7),
(21, 7),
(22, 7),
(23, 7),
(24, 7),
(25, 7),
(26, 7),
(27, 7),
(28, 7),
(29, 7),
(30, 7),
(31, 7),
(33, 7),
(34, 7),
(35, 7),
(36, 7),
(38, 7),
(39, 7),
(40, 7),
(41, 7),
(42, 7),
(43, 7),
(44, 7),
(45, 7),
(46, 7),
(47, 7),
(48, 7),
(49, 7),
(50, 7),
(51, 7),
(52, 7),
(53, 7),
(55, 7),
(56, 7),
(57, 7),
(58, 7),
(59, 7),
(60, 7),
(61, 7),
(63, 7),
(64, 7),
(65, 7),
(66, 7),
(67, 7),
(68, 7),
(69, 7),
(70, 7),
(71, 7),
(72, 7),
(73, 7),
(74, 7),
(75, 7),
(76, 7),
(77, 7),
(78, 7),
(79, 7),
(81, 7),
(1, 8),
(2, 8),
(3, 8),
(4, 8),
(5, 8),
(6, 8),
(7, 8),
(8, 8),
(9, 8),
(10, 8),
(11, 8),
(12, 8),
(13, 8),
(14, 8),
(15, 8),
(16, 8),
(17, 8),
(18, 8),
(19, 8),
(20, 8),
(21, 8),
(22, 8),
(23, 8),
(24, 8),
(25, 8),
(26, 8),
(27, 8),
(28, 8),
(29, 8),
(30, 8),
(31, 8),
(32, 8),
(33, 8),
(34, 8),
(35, 8),
(36, 8),
(38, 8),
(39, 8),
(40, 8),
(41, 8),
(42, 8),
(43, 8),
(44, 8),
(45, 8),
(46, 8),
(47, 8),
(48, 8),
(49, 8),
(50, 8),
(51, 8),
(52, 8),
(53, 8),
(55, 8),
(56, 8),
(57, 8),
(58, 8),
(59, 8),
(60, 8),
(61, 8),
(63, 8),
(64, 8),
(65, 8),
(66, 8),
(67, 8),
(68, 8),
(69, 8),
(70, 8),
(71, 8),
(72, 8),
(73, 8),
(74, 8),
(75, 8),
(76, 8),
(77, 8),
(78, 8),
(79, 8),
(1, 9),
(2, 9),
(3, 9),
(4, 9),
(5, 9),
(6, 9),
(7, 9),
(8, 9),
(9, 9),
(10, 9),
(11, 9),
(12, 9),
(13, 9),
(14, 9),
(15, 9),
(16, 9),
(17, 9),
(18, 9),
(19, 9),
(20, 9),
(21, 9),
(22, 9),
(23, 9),
(24, 9),
(25, 9),
(26, 9),
(27, 9),
(28, 9),
(29, 9),
(30, 9),
(31, 9),
(32, 9),
(33, 9),
(34, 9),
(35, 9),
(36, 9),
(38, 9),
(39, 9),
(40, 9),
(41, 9),
(42, 9),
(43, 9),
(44, 9),
(45, 9),
(46, 9),
(47, 9),
(48, 9),
(49, 9),
(50, 9),
(51, 9),
(52, 9),
(53, 9),
(55, 9),
(56, 9),
(57, 9),
(58, 9),
(59, 9),
(60, 9),
(61, 9),
(63, 9),
(64, 9),
(65, 9),
(66, 9),
(67, 9),
(68, 9),
(69, 9),
(70, 9),
(71, 9),
(72, 9),
(73, 9),
(74, 9),
(75, 9),
(76, 9),
(77, 9),
(78, 9),
(79, 9),
(1, 10),
(2, 10),
(3, 10),
(4, 10),
(5, 10),
(6, 10),
(7, 10),
(8, 10),
(9, 10),
(10, 10),
(11, 10),
(12, 10),
(13, 10),
(14, 10),
(15, 10),
(16, 10),
(17, 10),
(18, 10),
(19, 10),
(20, 10),
(21, 10),
(22, 10),
(23, 10),
(24, 10),
(25, 10),
(26, 10),
(27, 10),
(28, 10),
(29, 10),
(30, 10),
(31, 10),
(32, 10),
(33, 10),
(34, 10),
(35, 10),
(36, 10),
(38, 10),
(39, 10),
(40, 10),
(41, 10),
(42, 10),
(43, 10),
(44, 10),
(45, 10),
(46, 10),
(47, 10),
(48, 10),
(49, 10),
(50, 10),
(51, 10),
(52, 10),
(53, 10),
(55, 10),
(56, 10),
(57, 10),
(58, 10),
(59, 10),
(60, 10),
(61, 10),
(63, 10),
(64, 10),
(65, 10),
(66, 10),
(67, 10),
(68, 10),
(69, 10),
(70, 10),
(71, 10),
(72, 10),
(73, 10),
(74, 10),
(75, 10),
(76, 10),
(77, 10),
(78, 10),
(79, 10),
(1, 11),
(2, 11),
(3, 11),
(4, 11),
(5, 11),
(6, 11),
(7, 11),
(8, 11),
(9, 11),
(10, 11),
(11, 11),
(12, 11),
(13, 11),
(14, 11),
(15, 11),
(16, 11),
(17, 11),
(18, 11),
(19, 11),
(20, 11),
(21, 11),
(22, 11),
(23, 11),
(24, 11),
(25, 11),
(26, 11),
(27, 11),
(28, 11),
(29, 11),
(30, 11),
(31, 11),
(32, 11),
(33, 11),
(34, 11),
(35, 11),
(36, 11),
(38, 11),
(39, 11),
(40, 11),
(41, 11),
(42, 11),
(43, 11),
(44, 11),
(45, 11),
(46, 11),
(47, 11),
(48, 11),
(49, 11),
(50, 11),
(51, 11),
(52, 11),
(53, 11),
(55, 11),
(56, 11),
(57, 11),
(58, 11),
(59, 11),
(60, 11),
(61, 11),
(63, 11),
(64, 11),
(65, 11),
(66, 11),
(67, 11),
(68, 11),
(69, 11),
(70, 11),
(71, 11),
(72, 11),
(73, 11),
(74, 11),
(75, 11),
(76, 11),
(77, 11),
(78, 11),
(79, 11),
(1, 12),
(2, 12),
(3, 12),
(4, 12),
(5, 12),
(6, 12),
(7, 12),
(8, 12),
(9, 12),
(10, 12),
(11, 12),
(12, 12),
(13, 12),
(14, 12),
(15, 12),
(16, 12),
(17, 12),
(18, 12),
(19, 12),
(20, 12),
(21, 12),
(22, 12),
(23, 12),
(24, 12),
(25, 12),
(26, 12),
(27, 12),
(28, 12),
(29, 12),
(30, 12),
(31, 12),
(32, 12),
(33, 12),
(34, 12),
(35, 12),
(36, 12),
(38, 12),
(39, 12),
(40, 12),
(41, 12),
(42, 12),
(43, 12),
(44, 12),
(45, 12),
(46, 12),
(47, 12),
(48, 12),
(49, 12),
(50, 12),
(51, 12),
(52, 12),
(53, 12),
(55, 12),
(56, 12),
(57, 12),
(58, 12),
(59, 12),
(60, 12),
(61, 12),
(63, 12),
(64, 12),
(65, 12),
(66, 12),
(67, 12),
(68, 12),
(69, 12),
(70, 12),
(71, 12),
(72, 12),
(73, 12),
(74, 12),
(75, 12),
(76, 12),
(77, 12),
(78, 12),
(79, 12),
(1, 13),
(2, 13),
(3, 13),
(4, 13),
(5, 13),
(6, 13),
(7, 13),
(8, 13),
(9, 13),
(10, 13),
(11, 13),
(12, 13),
(13, 13),
(14, 13),
(15, 13),
(16, 13),
(17, 13),
(18, 13),
(19, 13),
(20, 13),
(21, 13),
(22, 13),
(23, 13),
(24, 13),
(25, 13),
(26, 13),
(27, 13),
(28, 13),
(29, 13),
(30, 13),
(31, 13),
(32, 13),
(33, 13),
(34, 13),
(35, 13),
(36, 13),
(38, 13),
(39, 13),
(40, 13),
(41, 13),
(42, 13),
(43, 13),
(44, 13),
(45, 13),
(46, 13),
(47, 13),
(48, 13),
(49, 13),
(50, 13),
(51, 13),
(52, 13),
(53, 13),
(55, 13),
(56, 13),
(57, 13),
(58, 13),
(59, 13),
(60, 13),
(61, 13),
(63, 13),
(64, 13),
(65, 13),
(66, 13),
(67, 13),
(68, 13),
(69, 13),
(70, 13),
(71, 13),
(72, 13),
(73, 13),
(74, 13),
(75, 13),
(76, 13),
(77, 13),
(78, 13),
(79, 13),
(1, 14),
(2, 14),
(3, 14),
(4, 14),
(5, 14),
(6, 14),
(7, 14),
(8, 14),
(9, 14),
(10, 14),
(11, 14),
(12, 14),
(13, 14),
(14, 14),
(15, 14),
(16, 14),
(17, 14),
(18, 14),
(19, 14),
(20, 14),
(21, 14),
(22, 14),
(23, 14),
(24, 14),
(25, 14),
(26, 14),
(27, 14),
(28, 14),
(29, 14),
(30, 14),
(31, 14),
(32, 14),
(33, 14),
(34, 14),
(35, 14),
(36, 14),
(38, 14),
(39, 14),
(40, 14),
(41, 14),
(42, 14),
(43, 14),
(44, 14),
(45, 14),
(46, 14),
(47, 14),
(48, 14),
(49, 14),
(50, 14),
(51, 14),
(52, 14),
(53, 14),
(55, 14),
(56, 14),
(57, 14),
(58, 14),
(59, 14),
(60, 14),
(61, 14),
(63, 14),
(64, 14),
(65, 14),
(66, 14),
(67, 14),
(68, 14),
(69, 14),
(70, 14),
(71, 14),
(72, 14),
(73, 14),
(74, 14),
(75, 14),
(76, 14),
(77, 14),
(78, 14),
(79, 14),
(1, 15),
(2, 15),
(3, 15),
(4, 15),
(5, 15),
(6, 15),
(7, 15),
(8, 15),
(9, 15),
(10, 15),
(11, 15),
(12, 15),
(13, 15),
(14, 15),
(15, 15),
(16, 15),
(17, 15),
(18, 15),
(19, 15),
(20, 15),
(21, 15),
(22, 15),
(23, 15),
(24, 15),
(25, 15),
(26, 15),
(27, 15),
(28, 15),
(29, 15),
(30, 15),
(31, 15),
(32, 15),
(33, 15),
(34, 15),
(35, 15),
(36, 15),
(38, 15),
(39, 15),
(40, 15),
(41, 15),
(42, 15),
(43, 15),
(44, 15),
(45, 15),
(46, 15),
(47, 15),
(48, 15),
(49, 15),
(50, 15),
(51, 15),
(52, 15),
(53, 15),
(55, 15),
(56, 15),
(57, 15),
(58, 15),
(59, 15),
(60, 15),
(61, 15),
(63, 15),
(64, 15),
(65, 15),
(66, 15),
(67, 15),
(68, 15),
(69, 15),
(70, 15),
(71, 15),
(72, 15),
(73, 15),
(74, 15),
(75, 15),
(76, 15),
(77, 15),
(78, 15),
(79, 15),
(1, 16),
(2, 16),
(3, 16),
(4, 16),
(5, 16),
(6, 16),
(7, 16),
(8, 16),
(9, 16),
(10, 16),
(11, 16),
(12, 16),
(13, 16),
(14, 16),
(15, 16),
(16, 16),
(17, 16),
(18, 16),
(19, 16),
(20, 16),
(21, 16),
(22, 16),
(23, 16),
(24, 16),
(25, 16),
(26, 16),
(27, 16),
(28, 16),
(29, 16),
(30, 16),
(31, 16),
(32, 16),
(33, 16),
(34, 16),
(35, 16),
(36, 16),
(38, 16),
(39, 16),
(40, 16),
(41, 16),
(42, 16),
(43, 16),
(44, 16),
(45, 16),
(46, 16),
(47, 16),
(48, 16),
(49, 16),
(50, 16),
(51, 16),
(52, 16),
(53, 16),
(55, 16),
(56, 16),
(57, 16),
(58, 16),
(59, 16),
(60, 16),
(61, 16),
(63, 16),
(64, 16),
(65, 16),
(66, 16),
(67, 16),
(68, 16),
(69, 16),
(70, 16),
(71, 16),
(72, 16),
(73, 16),
(74, 16),
(75, 16),
(76, 16),
(77, 16),
(78, 16),
(79, 16),
(1, 17),
(2, 17),
(3, 17),
(4, 17),
(5, 17),
(6, 17),
(7, 17),
(8, 17),
(9, 17),
(10, 17),
(11, 17),
(12, 17),
(13, 17),
(14, 17),
(15, 17),
(16, 17),
(17, 17),
(18, 17),
(19, 17),
(20, 17),
(21, 17),
(22, 17),
(23, 17),
(24, 17),
(25, 17),
(26, 17),
(27, 17),
(28, 17),
(29, 17),
(30, 17),
(31, 17),
(32, 17),
(33, 17),
(34, 17),
(35, 17),
(36, 17),
(38, 17),
(39, 17),
(40, 17),
(41, 17),
(42, 17),
(43, 17),
(44, 17),
(45, 17),
(46, 17),
(47, 17),
(48, 17),
(49, 17),
(50, 17),
(51, 17),
(52, 17),
(53, 17),
(55, 17),
(56, 17),
(57, 17),
(58, 17),
(59, 17),
(60, 17),
(61, 17),
(63, 17),
(64, 17),
(65, 17),
(66, 17),
(67, 17),
(68, 17),
(69, 17),
(70, 17),
(71, 17),
(72, 17),
(73, 17),
(74, 17),
(75, 17),
(76, 17),
(77, 17),
(78, 17),
(79, 17),
(1, 18),
(2, 18),
(3, 18),
(4, 18),
(5, 18),
(6, 18),
(7, 18),
(8, 18),
(9, 18),
(10, 18),
(11, 18),
(12, 18),
(13, 18),
(14, 18),
(15, 18),
(16, 18),
(17, 18),
(18, 18),
(19, 18),
(20, 18),
(21, 18),
(22, 18),
(23, 18),
(24, 18),
(25, 18),
(26, 18),
(27, 18),
(28, 18),
(29, 18),
(30, 18),
(31, 18),
(32, 18),
(33, 18),
(34, 18),
(35, 18),
(36, 18),
(38, 18),
(39, 18),
(40, 18),
(41, 18),
(42, 18),
(43, 18),
(44, 18),
(45, 18),
(46, 18),
(47, 18),
(48, 18),
(49, 18),
(50, 18),
(51, 18),
(52, 18),
(53, 18),
(55, 18),
(56, 18),
(57, 18),
(58, 18),
(59, 18),
(60, 18),
(61, 18),
(63, 18),
(64, 18),
(65, 18),
(66, 18),
(67, 18),
(68, 18),
(69, 18),
(70, 18),
(71, 18),
(72, 18),
(73, 18),
(74, 18),
(75, 18),
(76, 18),
(77, 18),
(78, 18),
(79, 18),
(64, 19),
(64, 20),
(67, 20),
(64, 21),
(67, 21);

-- --------------------------------------------------------

--
-- Estructura de tabla para la tabla `profiles_users`
--

CREATE TABLE IF NOT EXISTS `profiles_users` (
  `users_id` int(11) NOT NULL,
  `profiles_id` int(11) NOT NULL
) ENGINE=InnoDB DEFAULT CHARSET=latin1;

--
-- Volcado de datos para la tabla `profiles_users`
--

INSERT INTO `profiles_users` (`users_id`, `profiles_id`) VALUES
(91, 1),
(159, 2),
(182, 3),
(146, 4),
(148, 4),
(163, 4),
(190, 4),
(130, 5),
(180, 5),
(94, 6),
(99, 6),
(110, 7),
(114, 7),
(189, 8),
(124, 9),
(115, 10),
(92, 11),
(78, 12),
(82, 12),
(179, 12),
(181, 12),
(131, 13),
(150, 14),
(112, 15),
(120, 16),
(165, 16),
(166, 16),
(149, 17),
(164, 17),
(192, 17),
(161, 18),
(162, 18),
(171, 18),
(178, 18),
(183, 18),
(105, 19),
(122, 20),
(158, 20),
(2, 21),
(173, 22),
(155, 23),
(84, 24),
(186, 25),
(80, 26),
(193, 26),
(100, 27),
(102, 27),
(116, 27),
(154, 27),
(156, 27),
(135, 28),
(138, 28),
(126, 29),
(147, 30),
(133, 31),
(134, 31),
(137, 31),
(139, 31),
(141, 31),
(142, 31),
(143, 31),
(144, 31),
(160, 31),
(170, 31),
(188, 31),
(125, 32),
(128, 32),
(185, 33),
(90, 34),
(98, 34),
(87, 35),
(95, 35),
(168, 36),
(118, 38),
(108, 39),
(157, 39),
(167, 40),
(187, 40),
(101, 41),
(175, 42),
(195, 42),
(123, 43),
(104, 44),
(176, 44),
(88, 46),
(153, 47),
(86, 48),
(119, 49),
(127, 50),
(81, 51),
(136, 52),
(97, 53),
(152, 55),
(83, 56),
(106, 57),
(93, 58),
(89, 59),
(169, 60),
(177, 60),
(111, 61),
(184, 63),
(174, 64),
(194, 64),
(201, 64),
(129, 65),
(103, 66),
(132, 67),
(1, 68),
(117, 69),
(121, 70),
(172, 71),
(140, 72),
(107, 73),
(191, 74),
(109, 75),
(103, 76),
(96, 77),
(145, 78),
(113, 79);

-- --------------------------------------------------------

--
-- Estructura de tabla para la tabla `specify`
--

CREATE TABLE IF NOT EXISTS `specify` (
`id` int(11) NOT NULL,
  `name` varchar(45) NOT NULL,
  `description_id` int(11) NOT NULL
) ENGINE=InnoDB DEFAULT CHARSET=latin1 AUTO_INCREMENT=1 ;

-- --------------------------------------------------------

--
-- Estructura de tabla para la tabla `states_pqrs`
--

CREATE TABLE IF NOT EXISTS `states_pqrs` (
`id` int(11) NOT NULL,
  `name` varchar(155) NOT NULL
) ENGINE=InnoDB DEFAULT CHARSET=latin1 AUTO_INCREMENT=1 ;

-- --------------------------------------------------------

--
-- Estructura de tabla para la tabla `states_students`
--

CREATE TABLE IF NOT EXISTS `states_students` (
`id` int(11) NOT NULL,
  `state` varchar(45) DEFAULT NULL
) ENGINE=InnoDB DEFAULT CHARSET=latin1 AUTO_INCREMENT=1 ;

-- --------------------------------------------------------

--
-- Estructura de tabla para la tabla `states_teachers`
--

CREATE TABLE IF NOT EXISTS `states_teachers` (
`id` int(11) NOT NULL,
  `state` varchar(45) DEFAULT NULL
) ENGINE=InnoDB DEFAULT CHARSET=latin1 AUTO_INCREMENT=1 ;

-- --------------------------------------------------------

--
-- Estructura de tabla para la tabla `students`
--

CREATE TABLE IF NOT EXISTS `students` (
`id` int(11) NOT NULL,
  `code` varchar(45) DEFAULT NULL,
  `states_student_id` int(11) NOT NULL,
  `user_id` int(11) NOT NULL
) ENGINE=InnoDB DEFAULT CHARSET=latin1 AUTO_INCREMENT=1 ;

-- --------------------------------------------------------

--
-- Estructura de tabla para la tabla `submenus`
--

CREATE TABLE IF NOT EXISTS `submenus` (
`id` int(11) NOT NULL,
  `submenu` varchar(45) DEFAULT NULL,
  `link` varchar(255) DEFAULT NULL,
  `menu_id` int(11) NOT NULL
) ENGINE=InnoDB  DEFAULT CHARSET=latin1 AUTO_INCREMENT=22 ;

--
-- Volcado de datos para la tabla `submenus`
--

INSERT INTO `submenus` (`id`, `submenu`, `link`, `menu_id`) VALUES
(1, 'Equipos', 'soporte/equipos', 3),
(2, 'Estadísticas', 'statistics', 3),
(3, 'Mis solicitudes', 'my_supports', 3),
(4, 'Administrar Solicitudes', 'admin_supports', 3),
(5, 'Atender Solicitudes', 'respond_supports', 3),
(7, 'Estadísticas', 'estadisticas', 2),
(8, 'Información General', 'informacion', 2),
(9, 'Gestión Directiva', 'proceso/1', 2),
(10, 'Sistema de Gestión de Calidad', 'proceso/2', 2),
(11, 'Gestión Académica', 'proceso/3', 2),
(12, 'Bienestar Institucional', 'proceso/4', 2),
(13, 'Gestión Administrativa y Comercial', 'proceso/5', 2),
(14, 'Gestión Contable y Compras', 'proceso/6', 2),
(15, 'Gestión de la Información', 'proceso/7', 2),
(16, 'Salud Ocupacional', 'proceso/8', 2),
(17, 'Gestión Seguridad Operacional', 'proceso/9', 2),
(18, 'Gestión Humana', 'proceso/10', 2),
(19, 'Administrar Usuarios', 'usuarios', 1),
(20, 'Mis Tareas', 'tareas/tareasPendientes', 4),
(21, 'Administrar Tareas', 'tareas/nuevaTarea', 4);

-- --------------------------------------------------------

--
-- Estructura de tabla para la tabla `supports`
--

CREATE TABLE IF NOT EXISTS `supports` (
`id` int(11) NOT NULL,
  `message` text NOT NULL,
  `priority` int(11) DEFAULT NULL,
  `user_priority` int(11) NOT NULL,
  `rating_status` int(11) NOT NULL DEFAULT '0',
  `comment` text,
  `created_at` datetime DEFAULT NULL,
  `updated_at` datetime DEFAULT NULL,
  `closed_at` datetime DEFAULT NULL,
  `support_status_id` int(11) NOT NULL DEFAULT '1',
  `support_category_id` int(11) NOT NULL,
  `users_id` int(11) NOT NULL
) ENGINE=InnoDB  DEFAULT CHARSET=utf8 AUTO_INCREMENT=1459 ;

--
-- Volcado de datos para la tabla `supports`
--

INSERT INTO `supports` (`id`, `message`, `priority`, `user_priority`, `rating_status`, `comment`, `created_at`, `updated_at`, `closed_at`, `support_status_id`, `support_category_id`, `users_id`) VALUES
(60, 'Creación de un manual de ICAFT para pasarlo a Calidad', 4, 5, 1, '', '2014-02-18 08:03:00', '2014-02-19 09:18:00', '2014-02-19 14:18:00', 2, 5, 127),
(63, 'Configurar un equipo para la grabación de la cámara del puesto de ventas de la esquina', 5, 1, 1, 'ok\n', '2014-02-18 08:15:00', '2014-03-20 08:03:00', '2014-03-20 08:03:00', 2, 8, 127),
(64, 'Corrección de la carpeta de Licencias de acuerdo a la sugerencia que hace el ing.Daniel en la reunión.', 5, 3, 1, '', '2014-02-18 08:19:00', '2014-03-17 12:06:00', '2014-03-17 12:06:00', 2, 8, 127),
(70, 'revisión de vídeo de seguridad para Claudio', 5, 3, 1, '', '2014-02-18 09:38:00', '2014-02-21 14:50:00', '2014-02-21 14:50:00', 2, 5, 127),
(78, 'Resetear contraseña de Dominio a Edna y revisar si tiene PDF  Creator', 3, 3, 1, '', '2014-02-18 13:44:00', '2014-02-19 08:03:00', '2014-02-19 13:03:00', 2, 1, 127),
(80, 'Buena tarde solicito muy amablemente el cambio de toner magenta para la impresora de audiovisuales', 5, 5, 1, '', '2014-02-18 13:51:00', '2014-02-18 14:46:00', '2014-02-18 19:46:00', 2, 7, 126),
(83, 'Crear copia para respaldar la información de Mecosoft y probar que sea funcional ', 3, 3, 1, '', '2014-02-18 14:21:00', '2014-03-04 15:49:00', '2014-03-04 15:49:00', 2, 8, 131),
(84, 'el adobe acrobat X no es compatible con mi equipo solicito configuración', 5, 5, 1, 'sigue en proceso de instalación.', '2014-02-18 14:46:00', '2014-02-21 14:50:00', '2014-02-21 14:50:00', 2, 1, 126),
(85, 'las diademadas escuchamos  bien pero al otro extremo quien nos escucho no nos oye casi. ', 5, 5, 1, '', '2014-02-18 14:47:00', '2014-02-19 10:22:00', '2014-02-19 15:22:00', 2, 1, 126),
(86, 'Cambio de Impresora para Educación conti nuada', 5, 5, 1, 'el caso se asigno a Cristian y el lo escalo a Jaime', '2014-02-18 14:47:00', '2014-02-18 17:05:00', '2014-02-18 22:05:00', 2, 5, 127),
(87, 'Realizar el intercambio del equipo de la nueva Auxiliar Contable Edna Diaz.', 5, 5, 1, 'Excelente Servicio.', '2014-02-18 14:57:00', '2014-02-19 08:03:00', '2014-02-19 13:03:00', 2, 3, 131),
(89, 'Activación Office Ing. Ballen', 5, 5, 1, '', '2014-02-18 15:34:00', '2014-02-18 15:36:00', '2014-02-18 20:36:00', 2, 5, 127),
(90, 'Sacar un reporte diario de lo que se está imprimiendo en continuada. Lo más completo posible. ', 5, 5, 1, '', '2014-02-18 16:06:00', '2014-03-07 08:12:00', '2014-03-07 08:12:00', 2, 8, 127),
(92, 'toda área de educación continuada esta sin internet', 5, 1, 1, 'Excelente Servicio.', '2014-02-19 08:02:00', '2014-02-19 09:14:00', '2014-02-19 14:14:00', 2, 6, 131),
(93, 'Claudia Quiñonez requiere Recarga de tintas de impresora.', 5, 3, 1, '', '2014-02-19 09:06:00', '2014-02-19 09:54:00', '2014-02-19 14:54:00', 2, 3, 125),
(94, 'Buen día, solicito la configuración del portátil hp con windos 8 para la sala de audiovisuales, instalar office, camtasia y adobe reader y complementos con configuración de wifi dirindo.', 5, 1, 1, 'falta la configuración e instalación del adobe reader.', '2014-02-19 09:34:00', '2014-02-19 15:30:00', '2014-02-19 20:30:00', 2, 3, 126),
(95, 'Angélica Puerto:\nProblemas al conectar el celular a la red administrativa, necesario para comunicarse con la Directora Administrativa', 5, 3, 1, '', '2014-02-19 11:10:00', '2014-02-19 11:47:00', '2014-02-19 16:47:00', 2, 1, 131),
(96, 'Agradezco por favor la instalación de la impresora de red HP LaseJet Pro 400 en el equipo de Fredy Monroy.', 5, 5, 1, '', '2014-02-19 11:25:00', '2014-02-19 11:46:00', '2014-02-19 16:46:00', 2, 1, 127),
(97, 'Solicito de su colaboración de la asignación de dos teléfonos Yealink en el departamento de contabilidad, 1 para los puestos de trabajo de auxiliares contables y el 2 para la oficina de Nohemi Mahecha, ', 5, 5, 1, '', '2014-02-19 11:31:00', '2014-02-19 11:52:00', '2014-02-19 16:52:00', 2, 1, 127),
(98, 'Equipo de Auxiliar de Continuada esta sin Internet.', 5, 5, 1, '', '2014-02-19 11:45:00', '2014-02-19 12:09:00', '2014-02-19 17:09:00', 2, 1, 131),
(99, 'Solicitar amarres plásticos para laboratorio', 5, 5, 1, '', '2014-02-19 13:47:00', '2014-02-19 13:52:00', '2014-02-19 18:52:00', 2, 1, 127),
(100, 'Revisar la configuración de los correos que tiene Felpe Colina en su equipo.', 5, 2, 1, '', '2014-02-19 14:46:00', '2014-02-19 17:23:00', '2014-02-19 17:23:00', 2, 2, 125),
(101, 'Revisión - Seguimiento a los archivos de impresión de educación continuada.', 5, 5, 1, '', '2014-02-19 14:49:00', '2014-03-07 08:13:00', '2014-03-07 08:13:00', 2, 8, 127),
(103, 'Actualizar la Intranet colocando el correo del señor Felipe Colina, la cuenta de correo es ecolina@indoamericana.edu.co ', 5, 5, 1, '', '2014-02-19 15:26:00', '2014-02-19 15:43:00', '2014-02-19 20:43:00', 2, 1, 127),
(104, 'Andrea Vega\nProblemas con la impresora de Area Academica.\n', 5, 5, 1, '', '2014-02-20 08:52:00', '2014-02-20 09:02:00', '2014-02-20 09:02:00', 2, 1, 131),
(105, 'Problemas con la firma de sabre \nSe requiere soporte en el laboratorio de informática 1 para la configuración de Sabre en el computador del instructor', 5, 5, 1, '', '2014-02-20 10:07:00', '2014-02-20 12:36:00', '2014-02-20 12:36:00', 2, 1, 131),
(106, 'Revisar los archivos de Calidad en la intranet', 5, 5, 1, '', '2014-02-20 10:18:00', '2014-02-26 10:08:00', '2014-02-26 10:08:00', 2, 1, 127),
(107, 'Necesito caso de prueba', 5, 4, 1, '', '2014-02-20 10:50:00', '2014-02-20 12:34:00', '2014-02-20 12:34:00', 2, 2, 131),
(108, 'Configurar escaner en red del equipo del contador y auxcontabilidad', 5, 3, 1, '', '2014-02-20 12:28:00', '2014-02-20 15:53:00', '2014-02-20 15:53:00', 2, 3, 125),
(109, 'Colocar impresora en bienestar institucional', 5, 3, 1, '', '2014-02-20 13:36:00', '2014-02-20 16:47:00', '2014-02-20 16:47:00', 2, 3, 125),
(110, ' Agradezco, por favor colocar ciertos archivos compartidos con el equipo de la Dra. Alba Catañeda. ', 5, 5, 1, '', '2014-02-20 13:37:00', '2014-02-20 15:06:00', '2014-02-20 15:06:00', 2, 6, 125),
(111, 'SOLICITAR UN TABLERO DE 2x2 PARA aNDRES', 5, 5, 1, '', '2014-02-20 15:00:00', '2014-02-20 16:57:00', '2014-02-20 16:57:00', 2, 8, 127),
(113, 'Carpeta compartida Olga Chaparro', 5, 5, 1, '', '2014-02-20 16:57:00', '2014-02-21 08:00:00', '2014-02-21 08:00:00', 2, 1, 127),
(114, 'Revisión Siigo Edna, Contabilidad.', 5, 5, 1, '', '2014-02-21 07:38:00', '2014-02-21 08:04:00', '2014-02-21 08:04:00', 2, 1, 127),
(116, 'Colocar el calendario en la oficina del Ing. Daniel y en la de la Coordinacion de Sistemasagregando  los reportes del SIET', 5, 5, 1, '', '2014-02-21 08:44:00', '2014-03-05 12:43:00', '2014-03-05 12:43:00', 2, 1, 127),
(117, 'Enviar Correo al Ing. Daniel con varios modelos de radios para que el le envíe al Ing. Murcia la información ya que el esta en USA.', 5, 5, 1, '', '2014-02-21 08:46:00', '2014-02-21 15:45:00', '2014-02-21 15:45:00', 2, 8, 127),
(118, 'Pasar un Borrador del Proyecto para el reporsitorio o servidor de Backups.', 5, 5, 1, '', '2014-02-21 08:47:00', '2014-03-27 10:17:00', '2014-03-27 10:17:00', 2, 8, 127),
(119, 'Retirar cableado del salón de financieras.', 5, 5, 1, '', '2014-02-21 09:40:00', '2014-02-21 11:24:00', '2014-02-21 11:24:00', 2, 1, 127),
(120, 'Revisar spark de angela Sabogal', 5, 5, 1, '', '2014-02-21 09:40:00', '2014-02-21 11:33:00', '2014-02-21 11:33:00', 2, 1, 127),
(122, 'Recoger equipo de Ruben en Recursos humanos y colocarle un portatil mientras se revisa y se repara el de el. ', 5, 5, 1, '', '2014-02-21 10:51:00', '2014-02-21 10:52:00', '2014-02-21 10:52:00', 2, 3, 127),
(129, 'revisar el telefono del Ing. Arley , esta desconfigurado', 5, 5, 1, '', '2014-02-21 11:46:00', '2014-02-21 12:12:00', '2014-02-21 12:12:00', 2, 5, 127),
(131, 'Solicitud de instalación de memoria  RAM 4GB solicitada por el  coordinador de contabilidad', 5, 5, 1, '', '2014-02-21 12:06:00', '2014-02-21 13:00:00', '2014-02-21 13:00:00', 2, 1, 131),
(132, 'Solicitud de reajuste cámara PTZ que apunta al parqueadero administrativos.', 5, 5, 1, '', '2014-02-21 14:48:00', '2014-02-21 16:39:00', '2014-02-21 16:39:00', 2, 1, 131),
(134, 'Configurar correos electrónicos del icaft a Emma Carrion', 5, 5, 1, '', '2014-02-24 08:10:00', '2014-02-24 08:37:00', '2014-02-24 08:37:00', 2, 1, 131),
(135, 'entrega de contraseñas y explicación sobre el uso del modulo de HelpDesk al área comercial', 5, 5, 1, '', '2014-02-24 08:58:00', '2014-02-24 10:19:00', '2014-02-24 10:19:00', 2, 1, 127),
(136, 'Angélica Puerto: Solicitud de revisión de impresora en el área de gerencia ', 5, 5, 1, '', '2014-02-24 09:22:00', '2014-02-24 10:17:00', '2014-02-24 10:17:00', 2, 5, 131),
(137, 'Por favor revisar que portatil se tiene listo para poder asignarlo a Bienestar.', 5, 4, 1, '', '2014-02-24 09:25:00', '2014-02-24 13:35:00', '2014-02-24 13:35:00', 2, 1, 127),
(139, 'Prueba Solciitud cambio de pc', 5, 1, 1, '', '2014-02-24 09:50:00', '2014-02-24 11:04:00', '2014-02-24 11:04:00', 2, 1, 112),
(140, 'Solicito la renovacion de mi equipo debido a que presento incovenientes con el que tengo asignado actualmanete', 3, 5, 1, '', '2014-02-24 09:59:00', '2014-02-26 08:30:00', '2014-02-26 08:30:00', 2, 3, 114),
(141, 'se me daño el teclado', 5, 3, 1, '', '2014-02-24 09:59:00', '2014-02-24 11:08:00', '2014-02-24 11:08:00', 2, 3, 110),
(142, 'No me sirve el Telefono', 5, 4, 1, '', '2014-02-24 10:08:00', '2014-02-24 11:56:00', '2014-02-24 11:56:00', 2, 3, 99),
(143, 'revisión de las cámaras de portería.', 5, 5, 1, '', '2014-02-24 11:08:00', '2014-02-24 17:30:00', '2014-02-24 17:30:00', 2, 1, 127),
(144, 'Por favor realizar acompañamiento y asesoría a Dinah ya que requiere hacer el cambio o la actualización en el equipo MAC', 5, 5, 1, '', '2014-02-24 11:12:00', '2014-02-25 11:19:00', '2014-02-25 11:19:00', 2, 1, 127),
(145, 'Ruben Paredes:\nSolicitud de revisión de PC ya que aparece un pantallaso azul y se apaga\n', 5, 5, 1, '', '2014-02-24 11:49:00', '2014-02-25 15:07:00', '2014-02-25 15:07:00', 2, 3, 131),
(146, 'El office del computador de compras no está trabajando en óptimas condiciones, en estos días le he dado molestias al departamento de sistemas por este caso se ha solucionado pero no definitivamente le pido el favor de que me colabora con este asunto ya que el 70% de mi trabajo es', 5, 5, 1, '', '2014-02-24 13:17:00', '2014-02-24 17:53:00', '2014-02-24 17:53:00', 2, 1, 127),
(147, 'me gustaría saber si por este medio podemos descargar los formatos que se encontraban en la antigua intranet ', 5, 3, 1, '', '2014-02-24 13:21:00', '2014-02-24 13:50:00', '2014-02-24 13:50:00', 2, 5, 110),
(148, 'Solicito  un computador y una línea telefónica  en proyectos especiales,  para la Sra. Zaida Viviana Ramos Sánchez,con cedula 1.013.619.600 de Bogotá, estudiante  ASA, quien apoyara  en el horarios de 1:00m a 5:00pm de lunes a viernes, por 5 meses', 5, 4, 1, '', '2014-02-24 15:48:00', '2014-03-10 07:45:00', '2014-03-10 07:45:00', 2, 3, 127),
(149, 'revisar el Internet y el correo de Ruth Aponte', 5, 5, 1, '', '2014-02-25 08:04:00', '2014-02-25 09:17:00', '2014-02-25 09:17:00', 2, 1, 127),
(150, 'Acompañamiento a contabilidad con SIIGO', 5, 5, 1, '', '2014-02-25 09:10:00', '2014-02-25 10:25:00', '2014-02-25 10:25:00', 2, 1, 127),
(151, 'buen día, la impresora del PAE esta presentando múltiples inconvenientes, la impresora sale como en espera, otro sale error en ambos casos toca reiniciar cada ves que se envia una impresion. ', 5, 1, 1, 'la impresora queda a prueba', '2014-02-25 09:13:00', '2014-02-25 12:27:00', '2014-02-25 12:27:00', 2, 5, 94),
(152, 'Buenos dias, solicito a ustedes sean ayudandome a configurar la impresora ya que es de importancia para llevar a cabo mis funciones laborales. Gracias', 5, 2, 1, '', '2014-02-25 09:19:00', '2014-02-25 11:19:00', '2014-02-25 11:19:00', 2, 5, 114),
(153, 'Claudio Posada: Servicio de Internet esta caído,', 5, 5, 1, '', '2014-02-25 09:51:00', '2014-02-26 08:28:00', '2014-02-26 08:28:00', 2, 1, 131),
(154, 'Buenos dias, solicitamos una revision al computar de Olga Chaparro puesto que no cuenta con acceso a internet desde el dia de ayer. Quedamos pendientes de su colaboracion. Gracias', 5, 3, 1, '', '2014-02-26 08:05:00', '2014-02-26 10:57:00', '2014-02-26 10:57:00', 2, 2, 114),
(156, 'Solicito por favor la publicación en la página web del banner de inscripción al próximo Taller Aeronáutico a reaizar el día 29 de marzo, los datos de lugar y hora siempre van a ser los mismo durante este período.', 5, 1, 1, '', '2014-02-26 09:23:00', '2014-02-26 10:55:00', '2014-02-26 10:55:00', 2, 2, 111),
(157, 'Solicito su ayuda con los siguientes puntos: En el formulario de inscripción no ofrecer la jornada tarde para ATA- DPA - TEEI. En la base de aspirantes: aumentar el espacio de los seguimientos y poder hacer mas de 4 llamadas. Eliminar los siguientes opciones en los seguimientos: No contesta, Llamada a celular, Se matriculó en otra universidad, Ya esta mariculado, En tramite crédito CEI, Celular apagado, Taller aeronáutico. No permitir que un reintegro vuelva a inscribirse. Gr', 5, 2, 1, 'NINGUNA', '2014-02-26 09:49:00', '2014-04-11 15:00:00', '2014-04-11 15:00:00', 2, 2, 111),
(158, 'Buenos días, solicito su ayuda para adicionar los conceptos médicos a los aspirantes, certificado medico de técnicos y examen psicológico de ASA, En la base de datos de aspirantes.\ngracias', 5, 2, 1, 'NINGUNA', '2014-02-26 09:54:00', '2014-04-21 14:30:00', '2014-04-21 14:30:00', 2, 2, 111),
(159, 'acompañamiento a John Suarez con el sistema academico', 5, 5, 1, '', '2014-02-26 11:11:00', '2014-02-26 11:56:00', '2014-02-26 11:56:00', 2, 1, 127),
(160, 'Solicito revisión de la configuración para la cuenta de correo@indoamericana.edu.co los correos masivos que se envían rebotan no están llegando a sus destinatarios.', 5, 1, 1, '', '2014-02-26 12:14:00', '2014-02-26 17:08:00', '2014-02-26 17:08:00', 2, 7, 126),
(161, 'Revisión y configuración servicios de UNE del los laboratorios de sistemas y red Wifi.', 5, 1, 1, '', '2014-02-26 15:34:00', '2014-02-26 17:07:00', '2014-02-26 17:07:00', 2, 2, 125),
(162, 'Conectar a los usuarios que tenían las carpetas compartidas en el servidor 192.168.0.1 y colocarlos en la dirección 192.168.0.33 buscando las respectivas carpetas, esta dirección es temporal mientras se configura de nuevo el servidor.', 5, 5, 1, '', '2014-02-26 16:23:00', '2014-02-27 10:14:00', '2014-02-27 10:14:00', 2, 6, 127),
(163, 'Solicitud de configuración Cuenta de usuario y equipo Aida Hernandez', 5, 5, 1, '', '2014-02-27 09:59:00', '2014-02-27 10:14:00', '2014-02-27 10:14:00', 2, 1, 131),
(164, 'Solicitud de renovación PC ing Joselyn Zarate', 5, 5, 1, '', '2014-02-27 09:59:00', '2014-02-27 10:14:00', '2014-02-27 10:14:00', 2, 1, 131),
(165, 'Solicitud de configuración impresoras Liszet Acosta', 5, 5, 1, '', '2014-02-27 10:12:00', '2014-02-27 10:13:00', '2014-02-27 10:13:00', 2, 5, 131),
(166, 'Revisión del equipo del ing. Arley Rivera por que no tiene acceso a internet', 5, 2, 1, '', '2014-02-27 10:16:00', '2014-02-27 10:46:00', '2014-02-27 10:46:00', 2, 3, 125),
(167, 'configurar impresora audiovisuales', 5, 5, 1, '', '2014-02-27 10:54:00', '2014-03-05 12:45:00', '2014-03-05 12:45:00', 2, 3, 126),
(168, 'Revisión de archivos en el equipo de angélica Villamil', 5, 2, 1, '', '2014-02-27 10:56:00', '2014-02-28 09:10:00', '2014-02-28 09:10:00', 2, 3, 125),
(169, 'Buenos días, solicito su amable colaboración enviándome la base de datos de los aspirantes que han escrito a la página web, de igual manera saber si les enviaron algún tipo de información, esta labor la estaba realizando David Triana. Quedo atenta, gracias.', 5, 3, 1, '', '2014-02-27 11:25:00', '2014-02-28 08:11:00', '2014-02-28 08:11:00', 2, 5, 111),
(170, 'Buenas tardes,\nSolicito colaboración  para configurar e instalar  el computador para asignar a nueva Auxiliar de Contabilidad Edna Diaz.', 5, 5, 1, '', '2014-02-27 14:24:00', '2014-06-10 09:55:00', '2014-06-10 09:55:00', 2, 1, 131),
(171, 'Buenas tardes,\nSolicito su colaboración para la instslacion del software ASC Horarios en los equipos de:\n\nDirector Académico - Joselyn Zarate\nSecretaria Académica - Aida Hernandez', 5, 5, 1, '', '2014-02-27 14:28:00', '2014-03-06 08:30:00', '2014-03-06 08:30:00', 2, 1, 131),
(172, 'Solicito su colaboración para hacer el informe para dar de baja el portatil Sony Vaio, Esto con el fin de realizar la solicitud de compra por uno nuevo', 5, 5, 1, 'Muy bien Gracias', '2014-02-27 14:57:00', '2014-03-17 07:47:00', '2014-03-17 07:47:00', 2, 1, 131),
(173, 'Orden de compra de Tres AP para la red Wi-Fi en la casa Hugues', 5, 5, 1, '', '2014-02-28 08:38:00', '2014-02-28 15:26:00', '2014-02-28 15:26:00', 2, 8, 127),
(174, 'Concretar que equipos se necesitan para los salones y así definir las dimensiones de las mesas para confirmar a Claudio.', 5, 5, 1, '', '2014-02-28 08:39:00', '2014-02-28 16:54:00', '2014-02-28 16:54:00', 2, 8, 127),
(175, 'COTIZACIÓN DE RADIOS BUENOS , CAMBIAR LA ORDEN DE COMPRA.', 5, 5, 1, '', '2014-02-28 08:40:00', '2014-03-17 07:54:00', '2014-03-17 07:54:00', 2, 8, 127),
(176, 'Cambiar Orden de compra de los  Toner de las impresoras', 5, 5, 1, '', '2014-02-28 08:41:00', '2014-03-03 09:27:00', '2014-03-03 09:27:00', 2, 8, 127),
(177, 'Contactar a la persona de Koah', 5, 5, 1, '', '2014-02-28 14:34:00', '2014-03-03 17:00:00', '2014-03-03 17:00:00', 2, 5, 127),
(178, 'Biblioteca:\nSolicitud de revisión de PC administrativo. sin acceso a internet', 5, 5, 1, '', '2014-02-28 14:44:00', '2014-02-28 15:23:00', '2014-02-28 15:23:00', 2, 2, 131),
(179, 'Instalar impresora de Aida a Andrea Vega', 5, 5, 1, '', '2014-02-28 16:09:00', '2014-02-28 16:41:00', '2014-02-28 16:41:00', 2, 3, 127),
(180, 'Andrea Vega: Solicitud de configuración  de la impresora asignada para el área academica.', 5, 5, 1, '', '2014-02-28 16:15:00', '2014-02-28 16:51:00', '2014-02-28 16:51:00', 2, 3, 131),
(181, 'La impresora no esta funcionando. ', 5, 1, 1, '', '2014-03-01 10:38:00', '2014-03-01 11:46:00', '2014-03-01 11:46:00', 2, 3, 112),
(182, 'buen día el servicio de carpeta compartida del PAE no esta funcionando, y esta es vital para el funcionamiento de mi puesto de trabajo.', 5, 1, 1, '', '2014-03-03 07:45:00', '2014-03-03 09:12:00', '2014-03-03 09:12:00', 2, 5, 94),
(183, 'Revisar Internet y red en educación continuada y talleres.', 5, 5, 1, '', '2014-03-03 07:54:00', '2014-03-03 08:23:00', '2014-03-03 08:23:00', 2, 1, 127),
(184, 'Buen día, requiero un cambio de teclado ya que las teclas direccionales se quedan estancadas. Gracias.', 5, 5, 1, 'El tiempo de respuesta fue muy veloz. Gracias.', '2014-03-03 08:14:00', '2014-03-03 08:57:00', '2014-03-03 08:57:00', 2, 3, 174),
(185, 'revisar Conexión de las impresoras de educación Continuada.', 5, 5, 1, '', '2014-03-03 09:16:00', '2014-03-03 10:37:00', '2014-03-03 10:37:00', 2, 1, 127),
(186, 'Liszeth Acosta: Solicitud para convertir 5 documentos de PDF  a presentaciones de power point', 5, 5, 1, '', '2014-03-03 09:45:00', '2014-03-03 11:10:00', '2014-03-03 11:10:00', 2, 1, 131),
(187, 'Instalar Impresora a color a la Jefe de Contabilidad.', 5, 5, 1, '', '2014-03-03 11:09:00', '2014-03-03 12:02:00', '2014-03-03 12:02:00', 2, 1, 127),
(188, 'Instalar Linea Telefónica a Corin - Hablar con Cristian que el sabe como.', 5, 5, 1, '', '2014-03-03 13:37:00', '2014-03-04 15:48:00', '2014-03-04 15:48:00', 2, 1, 127),
(189, 'Revisar la impresora de Claudia Cortes, ', 5, 5, 1, '', '2014-03-03 14:41:00', '2014-03-03 15:45:00', '2014-03-03 15:45:00', 2, 1, 127),
(190, 'configuración de carpeta compartida pc diseño y audiovisuales y cambio de cable de red de impresora.', 5, 3, 1, '', '2014-03-04 08:51:00', '2014-03-04 15:35:00', '2014-03-04 15:35:00', 2, 3, 126),
(191, 'Revisar la conexión de carpeta en red del equipo de asiscompras y auxcompras', 5, 5, 1, '', '2014-03-04 09:03:00', '2014-03-04 14:22:00', '2014-03-04 14:22:00', 2, 6, 125),
(193, 'Buenos días Jaime,\nSolicito tu colaboración con el traslado del computador de la Auxiliar Contable, Nohemí Mahecha, a la nueva oficina que va a ocupar, puesto que ya hicieron la instalación del mueble que va a utilizar.\n\nAgradezco tu amable colaboración.\n\n\nCordial saludo,\n\nANGELA BEATRIZ MEDINA BERNAL\n\nDIRECTORA CONTABLE Y COMPRAS\n\n', 5, 3, 1, '', '2014-03-05 08:30:00', '2014-03-05 10:44:00', '2014-03-05 10:44:00', 2, 3, 125),
(194, 'Buenos días, el directorio de mi teléfono no esta sirviendo.  ', 5, 2, 1, '', '2014-03-05 10:06:00', '2014-03-05 11:24:00', '2014-03-05 11:24:00', 2, 5, 81),
(195, 'pROBLEMAS CON EL sPARK', 5, 3, 1, '', '2014-03-05 10:17:00', '2014-03-05 11:50:00', '2014-03-05 11:50:00', 2, 5, 83),
(196, 'solicitud de prueba Ruben Paredes', 5, 5, 1, 'NINGUNA', '2014-03-05 10:33:00', '2014-03-05 10:46:00', '2014-03-05 10:46:00', 2, 1, 147),
(198, 'Instalación Crome Para Edgar Angel', 5, 4, 1, '', '2014-03-05 10:45:00', '2014-03-05 10:59:00', '2014-03-05 10:59:00', 2, 2, 127),
(203, 'Imprimí un formato y me salio muy borroso le di varias veces limpieza de cabezales y volví a imprimir pero volvió a salir borrosa y me salio un mensaje que dice que la impresora necesita revisión porque la impresora de tinta almohadillas esta acercándose al final de su vida útil. Póngase en contacto con soporte epson. Por lo tanto solicito su colaboración para la revisión de la impresora.', 5, 5, 1, '', '2014-03-05 11:25:00', '2014-03-05 12:39:00', '2014-03-05 12:39:00', 2, 5, 83),
(204, 'configuración correo jtriana@indoamericana.edu.co para asesor medios virtuales cambio de teclado para configuración estándar de latinoamericana ', 5, 1, 1, '', '2014-03-05 11:32:00', '2014-03-05 16:55:00', '2014-03-05 16:55:00', 2, 3, 126),
(205, 'No puedo acceder a la carpeta compartida egresados y pasantes', 5, 1, 1, '', '2014-03-05 15:02:00', '2014-03-05 15:39:00', '2014-03-05 15:39:00', 2, 1, 84),
(206, 'desde mi equipo no se puede imprimir en la impresora  del PAE.', 5, 3, 1, '', '2014-03-05 15:13:00', '2014-03-05 16:00:00', '2014-03-05 16:00:00', 2, 3, 94),
(207, 'Pasar la información del monitoreo WI-FI al formato que se cambio e imprimir todos los reportes.', 5, 5, 1, '', '2014-03-05 15:50:00', '2014-03-11 11:19:00', '2014-03-11 11:19:00', 2, 8, 127),
(208, 'configuración pc asesor medios para impresora audiovisuales. ', 5, 3, 1, '', '2014-03-05 16:43:00', '2014-03-05 16:55:00', '2014-03-05 16:55:00', 2, 3, 126),
(209, 'German Gaona: Solicitud de configuracion de la impresora de Academica', 5, 5, 1, '', '2014-03-05 16:43:00', '2014-03-05 17:04:00', '2014-03-05 17:04:00', 2, 1, 131),
(210, 'Arreglo cámaras', 5, 5, 1, '', '2014-03-06 12:10:00', '2014-03-06 12:13:00', '2014-03-06 12:13:00', 2, 5, 145),
(211, 'Solicitud revisión cámara ubicada en recepción', 5, 5, 1, '', '2014-03-06 12:11:00', '2014-03-06 12:13:00', '2014-03-06 12:13:00', 2, 5, 145),
(212, 'recargar la tinta de la impresora de Aida', 5, 5, 1, '', '2014-03-06 13:52:00', '2014-03-06 16:13:00', '2014-03-06 16:13:00', 2, 1, 127),
(215, 'Instalar el Punto Secullum con registro full en el Servidor del Dominio. Avisar para configurar los catastros administrativos y cargar el back-up de las marcaciones.', 5, 1, 1, 'Pendiente la activación full del Secullum. Del resto el programa quedó completo y listo para su uso', '2014-03-07 07:56:00', '2014-03-17 12:07:00', '2014-03-17 12:07:00', 2, 3, 129),
(216, 'Con base en el ingreso de la nueva coordinadora de salud ocupacional, solicito tu amable colaboración con el fin de ubicar la impresora que se manejaba anteriormente en esta dependencia.', 5, 5, 1, '', '2014-03-07 10:27:00', '2014-03-07 16:26:00', '2014-03-07 16:26:00', 2, 1, 127),
(217, 'Me colabora por favor, con el reporte de llamadas e Internet para los equipos ubicados en biblioteca para el mes de febrero.', 5, 5, 1, '', '2014-03-07 10:28:00', '2014-03-07 13:21:00', '2014-03-07 13:21:00', 2, 1, 127),
(218, 'en el pc de la oficina salen muchos letreros de publicidad.', 5, 5, 1, '', '2014-03-07 10:52:00', '2014-03-10 13:56:00', '2014-03-10 13:56:00', 2, 3, 112),
(219, 'Problemas al imprimir desde el navegador de Google Chrome', 5, 5, 1, '', '2014-03-07 12:15:00', '2014-03-07 12:49:00', '2014-03-07 12:49:00', 2, 5, 131),
(220, 'Al dar inicio al paquete de office esta generando una pantalla que indica Asistente para activación ', 5, 5, 1, '', '2014-03-07 14:25:00', '2014-03-10 08:40:00', '2014-03-10 08:40:00', 2, 1, 106),
(221, 'Buenas tardes. La impresora recién instalada en Bienestar no está imprimiendo bien. El color negro no sale y los demás colores salen diferentes al original.', 5, 1, 1, 'La impresora siguió molestando', '2014-03-07 14:39:00', '2014-03-10 11:23:00', '2014-03-10 11:23:00', 2, 3, 104),
(222, 'Crear Correo a Carlos Mancilla redcei@indoamericana.edu.co usando la misma clave de los otros correos que están administrados por el.\n', 5, 5, 1, '', '2014-03-08 08:56:00', '2014-03-08 10:45:00', '2014-03-08 10:45:00', 2, 1, 127),
(223, 'al abrir un archivo del office sale un cuadro " microsoft office standar 2013" esta copia de microsoft no esta activa le quedan cuatro días ', 5, 3, 1, '', '2014-03-08 13:07:00', '2014-03-10 08:14:00', '2014-03-10 08:14:00', 2, 3, 94),
(224, 'Problemas con outlook', 5, 5, 1, 'Ninguna', '2014-03-10 08:17:00', '2014-03-10 10:05:00', '2014-03-10 10:05:00', 2, 3, 145),
(225, 'POR FAVOR ME COLABORAN CON EL OUTLOOK. APARECE UN MENSAJE SOLICITANDO UNA CLAVE. ', 5, 2, 1, 'MUCHAS GRACIAS', '2014-03-10 08:30:00', '2014-03-10 11:22:00', '2014-03-10 11:22:00', 2, 5, 150),
(226, 'Revisar Datáfono.', 5, 5, 1, '', '2014-03-10 09:07:00', '2014-03-10 10:30:00', '2014-03-10 10:30:00', 2, 1, 127),
(227, 'Buenos días. Sigo pendiente de la revisión de la impresora de Bienestar, la cual fue realizada el día 7 de marzo de 2014 con el número HD000221. Es muy urgente debido a que no tenemos como realizar ninguna impresión. Quedo atento a una respuesta.\n\n', 5, 1, 1, 'Hubo mucha demora en la atención', '2014-03-10 09:26:00', '2014-03-10 11:22:00', '2014-03-10 11:22:00', 2, 5, 104),
(228, 'Juan Lozano: Solicitud de revisión de PC ya que se esta apagando solo.', 5, 5, 1, '', '2014-03-10 10:02:00', '2014-03-10 13:55:00', '2014-03-10 13:55:00', 2, 3, 131),
(229, 'Retirar Monitor, Teclado, Mouse y Cables del puesto que esta al lado de Andres y de Edwin.', 5, 5, 1, '', '2014-03-10 10:14:00', '2014-03-10 12:45:00', '2014-03-10 12:45:00', 2, 1, 127),
(230, 'Juan Lozano: Solicitud de instalación de escanner de Contabilidad', 5, 5, 1, '', '2014-03-10 11:58:00', '2014-03-10 13:54:00', '2014-03-10 13:54:00', 2, 5, 131),
(231, 'buen dia solicito poder ingresar a serveindo y aimagenes compartidas del dpto publicidad de la misma manera para olga chaparro ', 5, 2, 1, '', '2014-03-10 15:02:00', '2014-03-11 10:14:00', '2014-03-11 10:14:00', 2, 6, 110),
(234, 'Solicito su colaboración para revisar el Spark ya que no funciona adecuadamente', 5, 5, 1, 'Es que el daño cuando viene el funcionario de sistemas queda perfectamente arreglado, pero al rato o al día siguiente el spark vuelve a tener problemas. :(', '2014-03-10 15:23:00', '2014-03-11 08:26:00', '2014-03-11 08:26:00', 2, 1, 83),
(235, 'cambio tonner cían impresora audiovisuales', 5, 1, 1, '', '2014-03-10 16:34:00', '2014-03-10 16:58:00', '2014-03-10 16:58:00', 2, 3, 126),
(236, 'Actualizar Archivo de Ext. para los teléfonos con el personal que ha entrado y ha salido el ultimo mes para desplegarlo a todos los teléfonos.', 5, 5, 1, '', '2014-03-11 07:25:00', '2014-03-19 16:15:00', '2014-03-19 16:15:00', 2, 1, 127),
(237, 'Los accesos directos del spark no funcionan, buenos días hoy al abrir mi usuario de spark me dice que se movió o cambio el elemento "spark.exe" al que hace referencia este acceso directo, por lo que el acceso directo no funcionará correctamente. Yo creo que se debe a que toco volver a instalar el programa debido a que había presentado fallas anteriores.', 5, 5, 1, 'En el momento quedo arreglado pero hoy 13 de marzo de 2014 no aparecen los accesos directos para entrar al spark. :(', '2014-03-11 07:46:00', '2014-03-11 09:50:00', '2014-03-11 09:50:00', 2, 5, 83),
(238, 'Buenos dias, el siguiente es para informarles que en mi puesto de trabajo no hay acceso de internet, ya mire las conexiones de red y se encuentran bien. Agradezco su pronta colaboracion para poder continuar con mi labor diaria.', 5, 1, 1, '', '2014-03-11 08:07:00', '2014-03-11 09:40:00', '2014-03-11 09:40:00', 2, 2, 114),
(241, 'configuración impresora directa al pc para impresión de tarjetas y cambio de toner negro', 5, 1, 1, 'falta cambio de tonner negro', '2014-03-11 08:32:00', '2014-03-11 09:30:00', '2014-03-11 09:30:00', 2, 1, 126),
(245, 'Revisión repuesto impresora HP laser CONTABILIDAD.', 5, 2, 1, 'ninguna', '2014-03-11 09:08:00', '2014-03-21 14:59:00', '2014-03-21 14:59:00', 2, 8, 123),
(247, 'Buenos días nuevamente solicitando la ayuda, en esta oportunidad por problemas de impresión.', 5, 2, 1, '', '2014-03-11 09:21:00', '2014-03-11 10:02:00', '2014-03-11 10:02:00', 2, 5, 114),
(249, 'Traslado punto de red pasante sena, Coordinación Salud Ocupacional.\n', 5, 2, 1, 'La solicitud fue atendida oportunamente.', '2014-03-11 10:50:00', '2014-03-13 14:06:00', '2014-03-13 14:06:00', 2, 6, 169),
(250, 'Se cambiaron las teclas. agradezco su pronta colaboración.', 5, 1, 1, 'excelente Jaimito', '2014-03-11 11:15:00', '2014-03-11 13:20:00', '2014-03-11 13:20:00', 2, 3, 81),
(251, 'Buen día, por favor verificar si estos correos existen y  están correctamente escritos para publicar en la pagina web.\nadmisiones@\negresados@\ncompras@\neducacioncontinuada@\nselecciondepersonal@\n', 5, 1, 1, '', '2014-03-11 11:25:00', '2014-03-11 14:37:00', '2014-03-11 14:37:00', 2, 2, 168),
(252, 'Solicito por favor enviar correo a los aspirantes que ya radicaron su papeles con el siguiente texto: \n\nApreciado Aspirante,\nCordial saludo. Deseamos recordarle que usted está programado para presentar su proceso de admisión el día Sábado, 15 de marzo de 2014 a las 9:00 am.\nCualquier duda o dificultad por favor comunicarse con la oficina de admisiones al 3239750 opción 1 o al correo admisiones@indoamericana.edu.co\nCorporación Educativa Indoamericana', 5, 3, 1, 'ENVIADO EL MISMO DÍA', '2014-03-11 11:29:00', '2014-03-12 11:54:00', '2014-03-12 11:54:00', 2, 2, 111),
(253, 'Buen día, es necesario crear el correo compras@indoamericana.edu.co y asignarlo a Cristian Rey', 5, 2, 1, '', '2014-03-11 13:32:00', '2014-03-11 14:37:00', '2014-03-11 14:37:00', 2, 6, 168),
(254, 'Revisión de Escanner', 5, 5, 1, '', '2014-03-11 14:18:00', '2014-03-11 17:09:00', '2014-03-11 17:09:00', 2, 1, 127),
(255, 'Configurar cuenta de Correo compras@indoamericana.edu.co a Cristiam Rey, la contraseña es el numero de la cédula.', 5, 5, 1, '', '2014-03-11 14:34:00', '2014-03-13 08:07:00', '2014-03-13 08:07:00', 2, 5, 127),
(256, 'Revisar y evaluar el software de auditoria de equipos WinAuditu para generar hojas de vida de los servidores', 5, 5, 1, '', '2014-03-11 14:41:00', '2014-03-27 10:29:00', '2014-03-27 10:29:00', 2, 8, 127),
(257, 'Cordial saludo.\nSolicito revisión de archivos recibidos ya que al imprimir la imagen no sale completa. Esta gestión ya fue tramitada por Jaime Roberto.', 5, 1, 1, 'Gestión OK.', '2014-03-11 15:04:00', '2014-03-11 17:09:00', '2014-03-11 17:09:00', 2, 5, 115),
(258, 'Buena tarde, en este momento mi equipo se encuentra sin red, solicito ayuda', 5, 1, 1, '', '2014-03-11 17:07:00', '2014-03-11 17:27:00', '2014-03-11 17:27:00', 2, 6, 165),
(259, 'Sacar los pantallazos solicitados por AXEDE, ver correo que le envié hoy a las 08:00 AM.', 5, 5, 1, '', '2014-03-12 08:01:00', '2014-03-19 15:16:00', '2014-03-19 15:16:00', 2, 1, 127),
(260, 'buen día, se requiere instalar programa PDF en Coordinación de Salud Ocupacional.', 5, 5, 1, '', '2014-03-12 08:11:00', '2014-03-12 11:26:00', '2014-03-12 11:26:00', 2, 1, 169),
(261, 'Solicito por favor eliminar el aviso de descuento 15% por jornada tarde.', 5, 1, 1, '', '2014-03-12 08:14:00', '2014-03-12 09:07:00', '2014-03-12 09:07:00', 2, 2, 111),
(262, 'Revisión y cambio de mi equipo ya que es demasiado lento', 5, 2, 1, '', '2014-03-12 08:14:00', '2014-03-27 08:04:00', '2014-03-27 08:04:00', 2, 8, 124),
(263, 'Revisar Acceso a la Pagina de Sena para Angélica Villamil', 5, 5, 1, '', '2014-03-12 09:16:00', '2014-03-12 09:17:00', '2014-03-12 09:17:00', 2, 1, 127),
(264, 'prueba de Olga', 5, 5, 1, '', '2014-03-12 09:17:00', '2014-03-12 09:17:00', '2014-03-12 09:17:00', 3, 1, 112),
(265, 'Solicito su colaboración con la impresora ya que no tiene tinta y no esta imprimiendo bien, gracias', 5, 4, 1, 'SE ACERCA A RECARGAR EL MISMO DÍA', '2014-03-12 09:18:00', '2014-03-12 11:24:00', '2014-03-12 11:24:00', 2, 7, 111),
(266, 'no hay Internet en el equipo, de Eduardo pinto.', 5, 5, 1, '', '2014-03-12 09:21:00', '2014-03-12 09:39:00', '2014-03-12 09:39:00', 2, 2, 112),
(268, 'Por favor asignar nueva clave de help desk a Wilson Poveda porque se le olvidó la que colocó.', 5, 1, 0, '', '2014-03-12 09:40:00', '2014-03-12 10:15:00', '2014-03-12 10:15:00', 2, 5, 166),
(269, 'Actualmente poseo a mi cargo  6 correos institucionales, uno de ellos es redcei@indoa... necesito enviar correos masivos desde este, pero al hacerlo los correos son enviados desde cmancilla@indoam... solicito la configuración de el correo redcei@in... como predeterminado para el envio de estos correos. ', 5, 1, 1, 'Quedo perfectamente configurado', '2014-03-12 09:48:00', '2014-03-17 07:44:00', '2014-03-17 07:44:00', 2, 2, 168),
(270, 'Buenos dias solicitamos de su ayuda realizando el cambio del toner de la impresora ya que esta imprimiendo  borroso, agradecemos su ayuda.', 5, 1, 1, '', '2014-03-12 10:03:00', '2014-03-12 10:12:00', '2014-03-12 10:12:00', 3, 7, 114),
(271, 'por favor revisar la configuración de este correo. jmurcia@indoamericana.edu.co\nEste lo revisa Corin desde el computador que tenia asignado Jaqueline, la contraseña es: 85214ojhlmn\n', 5, 5, 1, '', '2014-03-12 13:02:00', '2014-03-13 07:54:00', '2014-03-13 07:54:00', 2, 5, 127),
(272, 'Requiero imprimir un documento de word que presenta coreciones y al imprimir salen las correcciones resaltadas en amarillo y XXXXX', 5, 1, 1, '', '2014-03-12 13:55:00', '2014-03-12 14:33:00', '2014-03-12 14:33:00', 3, 5, 106),
(273, 'La impresona no reconoce los cartuchos', 5, 1, 1, '', '2014-03-12 14:08:00', '2014-03-12 14:49:00', '2014-03-12 14:49:00', 2, 3, 106),
(278, 'por favor revisar mi computador esta muy lento', 2, 3, 1, '', '2014-03-13 09:05:00', '2014-03-13 12:52:00', '2014-03-13 12:52:00', 2, 3, 155),
(279, 'Estimados amigos:\nNecesito bajar de la página web de la OACI TRAINAIR PLUS un video de capacitación. He cumplido todos los pasos que se me indicaron pero no obstante a ello, cuando empieza a bajarse el video, aparace un cartel que dice que "el proceso se ha detenido".\nNecesito vuestra ayuda.\nMuchas gracias\nSaludos cordiales\nDr. Ravelo Pérez ', 5, 5, 1, 'Excelente , felicidades a Jaimito y a todo el equipo de cerebros de Indoamericana', '2014-03-13 09:06:00', '2014-03-18 16:00:00', '2014-03-18 16:00:00', 2, 2, 153),
(280, 'Buen día, es que sigo teniendo problemas con el spark yo se que han atendido diligente mis solicitudes pero este ahora no aparece, es decir no hay acceso para entrar a esta aplicación, ese programa no es mi amigo :(', 5, 3, 1, 'Quedo bien arreglado.', '2014-03-13 09:21:00', '2014-03-13 12:00:00', '2014-03-13 12:00:00', 2, 5, 83),
(281, 'Por favor revisar el servidor de la antigua intranet, ya que este no se actualiza.', 5, 1, 1, '', '2014-03-13 09:29:00', '2014-03-13 14:51:00', '2014-03-13 14:51:00', 2, 1, 168),
(282, 'Cambio de toner impresora contabilidad HP laser Jet 600', 5, 4, 1, 'Fue inmediato', '2014-03-13 09:51:00', '2014-03-14 07:47:00', '2014-03-14 07:47:00', 2, 3, 123),
(283, 'Intente entrar de nuevo al sistema académico para subir las clases dictadas esta semana y no he podido, por favor colabórame solucionando este tema.\n\nCLAUDIA PATRICIA CORTES PARRA', 5, 5, 1, 'ok\n', '2014-03-13 10:15:00', '2014-03-20 07:51:00', '2014-03-20 07:51:00', 2, 1, 127),
(284, 'Revisar horarios de homologación ASA a ATA, Para su conocimiento y fines pertinentes. - Ver Correo enviado hoy  por el Ing. Daniel', 5, 5, 1, '', '2014-03-13 10:17:00', '2014-03-27 10:18:00', '2014-03-27 10:18:00', 2, 1, 127),
(285, 'asignar direcciones IP provisionadas a los equipos de Sala de Profesores en UNTANGLE Estudiantes.  colocarlo con perfil abierto de navegacion', 5, 5, 1, '', '2014-03-13 10:19:00', '2014-03-13 11:14:00', '2014-03-13 11:14:00', 2, 1, 127),
(287, 'Carolina Gamba:\nSolicitud de configuración de la impresora de Academica.', 5, 5, 1, '', '2014-03-13 10:25:00', '2014-03-13 10:50:00', '2014-03-13 10:50:00', 2, 1, 131),
(288, 'Por favor colaborarme en la edición del vídeo para cine foro, duración 30 minutos.', 5, 1, 1, 'Ninguna', '2014-03-13 11:16:00', '2014-03-13 14:41:00', '2014-03-13 14:41:00', 2, 5, 97),
(289, 'Por favor solicitud de canaleta para cableado de la oficina.', 5, 4, 1, 'pendiente  completarla', '2014-03-13 11:19:00', '2014-03-17 11:21:00', '2014-03-17 11:21:00', 2, 6, 97),
(290, 'Instalar escanner a John Suarez  -  Confirmar si hay uno o si se instala el de Edwin, confirmar por cuanto tiempo.', 5, 5, 1, '', '2014-03-13 11:38:00', '2014-03-13 15:25:00', '2014-03-13 15:25:00', 2, 1, 127),
(291, 'No puedo imprimir. Dice que no hay conexion. ', 5, 2, 1, 'Todo muy bien', '2014-03-13 11:51:00', '2014-03-13 14:50:00', '2014-03-13 14:50:00', 2, 1, 84),
(292, 'verificar información solicitada por Corin para subir al reporte SNIES', 5, 5, 1, '', '2014-03-13 12:57:00', '2014-03-17 07:52:00', '2014-03-17 07:52:00', 2, 5, 127),
(293, 'generar reporte de navegación de Febrero de 2014 de Angélica Villamil.', 5, 5, 1, '', '2014-03-13 13:11:00', '2014-03-13 16:58:00', '2014-03-13 16:58:00', 2, 1, 127),
(294, 'Hacer reporte sobre la instalación del Pontos.', 5, 5, 1, '', '2014-03-13 14:01:00', '2014-03-13 17:28:00', '2014-03-13 17:28:00', 2, 1, 127),
(295, 'solicitud toner nuevo impresora comercial urgente ', 5, 1, 1, 'muchas gracias por su colaboracion', '2014-03-13 14:07:00', '2014-03-13 15:08:00', '2014-03-13 15:08:00', 2, 3, 110),
(296, 'El spark esta fallando', 5, 5, 1, '', '2014-03-13 14:28:00', '2014-03-13 14:50:00', '2014-03-13 14:50:00', 2, 1, 106),
(297, 'Configurar Wi-Fi de prueba a Arley.', 5, 5, 1, '', '2014-03-13 15:59:00', '2014-03-13 16:51:00', '2014-03-13 16:51:00', 2, 1, 127),
(298, 'Desbloqueo de paginas de Aeropuerto, terminal, Transmilenio, Traductores en la internet Wi-Fi - Estudiantes.', 5, 5, 1, '', '2014-03-14 07:48:00', '2014-03-14 10:08:00', '2014-03-14 10:08:00', 2, 1, 127),
(299, 'Solicito por favor. se me configuren las impresoras que sean necesarias para poder utilizarlas en cualquier momento de mi horario laboral. Gracias', 5, 3, 1, 'Cuando realicen una actualización del software de impresoras o cambien su configuración deben prever el servicio y realizar la nueva configuración al usuario para que no se coloque este tipo de solicitudes puesto que considero hace parte integral del servicio de calidad en los equipos de computo.', '2014-03-14 09:01:00', '2014-03-17 12:05:00', '2014-03-17 12:05:00', 2, 8, 91),
(300, 'solicitud computador portatil', 5, 1, 1, 'ninguna', '2014-03-14 09:36:00', '2014-03-14 10:07:00', '2014-03-14 10:07:00', 2, 1, 123),
(301, 'Corin Artunduaga:\nSolicitud para grabar la carpeta de politecnico con un peso de 3.28 GB a un DVD  .', 5, 5, 1, 'Muy bien', '2014-03-14 10:09:00', '2014-03-17 07:51:00', '2014-03-17 07:51:00', 2, 5, 131),
(302, 'Felipe Colina:\nSolicitud para revision  el equipo de archivo que no tiene conexión a internet', 5, 5, 1, 'Excelente Servicio, Muy eficiente', '2014-03-14 10:10:00', '2014-03-14 10:36:00', '2014-03-14 10:36:00', 2, 2, 131),
(303, 'Corin Artunduaga:\nSolicitud para revisar el servidor SNIES del politécnico ya que no hay conexión remota', 5, 5, 1, 'Muy bien', '2014-03-14 10:12:00', '2014-03-17 07:49:00', '2014-03-17 07:49:00', 2, 5, 131),
(304, 'Buen Dia, solicito ayuda con la impresora de punto Epson lx  300 de punto no podemos imprimir muchas gracias ', 5, 2, 1, 'se atendió el problema con prontitud ', '2014-03-14 10:15:00', '2014-03-14 11:05:00', '2014-03-14 11:05:00', 2, 1, 165),
(305, 'No puedo imprimir otra vez.', 5, 1, 1, '', '2014-03-14 11:11:00', '2014-03-17 07:47:00', '2014-03-17 07:47:00', 2, 1, 84),
(306, 'revisar acceso a internet del portatil prestado a contabilidad', 5, 5, 1, 'ok\n', '2014-03-14 11:20:00', '2014-03-17 07:44:00', '2014-03-17 07:44:00', 2, 1, 127),
(307, 'Resolver problema de activación de Office 2013', 5, 5, 1, 'Activación de Office 2013 perfecta', '2014-03-17 07:41:00', '2014-03-18 11:49:00', '2014-03-18 11:49:00', 2, 5, 129),
(308, 'Dar la inducción al personal que falta por entregar el modulo de Help Desk.', 5, 5, 1, '', '2014-03-17 07:58:00', '2014-03-28 10:15:00', '2014-03-28 10:15:00', 2, 5, 127),
(309, 'Enviar información solicitada a AXEDE sobre la conexion Wi-Fi', 5, 5, 1, 'ok\n', '2014-03-17 08:35:00', '2014-03-17 09:32:00', '2014-03-17 09:32:00', 2, 2, 127),
(313, 'Buenos Dias', 5, 5, 1, '', '2014-03-17 08:38:00', '2014-03-17 09:03:00', '2014-03-17 09:03:00', 2, 1, 84),
(314, 'Revisar sonido en laboratorio uno', 5, 5, 1, '', '2014-03-17 08:52:00', '2014-03-17 11:22:00', '2014-03-17 11:22:00', 2, 1, 127),
(315, 'Necesito crear una carpeta en la red para compartir archivos con mi Auxiliar (Henry Flores) donde se pueda cargar y modificar los archivos.', 5, 1, 1, 'En el escritorio de Henry Flores quedaron dos carpetas, y se puede generar desvíos de la información. Por favor unificarlas en una sola.', '2014-03-17 08:57:00', '2014-03-18 11:20:00', '2014-03-18 11:20:00', 2, 1, 104),
(316, 'Solicito la revisión o cambio de mi equipo ya que es demasiado lento para cualquier procedimiento que realizo. Gracias.', 5, 4, 1, '', '2014-03-17 09:13:00', '2014-03-17 14:34:00', '2014-03-17 14:34:00', 2, 3, 2),
(317, 'Tarea: Realizar el marquillaje de la red administrativa punto a punto.', 5, 3, 1, 'Muy bien', '2014-03-17 09:36:00', '2014-03-27 10:15:00', '2014-03-27 10:15:00', 2, 8, 131),
(318, 'Realizar el manual de reportar información al SNIES', 5, 5, 1, 'Excelente', '2014-03-17 09:36:00', '2014-03-18 08:37:00', '2014-03-18 08:37:00', 2, 8, 131),
(320, 'Acompañamiento a Roger Cuellar - Tema TellMe More', 5, 5, 1, 'ok\n', '2014-03-17 09:59:00', '2014-03-17 11:42:00', '2014-03-17 11:42:00', 2, 5, 127),
(321, 'Solicitud para realizar acompañamiento a Roger Cuellar con los asesores de Tell Me More', 5, 1, 1, 'El mejor ', '2014-03-17 10:06:00', '2014-03-17 11:45:00', '2014-03-17 11:45:00', 2, 5, 131),
(322, 'Actualizar Intranet con los datos enviados por Angelica Villamil.', 5, 4, 1, '', '2014-03-17 10:16:00', '2014-03-20 10:01:00', '2014-03-20 10:01:00', 2, 1, 127),
(323, 'Actualizar Intranet con los datos enviados por Angelica Villamil..', 5, 5, 1, '', '2014-03-17 10:16:00', '2014-03-17 13:31:00', '2014-03-17 13:31:00', 2, 1, 127),
(324, 'SOLICITUD CONFIGURACIÓN CARPETA COMPARTIDA ', 5, 1, 1, 'Se requería con urgencia y se atendió hasta el siguiente día.', '2014-03-17 11:03:00', '2014-03-17 12:10:00', '2014-03-17 12:10:00', 2, 3, 99),
(325, 'Revisar Conectividad de Carlos Mancilla al server', 5, 4, 1, 'ok\n', '2014-03-17 11:07:00', '2014-03-17 12:48:00', '2014-03-17 12:48:00', 2, 6, 127),
(326, 'Daño en la impresora no reconoce los cartuchos', 5, 5, 1, '', '2014-03-17 12:01:00', '2014-03-17 12:11:00', '2014-03-17 12:11:00', 2, 1, 124),
(327, 'Revisar impresora de Jesus Herreño', 5, 5, 1, 'ok\n', '2014-03-17 12:08:00', '2014-03-17 12:11:00', '2014-03-17 12:11:00', 2, 1, 127),
(328, 'ICAFT: Llamar a ETB para solicitar el traslado de la linea telefónica a la magdalena', 5, 5, 1, 'Excelente', '2014-03-17 12:44:00', '2014-03-18 08:34:00', '2014-03-18 08:34:00', 2, 5, 131),
(329, 'Activación serial de windows Ing Daniel', 5, 5, 1, '', '2014-03-17 12:49:00', '2014-03-18 11:48:00', '2014-03-18 11:48:00', 2, 1, 128),
(331, 'revisar la programacion de notas de acuerdo al correo enviado por el ing. Daniel.', 5, 5, 1, 'ok\n', '2014-03-17 14:15:00', '2014-03-17 14:31:00', '2014-03-17 14:31:00', 2, 5, 127),
(332, 'Solicitud para instalar en mi PC el Nero. Motivo: La elaboración de varias copias de los discos back-ups resulta dispendiosa con las herramientas nativas de Windows 7, en cambio Nero me permite quemar en una misma sesión varias copias del mismo disco. Sin preferencia de versión, recomiendo que contenga la aplicación "Nero Express".', 5, 3, 1, 'Instalación Full', '2014-03-18 07:48:00', '2014-03-18 10:13:00', '2014-03-18 10:13:00', 2, 5, 129),
(333, 'Buen día se requiere soporte para la impresora Coordinación de Salud Ocupacional', 5, 5, 1, 'la oportunidad de atención fue rápida.', '2014-03-18 08:12:00', '2014-03-18 09:43:00', '2014-03-18 09:43:00', 2, 3, 169),
(334, 'Realizar el montaje de las maquinas del laboratorio tres.', 5, 5, 1, '', '2014-03-18 08:46:00', '2014-03-18 11:15:00', '2014-03-18 11:15:00', 2, 3, 127),
(335, 'Realizar el montaje de las maquinas del laboratorio tres..', 5, 5, 1, '', '2014-03-18 08:46:00', '2014-03-20 14:16:00', '2014-03-20 14:16:00', 2, 1, 127),
(336, '.Realizar el montaje de las maquinas del laboratorio tres.', 5, 5, 1, '', '2014-03-18 08:46:00', '2014-03-25 09:31:00', '2014-03-25 09:31:00', 2, 1, 127),
(337, 'alistamiento de laboratorio tres, instalación de TV', 5, 5, 1, '', '2014-03-18 09:29:00', '2014-03-20 14:16:00', '2014-03-20 14:16:00', 2, 1, 127),
(338, 'Tomar el serial de los radios, la foto y solicitar la factura para colocarlos en el inventario.', 5, 5, 1, '', '2014-03-18 11:21:00', '2014-03-19 15:15:00', '2014-03-19 15:15:00', 2, 5, 127),
(339, 'Revisar llamadas a lineas 01800 en la ext. de Angélica Puerto', 5, 5, 1, 'ok\n', '2014-03-18 11:32:00', '2014-03-18 12:13:00', '2014-03-18 12:13:00', 2, 13, 127),
(340, 'CREAR LAS CARPETAS', 5, 5, 1, 'ok\n', '2014-03-18 13:18:00', '2014-03-25 07:40:00', '2014-03-25 07:40:00', 2, 1, 127),
(341, 'Solicitud de 2 portátiles y 2 pistolas para apoyo logístico de una actividad a realizar por parte de Bienestar Institucional.', 5, 1, 1, 'Equipos entregados a tiempo', '2014-03-18 16:01:00', '2014-03-18 16:38:00', '2014-03-18 16:38:00', 2, 3, 129),
(342, 'Ubicar Server Elastix Backup En la oficina para realizar pruebas de levantamiento.', 5, 5, 1, 'ok\n', '2014-03-18 16:34:00', '2014-03-19 07:55:00', '2014-03-19 07:55:00', 2, 3, 127),
(343, 'La impresora no esta configurada con mi equipo asignado. Solicito se haga esta configuración.', 4, 3, 0, '', '2014-03-18 17:41:00', '2014-03-19 14:30:00', '2014-03-19 14:30:00', 2, 11, 154),
(344, 'Buenos días, el presente es para solicitar el arreglo de la impresora ya que no esta imprimiendo. Muchas gracias.', 5, 1, 1, 'Muy buen servicio, gracias.', '2014-03-19 08:56:00', '2014-03-19 10:00:00', '2014-03-19 10:00:00', 2, 11, 102),
(345, 'buenos días \nme podrían colaborar con las impresoras que no están funcionando \n\nagradezco la pronta colaboración ', 5, 1, 1, 'gracias \n', '2014-03-19 08:58:00', '2014-03-19 10:00:00', '2014-03-19 10:00:00', 2, 1, 116),
(346, 'falla de impresora caso de prueba', 5, 1, 1, '', '2014-03-19 10:09:00', '2014-03-19 10:34:00', '2014-03-19 10:34:00', 3, 11, 125),
(347, 'Buenos días, solicito a ustedes un equipo de computo portátil que sirva para conectar un vídeo beam de las institución el día de hoy 19-03-2014 en el horario comprendido de 12:45 a 3:30 pm. agradezco la colaboración prestada.', 5, 1, 1, 'No tengo', '2014-03-19 10:22:00', '2014-03-19 12:28:00', '2014-03-19 12:28:00', 2, 3, 91),
(348, 'Revisar Conexión de Internet en la Biblioteca', 5, 5, 1, 'ok\n', '2014-03-19 13:10:00', '2014-03-19 13:30:00', '2014-03-19 13:30:00', 2, 2, 127),
(349, 'Hablar Con Claudio sobre el arreglo de las mesas', 5, 5, 1, '', '2014-03-19 13:45:00', '2014-03-20 17:03:00', '2014-03-20 17:03:00', 2, 5, 127),
(350, ';uy buenas tardes:  deseo realizar actualizaciòn de mi nùmero celular en la intranet ya que esta incorrecto.   Voy a perfil, actualizar y modifico el numero, pero cuando le doy el comando "actualizar" me indica:  error al enviar el formulario.', 5, 3, 1, 'Excelente la soluciòn a la dificultad que se me estaba presentando.', '2014-03-19 14:00:00', '2014-03-20 10:03:00', '2014-03-20 10:03:00', 2, 1, 156),
(351, 'Muy buenas tardes:    intento abrir mi outlook y me indica: "configuraciòn del servidor cpinzon sin cifrar".   No abre.', 5, 3, 1, 'Excelente la soluciòn a la dificultad que se me estaba presentando.   ', '2014-03-19 14:02:00', '2014-03-19 15:58:00', '2014-03-19 15:58:00', 2, 1, 156),
(352, 'Baja tinta cartucho negro impresora educación continuada para documentación doctor Ravelo.', 5, 5, 1, 'SE DESARROLLO LA ASESORIA DE MANERA ACERTADA Y EFICIENTE.', '2014-03-19 17:03:00', '2014-03-19 17:35:00', '2014-03-19 17:35:00', 2, 1, 88),
(353, 'realizar pruebas de verificación de NET SUPPORT en el laboratorio uno,', 5, 5, 1, '', '2014-03-20 07:43:00', '2014-03-20 11:42:00', '2014-03-20 11:42:00', 2, 15, 127),
(354, 'Crear un aviso de PINTURA FRESCA para infraestructura.', 5, 3, 1, '', '2014-03-20 08:59:00', '2014-03-20 14:49:00', '2014-03-20 14:49:00', 2, 5, 127),
(355, 'Solicitud de inventario y orden de compra de toners', 5, 5, 1, 'Muy bien', '2014-03-20 09:22:00', '2014-03-20 10:01:00', '2014-03-20 10:01:00', 2, 11, 131),
(356, 'soporte impresora no reconoce los cartuchos ', 5, 1, 1, 'excelente ', '2014-03-20 09:48:00', '2014-03-20 14:21:00', '2014-03-20 14:21:00', 2, 1, 158),
(357, 'Por favor me colaboran con el permiso para ver las cámaras de la cafetería del día 18 de marzo, entre las 12:30 m y las 13:15 horas.   Muchas gracias.', 5, 5, 1, 'gracias', '2014-03-20 09:55:00', '2014-03-21 09:28:00', '2014-03-21 09:28:00', 2, 9, 97),
(358, 'cada vez que inicio o abro intranet o pagina de aspirantes  salen avisos publicitarios.', 5, 4, 1, 'aun  salen las publicaciones ', '2014-03-20 10:43:00', '2014-03-20 11:37:00', '2014-03-20 11:37:00', 2, 3, 112),
(359, 'Buen día !\nPara informar que la conexión a Wifi esta fallando.\n\nGracias', 5, 3, 1, '', '2014-03-20 11:40:00', '2014-03-20 13:14:00', '2014-03-20 13:14:00', 2, 6, 109);
INSERT INTO `supports` (`id`, `message`, `priority`, `user_priority`, `rating_status`, `comment`, `created_at`, `updated_at`, `closed_at`, `support_status_id`, `support_category_id`, `users_id`) VALUES
(360, 'Ruben Paredes: Solicitud de revisión del equipo ya que no puede acceder a internet', 5, 5, 1, 'Muchas Gracias', '2014-03-20 11:50:00', '2014-03-20 14:18:00', '2014-03-20 14:18:00', 2, 2, 131),
(361, 'Untangle Wifi: Revisar el servidor untangle wifi ya que no esta accediendo a internet', 5, 5, 1, 'Muy bien', '2014-03-20 11:51:00', '2014-03-20 14:17:00', '2014-03-20 14:17:00', 2, 1, 131),
(362, 'La impresora de educación continuada no deja imprimir y en la pantalla aparece consumibles muy bajos requerimos de su servicios lo mas pronto muchas gracias.', 4, 1, 1, 'LOS FELICITO FUE INMEDIATO,,GRACIAS', '2014-03-20 13:21:00', '2014-03-20 15:00:00', '2014-03-20 15:00:00', 2, 11, 155),
(363, 'Por favor me colaboran con el permiso para ver las cámaras de la cafetería del día 19 de marzo, entre las 12:00 m y las 13:15 horas. Muchas gracias.', 5, 5, 1, 'gracias', '2014-03-20 13:31:00', '2014-03-21 09:28:00', '2014-03-21 09:28:00', 2, 9, 97),
(364, 'Tengo problemas con la impresora ya que la configuraron en calidad foto, pero al pasarla a texto o texto imagen imprime muy corrido, podría dejarla en foto pero resulta que hoy dure aproximadamente 2 horas imprimiendo un documento de 141 páginas, así que no me es conveniente quedar con la impresora con este problema.', 5, 5, 1, 'La falla de la impresora no tiene solución ya que el problema es de uso, al imprimir en calidad foto lo hace muy bien pero lento pero al cambiar la calidad a texto se corre la impresión, me dijeron que se evaluaría la posibilidad de asignar una nueva impresora a Gestión Calidad.', '2014-03-20 16:49:00', '2014-03-21 14:59:00', '2014-03-21 14:59:00', 2, 11, 83),
(365, 'no es posible imprimir ', 5, 5, 1, 'ninguna\n', '2014-03-20 17:09:00', '2014-03-21 09:09:00', '2014-03-21 09:09:00', 2, 11, 112),
(366, 'TODO EL DÍA DE HOY LA CONEXIÓN WIFI FUE DEFICIENTE, SIENDO LAS 7:07 PM CONTINUA FALLANDO SIN POSIBILIDAD DE COMUNICACIÓN. SE PRESENTARON SERVICIOS EN EL TRANSCURSO DEL DÍA PERO LA CONEXIÓN CONTINUA FALLANDO.', 5, 5, 1, 'buen tiempo en el servicio', '2014-03-20 19:09:00', '2014-03-21 14:58:00', '2014-03-21 14:58:00', 2, 7, 88),
(367, 'Buen día, pido amablemente una revisión al equipo de Medios Virtuales ya que este se congela y comienza un sonido en la torre, posiblemente sea el disco duro, si es así solicito algún medio extraerle en donde sea posible realizar un backup de la información, ya que qui se encuentra la antigua intranet  y la nueva pagina web.', 5, 1, 1, '', '2014-03-21 07:14:00', '2014-03-26 10:22:00', '2014-03-26 10:22:00', 2, 3, 168),
(368, 'Solicito su colaboración ya que no están entrando llamadas ', 5, 5, 1, '', '2014-03-21 07:36:00', '2014-03-21 07:58:00', '2014-03-21 07:58:00', 2, 12, 95),
(369, 'Buen día.\nCordialmente solicito una revisión urgente a mi equipo pues el programa de excel tiene una clase de falla en donde el parecer esta congelado sin dejarme hacer ninguna modificación al documento. \nGracias. ', 5, 2, 1, 'ademas de escuchar y solucionar el problema con una buena actitud ademas también me aconsejo que hacer para la próxima vez que se presentara lo mismo.', '2014-03-21 08:15:00', '2014-03-21 08:46:00', '2014-03-21 08:46:00', 2, 3, 164),
(370, 'Imprimir archivos para el Ingeniero Daniel', 5, 5, 1, '', '2014-03-21 08:47:00', '2014-03-21 09:08:00', '2014-03-21 09:08:00', 2, 5, 125),
(371, 'Corin Artunduaga: Recuperar archivos de un medio extraible', 5, 5, 1, 'Muy Bien', '2014-03-21 09:46:00', '2014-03-21 11:42:00', '2014-03-21 11:42:00', 2, 5, 131),
(372, 'Emma Carrion: Configuración de correo electronico de ICAFT.', 5, 5, 1, 'Muy Bien', '2014-03-21 10:58:00', '2014-03-21 11:43:00', '2014-03-21 11:43:00', 2, 5, 131),
(373, 'Tras la creación de la carpeta compartida para el área de Bienestar en nuestro equipos, en el escritorio de Henry Flores quedaron dos carpetas, y se puede generar desvíos de la información. Por favor unificarlas en una sola.', 5, 2, 1, 'Se eliminaron las carpetas que podrían generar conflicto.', '2014-03-21 11:03:00', '2014-03-25 11:03:00', '2014-03-25 11:03:00', 2, 1, 104),
(374, 'Al llamar no me escuchan por la diadema urgente ,,,,gracias', 5, 1, 1, 'EXCELENTE ATENCION', '2014-03-21 11:10:00', '2014-03-21 12:22:00', '2014-03-21 12:22:00', 2, 1, 155),
(375, 'teclado de uno de los computadores para estudiantes no responde.', 5, 3, 1, 'Gracias', '2014-03-21 16:29:00', '2014-03-21 17:44:00', '2014-03-21 17:44:00', 2, 3, 162),
(376, 'Buen día, se requiere soporte técnico para la impresora ubicada en coordinación de salud ocupacional.', 5, 5, 1, 'la atención fue oportuna.', '2014-03-25 07:42:00', '2014-03-25 11:28:00', '2014-03-25 11:28:00', 2, 11, 169),
(377, 'Tengo problemas con la impresora ya que la configuraron en calidad foto, pero al pasarla a texto o ttexto imagen imprime muy corrido, podría dejarla en foto pero resulta que hoy dure aproximadamente 2 horas imprimiendo un documento de 141 páginas, así que no me es conveniente quedar con la impresora con este problema', 5, 3, 1, 'ok\n', '2014-03-25 07:42:00', '2014-03-25 12:35:00', '2014-03-25 12:35:00', 2, 11, 127),
(378, 'Sacar vídeo de seguridad de acuerdo a solicitud realizada por la fiscalia. Camara de parqueadero de motos 24 de marzo desde las 13:30 hasta las 18:30', 5, 2, 1, '', '2014-03-25 08:14:00', '2014-03-26 10:24:00', '2014-03-26 10:24:00', 2, 9, 125),
(379, 'Se deseaban enviar unos documentos al correo interno de mi compañera y por error se fueron todos los cuales pesan mas de 70 mb y se quedo cargando el Outlook. Agradezco su colaboración.', 5, 3, 1, 'Excelente atención!', '2014-03-25 15:55:00', '2014-03-26 07:52:00', '2014-03-26 07:52:00', 2, 5, 92),
(382, 'La impresora, no imprime correctamente, utiliza mucha tinta.', 5, 2, 1, 'Muchas gracias.', '2014-03-25 16:23:00', '2014-03-25 17:28:00', '2014-03-25 17:28:00', 2, 11, 162),
(383, 'Buen día, solicito acceso a la carpeta imágenes que se encuentra en el servidor.', 5, 1, 1, '', '2014-03-26 07:34:00', '2014-03-26 10:21:00', '2014-03-26 10:21:00', 2, 6, 168),
(384, 'Jaimito, por favor llame al  call center de copa y averiguarme cuanto es la multa por cambiar estos triquetes de fecha.\nnecesito cambiarlos para el 8 de Abril.\napenas llegue póngase en eso, necesito que me tenga la razón a las 8:30 por tarde.\n\n\nGracias.\n', 5, 3, 1, '', '2014-03-26 07:48:00', '2014-03-26 09:08:00', '2014-03-26 09:08:00', 2, 5, 125),
(386, 'Realizar el acta de reunion numero 33, para el 27 / 03 / 2014', 5, 5, 1, 'Muy bien', '2014-03-26 08:08:00', '2014-03-27 11:24:00', '2014-03-27 11:24:00', 2, 5, 131),
(387, 'toner negro de impresora agotado ', 5, 5, 1, '', '2014-03-26 08:52:00', '2014-03-26 09:02:00', '2014-03-26 09:02:00', 2, 1, 158),
(388, 'Soporte a profesor en el aula 31, problemas con el video beam', 5, 5, 1, '', '2014-03-26 09:11:00', '2014-03-26 09:34:00', '2014-03-26 09:34:00', 2, 3, 125),
(389, 'Configurar impresora de biblioteca a Salud ocupacional', 5, 5, 1, 'ok\n', '2014-03-26 11:52:00', '2014-03-26 12:38:00', '2014-03-26 12:38:00', 2, 1, 127),
(390, 'El computador del modulo de circulación y préstamo, no tiene acceso a Internet.', 5, 2, 1, 'Gracias', '2014-03-26 14:06:00', '2014-03-26 16:12:00', '2014-03-26 16:12:00', 2, 2, 162),
(391, 'DES INSTALAR LOS AP DE AXEDE.  VER CORREO', 5, 5, 1, '', '2014-03-26 15:00:00', '2014-03-27 10:14:00', '2014-03-27 10:14:00', 2, 16, 127),
(392, 'Revisar e Imprimir la certificación de puntos enviada por AXEDE.', 5, 5, 1, '', '2014-03-26 15:02:00', '2014-03-27 10:13:00', '2014-03-27 10:13:00', 2, 6, 127),
(393, 'Tenemos que ubicar en los backup´s  el que corresponde a la señora Briggite Forero, ; hay que ubicar el backup de los correos electrónicos y encontrar uno que le envió la aeronáutica civil a ella, pidiendo información del señor Rincón.', 5, 5, 1, '', '2014-03-26 15:05:00', '2014-03-27 07:58:00', '2014-03-27 07:58:00', 2, 18, 127),
(394, 'Muy buenas tardes:   hay varios compañeros de trabajo que no me aparecen en el spark.   ¿còmo debo agregarlos?', 5, 4, 1, '', '2014-03-26 15:07:00', '2014-04-03 16:09:00', '2014-04-03 16:09:00', 2, 1, 156),
(395, 'Cordial saludo,\nSolicito amablemente su colaboración con la revisión de la linea telefónica 7437847.\nGracias.', 5, 3, 1, 'Gestión OK', '2014-03-26 16:53:00', '2014-04-03 09:15:00', '2014-04-03 09:15:00', 2, 12, 115),
(396, 'Daño impresora no esta cargando tinta ', 5, 4, 1, '', '2014-03-27 09:43:00', '2014-03-27 11:42:00', '2014-03-27 11:42:00', 2, 1, 124),
(398, 'no sirve mi impresora .\nno puedo imprimir parciales .\nes urgente ', 5, 1, 1, '.............................', '2014-03-27 11:52:00', '2014-03-27 12:09:00', '2014-03-27 12:09:00', 2, 5, 116),
(399, 'Cordial saludo,.\nSolicito amablemente la revisión de la red inalámbrica ya que no he podido conectarme para comunicación con la Dirección Administrativa.\nGracias.', 5, 2, 1, 'Gestión OK', '2014-03-27 11:57:00', '2014-03-27 14:54:00', '2014-03-27 14:54:00', 2, 16, 115),
(401, 'Instalar Software para descargar vídeos al Señor Ravelo', 5, 3, 1, 'El caso tiene otra respuesta', '2014-03-27 12:18:00', '2014-03-27 14:37:00', '2014-03-27 14:37:00', 2, 15, 127),
(405, 'Caso de prueba 1', 5, 5, 1, '', '2014-03-27 14:58:00', '2014-03-27 14:59:00', '2014-03-27 14:59:00', 3, 1, 174),
(406, 'Instalar Software para descargar vídeos al Señor Ravelo..', 4, 4, 1, '', '2014-03-27 14:59:00', '2014-04-01 10:36:00', '2014-04-01 10:36:00', 2, 15, 127),
(407, 'La red wifi "Indoamericana" no permite subir contenidos a la red social instagram, pero si permite acceder a ella.', 5, 1, 1, '', '2014-03-27 17:21:00', '2014-04-01 11:30:00', '2014-04-01 11:30:00', 2, 2, 168),
(408, 'Revisar SABRE en laboratorios, revisar el correo que le envíe hoy.', 5, 4, 1, '', '2014-03-28 07:23:00', '2014-03-28 08:01:00', '2014-03-28 08:01:00', 2, 15, 127),
(409, 'Revisión de equipo de Ruben,  (Sonido)', 5, 5, 1, '', '2014-03-28 10:49:00', '2014-03-28 11:05:00', '2014-03-28 11:05:00', 2, 3, 127),
(410, 'Solicitud de soporte técnico a los profesores en sala 30.', 5, 5, 1, 'Well Done', '2014-03-28 10:51:00', '2014-03-28 11:19:00', '2014-03-28 11:19:00', 2, 3, 131),
(411, 'No me carga el fondo de escritorio Corporativo', 5, 5, 1, 'no ha cargado el Fondo de Pantalla Corporativo', '2014-03-28 15:35:00', '2014-04-08 07:58:00', '2014-04-08 07:58:00', 2, 15, 81),
(412, 'SOLICITUD PRUEBA', 5, 5, 1, 'NINGUNA', '2014-03-28 16:07:00', '2014-03-28 16:12:00', '2014-03-28 16:12:00', 3, 5, 113),
(413, 'REVISIÓN EQUIPO, LO HAN REVISADO VARIAS VECES PERO CONTINUA LO MISMO , LES AGRADEZCO SU COLABORACIÓN', 5, 5, 1, '', '2014-03-28 16:31:00', '2014-04-03 08:05:00', '2014-04-03 08:05:00', 2, 3, 113),
(414, 'Solicitud de capacitación de HELP DESK A Wilson Hernandez', 5, 5, 1, 'Muy bien', '2014-03-28 16:32:00', '2014-04-03 08:30:00', '2014-04-03 08:30:00', 2, 1, 131),
(415, 'TONER PARA IMPRESORA HP LASER JET 1212', 5, 1, 1, 'MUCHAS GRACIAS', '2014-03-31 08:38:00', '2014-03-31 09:56:00', '2014-03-31 09:56:00', 2, 11, 119),
(416, 'Requiero restablecer la contraseña del usuario de la doctora Angela Medina.', 5, 3, 1, '', '2014-03-31 08:39:00', '2014-04-01 08:11:00', '2014-04-01 08:11:00', 2, 1, 125),
(417, 'Buenos días compañeros, el presente mensaje es para reportar la desconfiguración del equipo con respecto a las impresoras del área, ninguna me funciona. Muchas gracias.', 5, 1, 1, 'NInguna', '2014-03-31 08:41:00', '2014-03-31 09:59:00', '2014-03-31 09:59:00', 2, 11, 102),
(418, 'La CPU del computador de Coordinación de salud ocupacional, no me permite la lectura de CD.', 5, 5, 1, 'La atención fue oportuna.', '2014-03-31 09:06:00', '2014-03-31 10:28:00', '2014-03-31 10:28:00', 2, 3, 169),
(419, 'Revisar computador de Emma Carrion y verificar si llego un correo del Dr. Murcia.', 1, 1, 1, 'bien.', '2014-03-31 09:57:00', '2014-03-31 10:08:00', '2014-03-31 10:08:00', 2, 5, 132),
(420, 'Requiero restablecer la contraseña del usuario de la doctora Alba Castañeda.', 5, 3, 1, '', '2014-03-31 10:45:00', '2014-04-01 11:11:00', '2014-04-01 11:11:00', 2, 1, 125),
(421, 'Se requiere la conexión a la carpeta compartida en el servidor de capacitaciones y que esta  también se encuentre el los equipos de salud ocupacional y calidad.', 5, 3, 1, '', '2014-03-31 10:48:00', '2014-04-01 12:18:00', '2014-04-01 12:18:00', 2, 3, 125),
(422, 'Instalar Outlook a Edwin y colocarle también el correo de Briggite.', 5, 1, 1, '', '2014-03-31 14:10:00', '2014-03-31 14:24:00', '2014-03-31 14:24:00', 2, 19, 127),
(423, 'impresora no tiene conexion', 5, 5, 1, '', '2014-03-31 14:31:00', '2014-03-31 16:16:00', '2014-03-31 16:16:00', 2, 1, 84),
(425, 'lo saludo cordialmente,\nme permito solicitarle el restablecimiento de la contraseña del correo institucional, gracias \nAtt:\nJuan Ramón Reyes Leal', 5, 3, 1, '', '2014-03-31 14:50:00', '2014-03-31 15:12:00', '2014-03-31 15:12:00', 2, 19, 125),
(426, 'Biblioteca: Solicitud de soporte en un equipo de bliblioteca.', 4, 5, 1, 'Muy bien', '2014-04-01 09:13:00', '2014-04-01 09:41:00', '2014-04-01 09:41:00', 2, 3, 131),
(427, 'Profesor: Solicitud de revisión de red la inalambrica en el área de Biblioteca.\nAsignar a Deiby Sierra', 5, 5, 1, 'Efectivo', '2014-04-01 09:41:00', '2014-04-01 11:29:00', '2014-04-01 11:29:00', 2, 16, 131),
(428, 'Buen día pido por favor sea configurada la cuenta de correos masivos Critsend, ya que pide usuario y contraseña.', 5, 1, 1, '', '2014-04-01 10:26:00', '2014-04-04 07:15:00', '2014-04-04 07:15:00', 2, 19, 168),
(429, 'El equipo del señor jose gabriel moreno presenta dificultades con la intranet ya que no reconoce usuario y contraseña', 5, 3, 1, '', '2014-04-01 10:48:00', '2014-04-01 15:35:00', '2014-04-01 15:35:00', 2, 1, 94),
(430, 'Instalación de acrobat X para equipo de diseño.', 5, 2, 1, 'Se  realizo la corrección al problema.', '2014-04-01 11:27:00', '2014-04-04 09:08:00', '2014-04-04 09:08:00', 2, 1, 126),
(431, 'Préstamo de portátil para emma Carrion', 5, 4, 1, '', '2014-04-01 14:33:00', '2014-04-01 17:14:00', '2014-04-01 17:14:00', 2, 3, 127),
(432, 'Instalar Google Drive a Pedro Ravelo', 4, 2, 1, '', '2014-04-01 15:14:00', '2014-04-02 14:16:00', '2014-04-02 14:16:00', 2, 15, 127),
(433, 'Lamma a al fiscalia para hacer entrega del video de la camara de seguridad', 5, 3, 1, '', '2014-04-01 17:40:00', '2014-04-02 13:32:00', '2014-04-02 13:32:00', 2, 9, 125),
(434, 'POR FAVOR ME COLABORAN CON MI EQUIPO, YA QUE NO PRENDE, NI LA IMPRESORA, NI EL TELÉFONO. \nPREDETERMINAR LA PÁGINA DE INTERNET CON EL LINK DE LA INTRANET NUEVA. ', 5, 2, 1, 'Muchas gracias', '2014-04-02 07:27:00', '2014-04-03 08:03:00', '2014-04-03 08:03:00', 2, 3, 150),
(435, 'Agradezco su colaboración para poder tener acceso a unos documentos del Computador de Julian Cortes mediante acceso remoto ya que antes de que le hicieran el cambio podía hacerlo por medio de un link. Muchas gracias.', 5, 3, 1, 'Todo perfecto', '2014-04-02 08:26:00', '2014-04-02 13:28:00', '2014-04-02 13:28:00', 2, 5, 92),
(436, 'Cordial saludo.,\nSolicito amablemente su colaboración con la revisión de la configuración de la impresora ya que al enviar documentos en oficio para imprimir en ambas la márgen no sale completa.\nGracias', 5, 1, 1, 'Gestión OK', '2014-04-02 12:28:00', '2014-04-02 16:36:00', '2014-04-02 16:36:00', 2, 11, 115),
(437, 'Cordial saludo.\nSolicito amablemente su colaboración con la revisión que corresponda al tonner de la impresora de la Dirección General ya que indica que tiene muy poca tinta.\nGracias.', 5, 1, 1, 'Gestión OK', '2014-04-02 12:30:00', '2014-04-02 16:51:00', '2014-04-02 16:51:00', 2, 11, 115),
(438, 'Tengo inconveniente en la visualización de los archivos de PDF que genera la pagina del Diario Oficial.', 5, 5, 1, 'Perfecto', '2014-04-02 12:43:00', '2014-04-03 11:00:00', '2014-04-03 11:00:00', 2, 2, 106),
(440, 'desbloquear IP del Ipad  del doctor Ravelo del Wiifi de los estudiantes\n\nIP: 192.168.5.250\nMAC: 1C:AB:A7:2E:27:8B', 5, 3, 1, '', '2014-04-02 15:42:00', '2014-04-02 16:46:00', '2014-04-02 16:46:00', 2, 16, 125),
(441, 'solicitud de prueba', 5, 1, 1, '', '2014-04-03 08:32:00', '2014-04-03 08:33:00', '2014-04-03 08:33:00', 3, 1, 125),
(442, 'Alba Castañeda: Configurar el servidor de koah para que sea visible desde Internet.', 5, 5, 1, 'Muy Bien', '2014-04-03 08:33:00', '2014-04-07 13:20:00', '2014-04-07 13:20:00', 2, 1, 131),
(444, 'No puedo acceder a la carpeta "Ausentismos" compartida en el equipo de Angelica Villamil', 5, 4, 1, 'NINGUNA', '2014-04-03 09:34:00', '2014-04-03 10:24:00', '2014-04-03 10:24:00', 2, 15, 147),
(445, 'Buenas tardes,\n\nMi solicitud es debido a una inconsistencia que tengo con los correos electrónicos, se cierran consecutivamente. Tal vez des configure algo.  \n\nMuchas gracias,\n\nQuedo atenta.', 5, 3, 1, 'Los correos electrónicos aún se cierran.', '2014-04-03 16:58:00', '2014-04-07 07:53:00', '2014-04-07 07:53:00', 2, 19, 109),
(446, 'Buen día, quiero informar que no tengo tono en la linea telefónica, tampoco tengo internet y el correo no funciona. ', 5, 5, 1, 'Ninguna', '2014-04-04 07:41:00', '2014-04-04 08:31:00', '2014-04-04 08:31:00', 2, 1, 83),
(447, 'SOLICITO SU AYUDA CON LA CONFIGURACIÓN DE LA APLICACIÓN DE CORREOS YA QUE NO ME APARECEN LOS DATOS ADJUNTOS CUANDO ME ENVÍAN DOCUMENTOS.\nMUCHAS GRACIAS', 5, 4, 1, 'Fue rápida la ayuda', '2014-04-04 09:31:00', '2014-04-07 08:18:00', '2014-04-07 08:18:00', 2, 3, 111),
(449, 'Solicito por favor inducción de sistemas y creación de usuarios a la señora PAOLA ANDREA HURTADO CASTRO, quien ingresa a la Corporación como Auxiliar de Biblioteca a partir del 4 de abril de 2014. ', 5, 2, 1, 'Muchas gracias', '2014-04-04 09:56:00', '2014-04-04 11:12:00', '2014-04-04 11:12:00', 2, 5, 150),
(450, 'Resetear contraseña a Maria Fernanda Alarcon Hernandezpara acceder al aula virtual', 5, 3, 1, '', '2014-04-04 11:16:00', '2014-04-04 13:16:00', '2014-04-04 13:16:00', 2, 2, 125),
(452, 'Servidor siigo: Revisar el servidor de siigo está muy lento. Sale un aviso de verificar las conexiones.', 5, 1, 1, 'Aún se sigue presentando', '2014-04-04 11:39:00', '2014-04-07 08:22:00', '2014-04-07 08:22:00', 2, 6, 123),
(453, 'Equipo de usuarios numero 6 no reconoce los auriculares. ', 5, 2, 1, 'Gracias', '2014-04-04 11:45:00', '2014-04-04 13:52:00', '2014-04-04 13:52:00', 2, 3, 162),
(454, 'Solicito el cambio d contraseña del sistema de Cristiam Rey', 5, 3, 1, 'gracias', '2014-04-04 12:01:00', '2014-04-04 15:15:00', '2014-04-04 15:15:00', 2, 1, 125),
(455, 'Equipo de usuarios numero 2 no tiene acceso a Internet. ', 5, 2, 1, 'Gracias', '2014-04-04 13:19:00', '2014-04-04 13:51:00', '2014-04-04 13:51:00', 2, 2, 162),
(456, 'La impresora durante todo el día ha presentado inconvenientes en su impresora, se atasca el papel sin causa alguna y presenta muy poca tinta ya que las hojas salen muy borrosas.', 4, 2, 1, 'buen servicio', '2014-04-04 17:16:00', '2014-04-07 08:16:00', '2014-04-07 08:16:00', 2, 11, 88),
(457, 'Buenos me pueden colaboran con el reset del chip y cargar de tinta la impresora gracias ', 4, 4, 1, '', '2014-04-05 09:53:00', '2014-04-05 11:04:00', '2014-04-05 11:04:00', 2, 1, 124),
(458, 'SE configuro equipó para lizset Acosta', 5, 5, 1, 'se realizo el cambio del equipo de acuerdo a la solicitud', '2014-04-05 13:27:00', '2014-04-07 08:15:00', '2014-04-07 08:15:00', 2, 3, 125),
(459, 'Auditorio: Revisar audio de auditorio ', 5, 5, 1, 'Bien', '2014-04-07 07:35:00', '2014-04-07 08:12:00', '2014-04-07 08:12:00', 2, 5, 131),
(460, 'verificar nuevamente la carpeta de fotos que tenemos en el servidor y asignarle peermisos de lectura a: JOSELIN ZARATE SHIRLEY ZARATE DANIEL ZARATE JIMMY FONSECA CARLOS MANCILLA EDGAR ANGEL', 5, 4, 1, '', '2014-04-07 07:52:00', '2014-04-10 09:38:00', '2014-04-10 09:38:00', 2, 6, 127),
(461, 'Jaimito, ayúdeme con este caso?\n\nBuenas noches , soy la estudiante Stephania Torres del curso ASA 1fm en la mañana; Escribo este correo por el  motivo de que no puedo ingresar a el aula virtual para revisar los vídeos de Fundamentos de Administración .\nSegún entiendo debo ingresar mi correo estudiantil y mi contraseña es la cédula, pero no puedo ingresar aún.\nMuchas Gracias.\n                                            \nStephania Torres Corredor ', 5, 4, 1, '', '2014-04-07 08:25:00', '2014-04-07 12:07:00', '2014-04-07 12:07:00', 2, 19, 125),
(462, 'Habilitación de páginas', 5, 5, 1, 'ninguna', '2014-04-07 08:28:00', '2014-04-15 09:51:00', '2014-04-15 09:51:00', 2, 2, 147),
(463, 'Buenos días,  mi solicitud es porque el monitor y todas las ventanas se ven de tamaño inmenso y algo distorsionado. \n\nQuedo atenta,\n\nGracias... ', 5, 1, 1, 'El aspecto del monitor quedo bien, pero ahora se puso extremadamente lentooo.\n\nEspero su asistencia para este inconveniente,\n\nMuchas gracias..', '2014-04-07 08:37:00', '2014-04-07 10:52:00', '2014-04-07 10:52:00', 2, 3, 109),
(464, 'Se solicita revisión de la impresora, no están saliendo las impresiones.', 5, 1, 1, 'MUY EFICIENTE', '2014-04-07 10:43:00', '2014-04-07 16:08:00', '2014-04-07 16:08:00', 2, 11, 99),
(465, 'Buen día!\nLes informo que en el escritorio del equipo dice: esta copia de Windows no es original. Y reitero que mi equipo esta muy lento.\n\nAtenta a su pronta colaboración ', 5, 5, 1, 'La 2 Gb de memoria acordada no ha sido instalada por esta razón el equipo sigue lento y esto  afecta las tareas por realizar.\n\nEspero su pronta colaboración ', '2014-04-07 11:17:00', '2014-04-07 15:25:00', '2014-04-07 15:25:00', 2, 3, 109),
(466, 'Revisión de cámara 4 del sistema de seguridad', 5, 2, 1, '', '2014-04-07 12:08:00', '2014-04-08 07:57:00', '2014-04-08 07:57:00', 2, 1, 125),
(467, 'La tinta negra de la impresora se acabo, los documentos están saliendo extremadamente borrosos, no podemos imprimir.\n\nPor favor cambiar urgente el toner o recargar la misma.\n', 5, 5, 1, 'El inconveniente se demoro en solucionar aproximadamente 1 mes ya que no se encontraban los cartuchos correspondientes, el trabajo de impresión en Educación Continuada y como se comparte con el área Trainair Plus es muy pesado, la impresora en su funcionamiento es excelente sin embargo considero no aguanta el trabajo de impresión tan alto que se maneja.', '2014-04-07 12:42:00', '2014-04-08 10:55:00', '2014-04-08 10:55:00', 2, 1, 88),
(469, 'Auditorio: Problemas al visualizar archivos de PDF .', 5, 5, 1, 'Bien', '2014-04-08 07:16:00', '2014-04-08 07:58:00', '2014-04-08 07:58:00', 2, 5, 131),
(470, 'Cordial saludo.\nSolicito amablemente su colaboración con la confirmación de actividad de los correos corporativos que pertenecían a los funcionarios Cristian Huertas y Leidy Camacho, en caso de estar aún activos requiero de igual manera las cuentas de correo ya que por proceso que se requiere en la página web de IATA debemos hacer unas compras y posiblemente el usuario de CEI estaba registrado con estos correos.\nGracias.', 5, 5, 1, 'Gestión OK', '2014-04-08 08:11:00', '2014-04-08 09:04:00', '2014-04-08 09:04:00', 2, 19, 115),
(471, 'Orden de Compra de malla Velcro para Cableado.', 5, 3, 1, '', '2014-04-08 08:16:00', '2014-04-10 13:53:00', '2014-04-10 13:53:00', 2, 5, 127),
(472, 'Buenos días me pueden colaborar por favor es que tengo un problema con el correo lcamacho me esta pidiendo un contraseña y no esta cargando ningún correo. ', 5, 4, 1, '', '2014-04-08 08:19:00', '2014-04-08 09:05:00', '2014-04-08 09:05:00', 2, 1, 124),
(473, 'necesito imprimir y me sale un error impresora seleccionada no puede imprimir', 5, 3, 1, '', '2014-04-08 08:37:00', '2014-04-08 09:33:00', '2014-04-08 09:33:00', 2, 11, 95),
(474, 'No se reconoce la impresora de la biblioteca al momento de imprimir. Se deben imprimir documentos de importancia pedimos el favor ayuda en el soporte. Gracias.', 2, 1, 1, 'Excelente atención', '2014-04-08 08:45:00', '2014-04-08 10:54:00', '2014-04-08 10:54:00', 2, 11, 92),
(475, 'buenos días, le informo que el teclado`presenta un problema en la tecla espaciadora\ngracias', 3, 5, 1, '', '2014-04-08 08:45:00', '2014-04-08 09:33:00', '2014-04-08 09:33:00', 2, 3, 95),
(476, 'Solicito colaboración con la impresora de la Dirección contable ya que no está imprimiendo a ninguno de los usuarios.', 5, 1, 1, 'se ha presentado inconvenientes en la impresión de varias copias', '2014-04-08 09:17:00', '2014-04-08 11:18:00', '2014-04-08 11:18:00', 2, 11, 121),
(477, 'Buen día, solicito nueva configuración de la impresora asignada para coordinación de salud ocupacional.', 5, 5, 1, 'respuesta oportuna', '2014-04-08 09:58:00', '2014-04-08 10:57:00', '2014-04-08 10:57:00', 2, 7, 169),
(478, 'Buenos dias, este es para solicitarles el favor sean instalando el flash ya que me es necesario para el cumplimiento de mis labores, en ocaciones proveedores envian archivos o urls en el que el sistema requiere de flas player e incluso para poder visualizar los documentos que se encuentran colgados en la intranet exige tener el flash instalado, por otro lado si es posible sean instalando la nueva version o la actualizacion de mozilla que ya esta pidiendo el sistema. Agradezco', 5, 2, 1, 'bien', '2014-04-08 11:23:00', '2014-04-08 12:09:00', '2014-04-08 12:09:00', 2, 15, 114),
(479, 'Restablesimiento de contraseña del aula virtual de los estudiantes Andru Orduz y RAIGOSO CARDENAS JANETH PAOLA', 5, 3, 1, '', '2014-04-09 08:05:00', '2014-04-09 08:38:00', '2014-04-09 08:38:00', 2, 5, 125),
(481, 'soporte de prueba', 5, 5, 1, '', '2014-04-09 08:48:00', '2014-04-09 08:51:00', '2014-04-09 08:51:00', 2, 3, 127),
(482, 'Internet dirindo; por favor revisar access point no da acceso en la casa cessna\npriridad 1', 5, 1, 1, '', '2014-04-09 10:02:00', '2014-04-09 12:46:00', '2014-04-09 12:46:00', 2, 16, 132),
(483, 'No me permite el ingreso a pontos, sistema biométrico', 5, 3, 1, 'Servicio  ok', '2014-04-09 12:04:00', '2014-04-10 08:32:00', '2014-04-10 08:32:00', 2, 5, 145),
(484, 'Solicitud de revisión de la licencia de office 2013 en el PC del Director Academico', 5, 5, 1, 'Bien', '2014-04-09 14:35:00', '2014-04-11 15:23:00', '2014-04-11 15:23:00', 2, 18, 131),
(485, 'No existe el acceso que anteriormente tenía para carpeta compartida de Imágenes', 5, 2, 1, 'Pendiente por mantenimiento', '2014-04-09 14:39:00', '2014-04-09 14:47:00', '2014-04-09 14:47:00', 2, 5, 145),
(486, 'solicito apoyo para encotrar unos archivos, puesto que al hacerle mantenimiento a mi equipo se perdió la colectividad a demás intento abrir  el archivo y dice que esta dañado ', 3, 1, 1, '.........................********************************************************************************************************************************************************************************************', '2014-04-09 15:51:00', '2014-04-10 09:55:00', '2014-04-10 09:55:00', 2, 18, 116),
(487, 'Fondo de Pantalla.', 3, 1, 1, '', '2014-04-09 16:36:00', '2014-04-10 14:11:00', '2014-04-10 14:11:00', 2, 5, 127),
(488, 'Buena tarde, quiero informar que mi computador en varias ocasiones al abrir un archivo se cuelga, es decir se demora en abrir el documento o en ocasiones no responde y me toca abrir el administrador de tareas para reparar, cerrar el documento y desbloquear el programa que este utilizando.', 3, 5, 1, 'Se determino cambiar el equipo y lo hicieron de manera oportuna.', '2014-04-09 16:56:00', '2014-04-11 15:19:00', '2014-04-11 15:19:00', 2, 3, 83),
(489, 'Buena tarde, solicito revisión de los auriculares del equipo Medios Virtuales ya que los funcionarios no logran escucharme y deben llamarme al teléfono de Jimmy ', 3, 1, 1, ' calificacion', '2014-04-09 16:58:00', '2014-04-10 09:39:00', '2014-04-10 09:39:00', 2, 12, 168),
(490, 'Arreglar canaleta ubicada en el gabinete de paso Wiifi casa airbus.', 5, 4, 1, '', '2014-04-10 08:00:00', '2014-04-15 06:54:00', '2014-04-15 06:54:00', 2, 5, 125),
(491, 'Buen día, he tenido bastantes inconvenientes con las diademas y el sonido, ya que los administrativos no me escuchan, ya se han realizado varios cambios y configuraciones pero no han tenido resultados, por ende solicito la asignación de un teléfono ip', 5, 3, 1, ' calificacion', '2014-04-10 08:45:00', '2014-04-10 13:59:00', '2014-04-10 13:59:00', 2, 12, 168),
(492, 'verificación de conexión con archivos compartidos de P.A.E.', 5, 4, 1, 'Gracias', '2014-04-10 09:06:00', '2014-04-10 09:56:00', '2014-04-10 09:56:00', 2, 18, 97),
(493, 'Solicito por favor confirmar o revisar la clave del correo bibliotecaindoamericana.edu.co', 5, 1, 1, 'Gracias por la atenciòn', '2014-04-10 09:21:00', '2014-04-10 09:41:00', '2014-04-10 09:41:00', 3, 19, 171),
(494, 'Memoria para Astrid segun caso HD000465 atendido por usted.', 5, 2, 1, '', '2014-04-10 14:30:00', '2014-04-11 10:01:00', '2014-04-11 10:01:00', 2, 3, 127),
(495, 'Buena tarde, solicito por favor un cambio de teclado ya que el que poseo actualmente las teclas se quedan pegadas y estan muy duras.', 5, 1, 1, '', '2014-04-10 16:02:00', '2014-04-11 08:36:00', '2014-04-11 08:36:00', 2, 3, 168),
(496, 'La impresora esta des-configurada, imprime muy grande', 5, 2, 0, '', '2014-04-10 16:29:00', '2014-04-10 16:47:00', '2014-04-10 16:47:00', 3, 11, 162),
(497, 'dffdfdf', 5, 5, 1, 'Prueba', '2014-04-10 16:59:00', '2014-04-11 08:17:00', '2014-04-11 08:17:00', 2, 18, 174),
(498, 'Buenos días compañeros el presente es para solicitar su amable colaboración puesto que la impresora del área no esta funcionando, al igual que la de punto de atención al estudiante.', 5, 5, 1, 'Ninguna', '2014-04-11 08:15:00', '2014-04-11 12:17:00', '2014-04-11 12:17:00', 2, 11, 102),
(500, 'Revision de Help Desk Salud Ocupacional.', 3, 3, 1, '', '2014-04-11 10:28:00', '2014-04-11 15:00:00', '2014-04-11 15:00:00', 2, 15, 127),
(501, 'Por favor compartir la carpeta egresados y pasantes con la señorita Viviana Marcela Martinez.', 5, 5, 1, '', '2014-04-11 11:38:00', '2014-04-11 13:36:00', '2014-04-11 13:36:00', 2, 6, 84),
(502, 'Buena tarde, solicito comedidamente instalación del software de pausas activas sugerido por ARL SURA, el cual podra descargarse ingresando a la pagina ARL SURA.', 5, 3, 1, 'ASISTENCIA OPORTUNA', '2014-04-11 11:43:00', '2014-04-21 08:04:00', '2014-04-21 08:04:00', 2, 18, 169),
(503, 'Buenos dias, solicito colaboracion para abrir archivos .rar \ngracias.', 5, 5, 1, 'Asistencia técnica eficaz.', '2014-04-11 11:47:00', '2014-04-11 13:34:00', '2014-04-11 13:34:00', 2, 15, 169),
(504, 'Muy buenas tardes:   quiero informar que en mi computador,  aparece en el escritorio un aviso que indica:  windows 7, compilacion 7601, esta copia de windows no es original.   Solicito se haga la verificaciòn ya que me indican eso no puede estar asì para la auditoria. Muchas gracias.', 5, 4, 1, 'Agradezco mucho a Jaimito.  Como siempre su gran servicio es eficaz.', '2014-04-11 13:48:00', '2014-04-15 08:46:00', '2014-04-15 08:46:00', 2, 18, 156),
(505, 'Buena tarde, es necesario crear correo ( bienestar@indoamericana.... saludocupacional@indoamerican.... pae@indoamericana....)', 5, 1, 1, '', '2014-04-11 15:54:00', '2014-04-14 07:11:00', '2014-04-14 07:11:00', 2, 19, 168),
(506, 'Configurar los siguientes correos a los respectivos usuarios:\n-   Edgar Angel Coordinador de Bienestar	                                                 bienestar@indoamericana.edu.co\n-   Viviana Marcela Martinez Rubio (Coord.Salud Ocupacional)	 saludocupacional@indoamericana.edu.co\nOscar Javier Guerero Vasquez	                                                                 pae@indoamericana.edu.co\n\n', 5, 2, 1, '', '2014-04-11 16:08:00', '2014-04-15 09:25:00', '2014-04-15 09:25:00', 2, 19, 127),
(507, 'Apreciados  colaboradores,\n\nLlevo una semana con una falla en le pc, creo que simple de solucionar y complicada para realizar mi trabajo. EL PC ESTA LENTO! Ya les he informado de todas las formas. De verdad necesito su colaboración.\n\nQuedo pendiente ....', 5, 1, 1, 'El computador sigue muy lento, es el peor impedimento para realizar las actividades. ', '2014-04-12 09:21:00', '2014-04-14 10:04:00', '2014-04-14 10:04:00', 2, 3, 109),
(508, 'Apoyo seguimiento Sistema Amadeus, se estableció cita para las 2:00pm', 2, 5, 1, 'Jaime ademas de solucionar la situación, fue un apoyo frente a Amadeus y genero nuevas alternativa para el uso adecuado del GDS ', '2014-04-14 11:48:00', '2014-04-14 15:37:00', '2014-04-14 15:37:00', 2, 15, 89),
(509, 'Las impresiones se encuentran sin conexión.', 5, 1, 1, '', '2014-04-14 16:04:00', '2014-04-14 17:14:00', '2014-04-14 17:14:00', 2, 3, 2),
(510, 'Solicito su colaboración para activar el windows 7 del equipo Auxiliar de Dirección Académica.\nGracias', 5, 5, 1, 'Bien', '2014-04-14 16:18:00', '2014-04-15 09:01:00', '2014-04-15 09:01:00', 2, 3, 131),
(511, 'Revisar equipo salud ocupacional', 5, 5, 1, '', '2014-04-15 09:00:00', '2014-04-24 07:16:00', '2014-04-24 07:16:00', 2, 18, 127),
(512, 'Buen día, solicito de manera atenta configuración de spark y correo institucional.', 5, 5, 1, 'ASISTENCIA OPORTUNA', '2014-04-15 09:52:00', '2014-04-23 06:11:00', '2014-04-23 06:11:00', 2, 15, 169),
(513, 'Solicitud de revisión de la red inalambrica en el salón 45', 5, 2, 1, 'Bien', '2014-04-15 10:43:00', '2014-04-23 06:12:00', '2014-04-23 06:12:00', 2, 16, 131),
(514, 'Buenas tardes, necesito pasar un doc a pdf, no ha sido posible. Muchas gracias!\n\n', 5, 2, 1, 'Aún no se puede pasar a PDF.', '2014-04-15 14:32:00', '2014-04-16 08:59:00', '2014-04-16 08:59:00', 2, 5, 109),
(515, 'Mantenimiento a impresora', 5, 5, 1, 'Todo quedo bn', '2014-04-15 16:54:00', '2014-04-21 14:26:00', '2014-04-21 14:26:00', 2, 11, 89),
(516, 'Buenas tardes\nsolicito la conexión de la base de datos para la combinación de correspondencia de las cartas de visitas a empresas\ngracias', 5, 3, 1, '', '2014-04-15 16:59:00', '2014-04-15 17:34:00', '2014-04-15 17:34:00', 2, 5, 95),
(517, 'Sin conexión a la impresora, esto se  presenta constantemente.', 5, 1, 1, 'ninguna', '2014-04-16 07:36:00', '2014-04-16 08:39:00', '2014-04-16 08:39:00', 2, 11, 123),
(518, 'Buen día, para informar que la impresora no esta imprimiendo.', 5, 1, 1, 'NINGUNA', '2014-04-16 10:35:00', '2014-04-16 11:09:00', '2014-04-16 11:09:00', 2, 11, 99),
(519, 'La impresora de Recepción dice no conexión..', 5, 1, 1, '', '2014-04-16 10:50:00', '2014-04-16 13:59:00', '2014-04-16 13:59:00', 2, 11, 2),
(520, 'Solicito amablemente me sea desbloqueada la pagina de LAN, para cumplir con los requerimientos de mi jefe inmediato Ing. Joselyn Zarate.  ', 5, 1, 1, '', '2014-04-16 11:28:00', '2014-04-16 12:24:00', '2014-04-16 12:24:00', 2, 2, 2),
(521, 'buenos días \n\nla impresora del profesor gaona no esta funcionando, puesto que no a podido imprimir desde su equipo ', 5, 5, 1, 'mmmmmmmmmmmmmmmmssssssssssssssssssssssnnnnnnnnnnnnnndddddddddddddddddddddddddddddddddddddddddddddddddddddddddddddddddddddddd', '2014-04-16 12:04:00', '2014-04-21 08:16:00', '2014-04-21 08:16:00', 2, 18, 116),
(522, 'Instalación siigo.net en el computador de la asistente administrativa - Angélica Puerto.', 5, 1, 1, 'ninguna', '2014-04-16 12:15:00', '2014-04-21 09:13:00', '2014-04-21 09:13:00', 2, 15, 123),
(523, 'la impresora esta fallando en las impresiones el color estamolestando', 5, 5, 1, 'Imprime perfecto', '2014-04-16 12:21:00', '2014-04-21 17:41:00', '2014-04-21 17:41:00', 2, 11, 106),
(524, 'Buen día para cambio de tonner cían impresora audiovisuales', 5, 3, 1, 'se realizo el cambio ', '2014-04-21 08:00:00', '2014-04-21 10:26:00', '2014-04-21 10:26:00', 2, 11, 126),
(525, 'Buen día, solicito por favor la conexión de la unidad de dvd ya que esta desconectada por la conexión de un disco duro.', 5, 1, 1, '', '2014-04-21 09:15:00', '2014-04-21 10:51:00', '2014-04-21 10:51:00', 2, 3, 168),
(526, 'buenos días\nun favor para arreglo  conexión base de datos de cartas  ', 5, 1, 1, '', '2014-04-21 10:37:00', '2014-04-21 10:52:00', '2014-04-21 10:52:00', 2, 5, 95),
(527, 'Responder correos para realizar el ingreso al aula virtual', 5, 5, 1, '', '2014-04-21 11:37:00', '2014-04-21 13:30:00', '2014-04-21 13:30:00', 2, 19, 125),
(528, 'Buen día Solicito por favor asesoría ya que al quemar la intranet con el programa AutoPlay es cancelada ya que un documento, en este caso un proceso tiene el nombre muy largo', 5, 1, 1, 'Nombres cambiados según los criterios de Angela Sabogal', '2014-04-21 11:38:00', '2014-04-21 12:04:00', '2014-04-21 12:04:00', 2, 15, 168),
(529, 'El equipo del Auxiliar Henry Flores es muy lento, Se demora mucho cargando archivos de correos. Requiero que se evalúe la posibilidad de cambiarlo, pues ya se le han hecho revisiones anteriormente.', 5, 1, 0, '', '2014-04-21 12:34:00', '2014-04-21 13:54:00', '2014-04-21 13:54:00', 2, 3, 104),
(531, 'Revisión tinta impresora', 5, 5, 1, 'Muy bn', '2014-04-21 16:03:00', '2014-04-22 11:00:00', '2014-04-22 11:00:00', 2, 11, 89),
(532, 'video de camara auditorio del dia 21 de abril de 2014 de 2:15 pm a 3:30 pm gracias', 5, 5, 1, '', '2014-04-21 16:12:00', '2014-04-25 16:47:00', '2014-04-25 16:47:00', 2, 9, 124),
(533, 'Solicito la revisión del Toner de Gerencia', 5, 1, 1, 'ninguna', '2014-04-22 13:20:00', '2014-04-23 06:40:00', '2014-04-23 06:40:00', 2, 11, 80),
(534, 'Desbloquear un archivo de PDF para imprimir. gracias', 5, 1, 1, '', '2014-04-22 17:22:00', '2014-04-23 09:26:00', '2014-04-23 09:26:00', 3, 5, 2),
(535, 'en la sala Tell Me more tengo en este momento el equipo No. 1,  el equipo No. 2 y Equipo No. 7 a los cuales no les funciona la diadema, por lo tanto, los estudiantes no han podido hacer en ellos su práctica de Tell Me More.', 1, 1, 1, '', '2014-04-23 15:24:00', '2014-04-25 07:36:00', '2014-04-25 07:36:00', 2, 5, 127),
(536, 'POR FAVOR CAMBIO DE TONER PARA LA IMPRESORA.', 3, 1, 1, 'Muchas gracias', '2014-04-23 15:59:00', '2014-04-23 17:01:00', '2014-04-23 17:01:00', 2, 11, 150),
(537, 'Buenas tardes usted me puede facilitar el numero de copias e impresiones del ultimo mes de la impresora de la subdirección administrativa.\nGracias y quedo atento a sus comentarios', 3, 5, 1, '', '2014-04-23 16:54:00', '2014-04-30 12:25:00', '2014-04-30 12:25:00', 2, 11, 124),
(538, 'Problemas con mi impresora', 2, 3, 1, 'Ninguna', '2014-04-24 08:10:00', '2014-04-24 08:44:00', '2014-04-24 08:44:00', 2, 11, 93),
(539, 'Revisar el sonido del Auditorio', 2, 2, 1, 'Comprar el repuesto', '2014-04-24 08:23:00', '2014-04-24 16:43:00', '2014-04-24 16:43:00', 2, 5, 127),
(541, 'Solicitud de Prueba..', 5, 1, 1, '', '2014-04-24 11:12:00', '2014-04-24 16:50:00', '2014-04-24 16:50:00', 2, 5, 127),
(542, 'Cambio de Estabilizar a Docente German Gaona debido a que le sirve correctamente todas las entradas del estabilizador ', 5, 5, 1, '', '2014-04-24 12:13:00', '2014-04-28 09:20:00', '2014-04-28 09:20:00', 2, 5, 128),
(543, 'instalación Adobe Desing cs6 en computador portátil oficina de audiovisuales el equipo no posee lector de cd.', 5, 2, 1, 'se instalo pero queda pendiente por que esta en versión trial', '2014-04-24 15:00:00', '2014-04-28 17:10:00', '2014-04-28 17:10:00', 2, 15, 126),
(544, 'Buena tarde señor Alex, pido muy amablemente por favor la configuración del correo de envíos masivos (correo@indoamerciana.edu.co) en el equipo de Medios Virtuales.\nMuchas Gracias.', 5, 1, 1, 'configuración realizada y mensajes enviados', '2014-04-24 15:21:00', '2014-04-29 12:04:00', '2014-04-29 12:04:00', 2, 19, 168),
(545, 'buenas tardes\nsolicito de manera urgente un scaner para punto de atención al estudiante \n\ngracias ', 2, 1, 1, 'fkjfhjbhñhjnb ykñ,jl', '2014-04-24 17:03:00', '2014-04-25 09:32:00', '2014-04-25 09:32:00', 2, 3, 116),
(546, 'buenos días \n\nsolicito un portatil el cual yo en días anteriores lo solicite para trabajar durante el semestre con los horarios \ncooridal saludo \n', 2, 5, 1, 'kljgkjlghkjhklj', '2014-04-25 08:54:00', '2014-04-30 15:24:00', '2014-04-30 15:24:00', 2, 3, 116),
(547, 'Solicito traslado a la oficina de ICAFT para el día lunes 28 de abril de los computadores, teléfonos e impresora que se encuentran ubicado en la oficina de asistentes administrativos casa Cessna.', 3, 1, 1, '', '2014-04-25 09:14:00', '2014-04-28 11:47:00', '2014-04-28 11:47:00', 2, 3, 80),
(548, 'Buen día. Cordialmente solicito una recarga de tinta a los cartuchos de la impresora que actualmente tengo en la oficina pues en todo momento estoy necesitando imprimir y fotocopiar documentos que de no ser así retrasaría mucho mi trabajo. Gracias.', 3, 2, 1, '', '2014-04-25 10:26:00', '2014-04-25 12:16:00', '2014-04-25 12:16:00', 2, 11, 164),
(549, 'Se pide revisión para el Wytron (copiadora de Cd´s) pues en algunos casos no queda bien grabada la información y se encuentra una bandeja dañada.', 5, 4, 1, 'Considero que esta notificación fue un error del sistema ya que nunca se brindo el soporte', '2014-04-25 11:43:00', '2014-05-16 13:51:00', '2014-05-16 13:51:00', 2, 5, 92),
(550, 'Muy buenas tardes:  solicito colaboración para configurar el archivo de reserva de equipos de la biblioteca ya que cada vez que le damos guardar nos toca reemplazar el archivo para que así nos deje guardar.  Además, solicitar información sobre el software que se utiliza para la sala de Internet de la biblioteca.  Agradezco su amable colaboración.', 5, 3, 1, 'Como siempre,  gracias por la eficiencia de Jaimito.', '2014-04-25 17:02:00', '2014-04-28 06:48:00', '2014-04-28 06:48:00', 2, 18, 156),
(551, 'Revisar Conexión Wi-Fi  en Educación Continuada ', 1, 1, 1, '', '2014-04-26 11:25:00', '2014-04-28 09:19:00', '2014-04-28 09:19:00', 2, 2, 127),
(552, 'Configuración de hojas de excel para impresión deseada', 5, 1, 0, '', '2014-04-28 12:54:00', '2014-04-28 13:01:00', '2014-04-28 13:01:00', 2, 5, 147),
(553, 'Por favor grabar un archivo en un CD. Gracias. ', 5, 1, 1, 'Muchas gracias', '2014-04-28 15:26:00', '2014-04-28 16:22:00', '2014-04-28 16:22:00', 2, 5, 150),
(554, 'Solicitud de revisión 2 equipos en biblioteca que no tienen acceso a internet', 5, 5, 1, 'Muy bien.', '2014-04-28 16:17:00', '2014-04-28 16:41:00', '2014-04-28 16:41:00', 2, 2, 131),
(555, 'Revisión cámara de seguridad casa Bell', 5, 5, 1, 'Muy bien.', '2014-04-28 16:21:00', '2014-04-28 17:11:00', '2014-04-28 17:11:00', 2, 9, 131),
(556, 'configuracion de  mi correo en el equipo de jacqueline', 3, 1, 1, '', '2014-04-29 08:19:00', '2014-04-29 10:41:00', '2014-04-29 10:41:00', 2, 19, 80),
(557, 'El equipo se bloquea cada vez que abro word', 3, 5, 1, 'Solucionado', '2014-04-29 09:03:00', '2014-04-29 12:08:00', '2014-04-29 12:08:00', 2, 3, 145),
(558, 'Configuración impresora que encuentra en la oficina de asistentes Administrativos a la oficina de gerencia', 5, 1, 1, '', '2014-04-29 09:21:00', '2014-04-29 10:41:00', '2014-04-29 10:41:00', 2, 11, 80),
(559, 'No puedo acceder al sistema academico', 4, 5, 1, '', '2014-04-29 09:35:00', '2014-05-05 08:04:00', '2014-05-05 08:04:00', 2, 2, 84),
(560, 'Revisión de los equipos de computo en la sala de informática 1 puesto que no funcional el audio en algunos; también hacen falta sillas en varios equipos y por tanto no se pueden usar.', 1, 3, 1, 'No tengo', '2014-04-29 13:52:00', '2014-05-05 07:49:00', '2014-05-05 07:49:00', 2, 3, 91),
(561, 'no he podido acceder a la pagina de indoamericana en todo el dia', 3, 3, 1, 'En ningún momento el técnico se acerco para indicar que el problema fue solucionado; la solución la veo reflejada a hoy 05-05-2014.', '2014-04-29 13:55:00', '2014-05-05 08:04:00', '2014-05-05 08:04:00', 2, 2, 91),
(563, 'Solicito amablemente le sea instalada la impresora de Biblioteca al Dr. Ravelo para que el pueda imprimir alli. Gracias', 3, 3, 1, 'Excelente atención', '2014-04-30 10:28:00', '2014-04-30 10:47:00', '2014-04-30 10:47:00', 2, 11, 92),
(564, 'Me encuentro en este momento en el PAE y la impresora no funciona.   Se envía la solicitud de impresión pero ni siquiera aparece la orden en cola.   Agradezco su amable colaboración.', 5, 4, 1, 'Muchas gracias', '2014-05-03 10:02:00', '2014-05-05 07:45:00', '2014-05-05 07:45:00', 2, 18, 156),
(565, 'uno de los equipos asignados no funciona puesto que llegue esta mañana y ninguno prendió pero ahora no sirve', 5, 1, 1, 'hfasdhflads', '2014-05-03 10:13:00', '2014-05-06 17:14:00', '2014-05-06 17:14:00', 2, 7, 116),
(566, 'Muy buenos dìas:    solito su colaboraciòn para realizar la copnfiguraciòn de la impresora de acadèmica en mi computador para realizar la impresiòn de parciales.    Me aparece un letrero que indica que no se puede imprimir el documento, impresora no configurada.   Agradezco su amable colaboraciòn.', 5, 3, 1, 'Muchas gracias', '2014-05-03 11:18:00', '2014-05-05 07:47:00', '2014-05-05 07:47:00', 2, 18, 156),
(567, 'Solcito colaboracion con un computador para la oficia de Asistentes Administrativos, por le momento por favor prestarme un portatil', 5, 1, 0, '', '2014-05-05 07:37:00', '2014-05-14 07:36:00', '2014-05-14 07:36:00', 2, 3, 80),
(569, 'Buenos días, solicito por favor de su colaboración para la revisión del equipo de computo número 3 de la biblioteca debido a que presenta algunos problemas de sonido. ', 3, 1, 1, 'Se dio respuesta efectiva a la solicitud.', '2014-05-05 10:11:00', '2014-05-05 16:19:00', '2014-05-05 16:19:00', 2, 3, 171),
(570, 'Revisar equipo que da imagen al TV del laboratorio Tres.', 2, 3, 1, '', '2014-05-05 10:35:00', '2014-05-05 11:18:00', '2014-05-05 11:18:00', 2, 3, 127),
(571, 'El televisor de la sala de informática 3 no refleja la imagen del computador y no esta claramente señalizado cual es el computador del Instructor.', 3, 3, 1, 'No tengo', '2014-05-05 10:41:00', '2014-05-06 09:57:00', '2014-05-06 09:57:00', 2, 3, 91),
(572, 'Cordial saludo.\nSolicito su colaboración con la revisión de tonner de la impresora de la Dirección General, pues indica que los cartuchos están bajos de tinta.\nGracias.,', 5, 3, 1, 'OK Pendiente confirmar', '2014-05-05 10:51:00', '2014-05-05 16:22:00', '2014-05-05 16:22:00', 2, 11, 115),
(574, 'El color de la impresora esta fallando', 5, 5, 1, '', '2014-05-05 14:02:00', '2014-05-05 15:48:00', '2014-05-05 15:48:00', 2, 11, 106),
(575, 'Buenas tardes, solicito por favor de su colaboración para una nueva revisión del equipo número 3 de biblioteca debido a que presenta problemas de sonido nuevamente.\n\nGracias.', 5, 2, 1, 'Se dio respuesta efectiva al requerimiento.', '2014-05-05 15:15:00', '2014-05-05 16:20:00', '2014-05-05 16:20:00', 2, 18, 171),
(576, 'La impresora no esta reconociendo los cartuchos', 5, 5, 1, 'Bien', '2014-05-05 15:59:00', '2014-05-06 07:46:00', '2014-05-06 07:46:00', 2, 11, 89),
(578, 'Revisión envío de Corrreos a la señora Emma', 3, 3, 1, '', '2014-05-06 07:49:00', '2014-05-07 07:21:00', '2014-05-07 07:21:00', 2, 19, 127),
(579, 'SE SOLICITA APOYO TÉCNICO PARA SPARK  EN COORDINACIÓN DE SALUD OCUPACIONAL.', 5, 5, 1, 'Se arregla el spark pero constantemente vuelve a presentar fallas.', '2014-05-06 10:45:00', '2014-05-06 15:09:00', '2014-05-06 15:09:00', 2, 15, 169),
(580, 'Se solicita sustitución de equipo de computo pasante sena coordinación salud ocupacional.', 5, 5, 1, 'mejora la ejecución de funciones con el equipo', '2014-05-06 10:46:00', '2014-05-07 13:57:00', '2014-05-07 13:57:00', 2, 3, 169),
(581, 'Buen día, solicito por favor la revisión de la impresora ubicada en la oficina de la biblioteca, debido a que presenta fallas.', 5, 3, 1, 'Gracias.', '2014-05-06 10:53:00', '2014-05-06 17:13:00', '2014-05-06 17:13:00', 2, 11, 171),
(582, 'Revisión e instalación de codecs de video equipo portatil Dfonseca', 5, 5, 1, '', '2014-05-06 11:02:00', '2014-05-06 17:09:00', '2014-05-06 17:09:00', 2, 3, 125),
(584, 'buenas dias \n\nsolicito urgente un pc portatil con el programa asc', 5, 1, 1, 'lgdlsfjñlkesjflkdaw\n', '2014-05-06 12:35:00', '2014-05-06 17:12:00', '2014-05-06 17:12:00', 2, 18, 116),
(585, 'El equipo de la señorita olga chaparro en admisiones esta sin red, y este es de vital importancia ', 5, 1, 1, '', '2014-05-06 15:56:00', '2014-05-07 12:45:00', '2014-05-07 12:45:00', 2, 6, 94),
(586, 'Entrega del equipo SNIES al personal del Politecnico Indoamericano 09:00 a.m', 5, 5, 1, 'Bien', '2014-05-07 07:17:00', '2014-05-07 13:55:00', '2014-05-07 13:55:00', 2, 5, 131),
(587, 'Creacion de Carpeta de RAV en todos los equipos de Biblioteca', 5, 5, 1, 'Very Good', '2014-05-07 07:17:00', '2014-05-07 13:56:00', '2014-05-07 13:56:00', 2, 18, 131),
(588, 'Asignación Configuración de cuenta y correos electrónicos al el usuario Eddy Mora.', 5, 5, 1, 'Excelente', '2014-05-07 07:20:00', '2014-05-07 14:00:00', '2014-05-07 14:00:00', 2, 3, 131),
(589, 'Cambio de Toners Impresora Educación Continuada', 5, 5, 1, 'Excelente Servicio', '2014-05-07 07:27:00', '2014-05-07 13:51:00', '2014-05-07 13:51:00', 2, 11, 131),
(590, 'Solicitud de intalacion de la impresora a color de gerencia', 5, 5, 1, 'No puedo imprimir', '2014-05-07 09:35:00', '2014-05-07 13:50:00', '2014-05-07 13:50:00', 2, 11, 109),
(591, 'Realizar la solicitud de Compra de el Computador y la Impresora para el ICAFT', 5, 5, 1, 'ok\n', '2014-05-07 09:53:00', '2014-05-08 12:48:00', '2014-05-08 12:48:00', 2, 5, 131),
(592, 'Por favor instalarme el programa skype al doctor Ravelo. Gracias.', 5, 3, 1, '', '2014-05-07 12:14:00', '2014-05-07 17:54:00', '2014-05-07 17:54:00', 2, 15, 132),
(593, 'Cordial saludo,\nSolicito amablemente su colaboración para que el día de mañana 08/05/2014 sea trasladado el computador de la oficina de Asistente Dirección Administrativa a la oficina contigua que pertenecía a Auxiliar de Gerencia. Realizar el movimiento por favor en horas de la mañana.\nGracias.', 5, 2, 1, '', '2014-05-07 12:26:00', '2014-05-07 13:53:00', '2014-05-07 13:53:00', 2, 3, 115),
(594, 'Cordial saludo,\nSolicito amablemente su colaboración con el traslado de computador y teléfono de la oficina de Asistente Dirección Administrativa a Auxiliar de Gerencia el día de mañana 08/05/2014 en horas de la mañana.\nGracias.', 5, 2, 1, '', '2014-05-07 14:19:00', '2014-05-08 09:53:00', '2014-05-08 09:53:00', 2, 3, 115),
(595, 'Buenas tardes,\n\nNecesito que por favor me colaboren con la revisión para poder imprimir.\n\nGracias,', 5, 5, 0, '', '2014-05-07 14:22:00', '2014-05-08 16:37:00', '2014-05-08 16:37:00', 2, 11, 109);
INSERT INTO `supports` (`id`, `message`, `priority`, `user_priority`, `rating_status`, `comment`, `created_at`, `updated_at`, `closed_at`, `support_status_id`, `support_category_id`, `users_id`) VALUES
(596, 'SOLICITO SU COLABORACIÓN CON LA UBICACIÓN DEL COMPUTADOR DE WILSON HERNANDEZ YA QUE SE LE INSTALÓ UN NUEVO ESCRITORIO Y SE MOVIÓ DEL LUGAR DONDE SE ENCONTRABA. \nGRCIAS POR SU COLABORACIÓN.', 5, 3, 1, '', '2014-05-08 08:01:00', '2014-05-09 17:18:00', '2014-05-09 17:18:00', 2, 3, 111),
(598, 'caso prueba', 1, 1, 1, '', '2014-05-08 09:18:00', '2014-05-09 14:09:00', '2014-05-09 14:09:00', 2, 5, 127),
(599, 'Emma Carrion: Realizar el traslado del equipo de ubicado en la oficina rector de ICAFT.', 5, 5, 1, '', '2014-05-08 09:55:00', '2014-05-12 07:03:00', '2014-05-12 07:03:00', 2, 18, 131),
(600, 'No hay conexión con la impresora. NO PUEDO IMPRIMIRRRRR', 5, 5, 1, '', '2014-05-08 10:43:00', '2014-05-08 12:48:00', '2014-05-08 12:48:00', 2, 18, 84),
(601, 'solicito revision en el outlook ya que me dice que esta dañado', 5, 5, 1, '', '2014-05-09 08:33:00', '2014-05-09 09:01:00', '2014-05-09 09:01:00', 2, 19, 158),
(602, 'Por favor solicito su colaboración con el cambio de toner de la impresora de la Dirección Contable. Gracias', 5, 1, 1, 'fue realizada a satisfacción la solicitud.', '2014-05-09 11:06:00', '2014-05-09 15:24:00', '2014-05-09 15:24:00', 2, 11, 121),
(603, 'Poder verificar las cámaras de la zona de biblioteca y patio central del día 8 de mayo, entre las 10:30 y 11:30 a.m.  Mil gracias.', 5, 4, 1, 'Gracias', '2014-05-09 11:49:00', '2014-05-14 11:34:00', '2014-05-14 11:34:00', 2, 18, 97),
(604, 'Revisión de equipo de Wilson Hernandez ya que no prende y adecuación de punto de red para el mismo en sala de juntas', 5, 5, 1, '', '2014-05-09 13:06:00', '2014-05-09 17:17:00', '2014-05-09 17:17:00', 2, 3, 131),
(605, 'No cuento con internet en mi oficina cuando conecto el portatil  ', 5, 5, 1, 'Fue correcto el soporte', '2014-05-09 14:04:00', '2014-05-09 14:54:00', '2014-05-09 14:54:00', 2, 2, 86),
(606, 'El equipo de Nidia Mendez se queda sin internet', 5, 5, 1, '', '2014-05-09 14:55:00', '2014-05-09 15:36:00', '2014-05-09 15:36:00', 2, 3, 125),
(607, 'Muy buenas tardes:    solicitamos colaboración ya que el equipo No. 3  no permite la utilización de audífonos.  Se escucha pero no permite grabar los ejercicios en el caso de tell me more.  Agradezco su amable colaboracion..   ', 5, 2, 1, 'Muchas gracias.', '2014-05-09 16:36:00', '2014-05-14 07:36:00', '2014-05-14 07:36:00', 2, 18, 156),
(608, 'cambio de tonner amarillo y magenta  ', 5, 1, 1, 'se remplazaron ', '2014-05-10 07:08:00', '2014-05-12 10:31:00', '2014-05-12 10:31:00', 2, 3, 126),
(609, 'Para saber cuando se puede contar con la impresora de Almacén de herramientas, ya que esta salio a mantenimiento y se cuenta todavía con ella  ', 5, 5, 1, 'Se sigue pendiente de la impresora', '2014-05-10 11:57:00', '2014-05-23 09:27:00', '2014-05-23 09:27:00', 2, 11, 86),
(610, 'Inicio cesión Spark: No inició la cesión, solicita, usuario, clave y servidor.\nAgradezco su colaboración.', 5, 2, 1, 'ninguna', '2014-05-12 07:20:00', '2014-05-12 08:30:00', '2014-05-12 08:30:00', 2, 18, 123),
(618, 'Por favor para verificar cámaras de vídeo del día 12 de mayo entre las 8:45 a.m  y las 9:45  a.m. sector de los lockers casa Boeing y pasillo entre las AIRBUS Y BOEING.   Muchas gracias.', 5, 5, 1, 'gracias', '2014-05-12 07:55:00', '2014-05-14 11:35:00', '2014-05-14 11:35:00', 2, 18, 97),
(619, 'compartir carpeta indoamrericana en disco c y d del equipo del digitador.', 5, 1, 1, 'se sincronizaron carpetas. ', '2014-05-12 08:33:00', '2014-05-12 10:30:00', '2014-05-12 10:30:00', 2, 3, 126),
(620, 'Solicitud reporte de Navegacion Felipe  Colina', 5, 5, 1, '', '2014-05-12 08:43:00', '2014-05-12 15:56:00', '2014-05-12 15:56:00', 2, 8, 131),
(621, 'NO PUEDO IMPRIMIRRRRR .....No hay conexión con la impresora. ', 5, 5, 1, '', '2014-05-12 10:07:00', '2014-05-12 10:31:00', '2014-05-12 10:31:00', 2, 18, 84),
(622, 'Solicitud de revisión de equipo de Carolina Gamba que no prende.\nGracias', 5, 5, 1, '', '2014-05-12 11:27:00', '2014-05-12 13:20:00', '2014-05-12 13:20:00', 2, 3, 131),
(624, 'No se pude ver el historial del spark, me ayudan con eso. Gracias.\n\n', 5, 1, 1, 'ninguna', '2014-05-12 13:04:00', '2014-05-12 15:54:00', '2014-05-12 15:54:00', 2, 5, 123),
(625, 'Solicitud de soporte en el auditorio .', 5, 5, 1, '', '2014-05-12 14:15:00', '2014-05-12 15:55:00', '2014-05-12 15:55:00', 2, 3, 131),
(626, 'Solicitud de revisión de impresora coordinación de egresados', 5, 5, 1, '', '2014-05-12 14:16:00', '2014-05-12 16:57:00', '2014-05-12 16:57:00', 2, 11, 131),
(627, 'Inventario y solicitud de compra de toners mes de Mayo', 5, 5, 1, '', '2014-05-13 08:08:00', '2014-05-14 09:03:00', '2014-05-14 09:03:00', 2, 14, 131),
(628, 'Solicito su colaboración para configurar el scaner de Gerencia en los equipos administrativos.\ngracias', 5, 5, 1, '', '2014-05-13 10:44:00', '2014-05-14 13:13:00', '2014-05-14 13:13:00', 2, 11, 115),
(629, 'Solicito a ustedes me sea facilitado un computador portátil el día de mañana 14-05-2014 desde las 12:30 a 14:30 horas y que tenga la posibilidad de ser conectado a un video beam', 5, 3, 1, 'Ninguna', '2014-05-13 11:05:00', '2014-05-14 17:16:00', '2014-05-14 17:16:00', 2, 3, 91),
(630, 'Buscar informacion de SPADIES del ICAFT', 5, 5, 1, '', '2014-05-13 12:33:00', '2014-05-16 10:46:00', '2014-05-16 10:46:00', 2, 5, 131),
(631, 'Revisar el equipo de MECOSOFT para realizar una consulta ', 5, 1, 1, '', '2014-05-13 12:33:00', '2014-05-13 13:03:00', '2014-05-13 13:03:00', 2, 3, 131),
(632, 'realizar configuracion para la profesora de acuerdo a la solicitud hecha por correo.', 5, 3, 1, 'Ok\n', '2014-05-13 12:56:00', '2014-05-14 11:37:00', '2014-05-14 11:37:00', 2, 5, 127),
(633, 'Buena tarde,  \nSolicito su ayuda con la tinta de la impresora ya que están saliendo muy mal las impresiones,\nGracias,', 5, 4, 1, 'LA IMPRESORA DEJÓ DE FUNCIONAR DESPUÉS DEL ARREGLO, YA QUE SE ROMPIÓ UN CABLE.', '2014-05-13 13:57:00', '2014-05-15 17:30:00', '2014-05-15 17:30:00', 2, 11, 111),
(635, 'Al imprimir en biblioteca, la impresora arroja un error y marca las hojas con un logo en la parte superior e inferior. La impresión de esto es continuo.', 5, 1, 1, 'Excelente atención.', '2014-05-13 16:14:00', '2014-05-14 07:15:00', '2014-05-14 07:15:00', 2, 11, 92),
(636, 'Por favor necesitamos verificar las cámaras del parqueadero de las motos, correspondiente al día 9 de Mayo de las 19:30 a 20:00 horas.\nMil gracias', 5, 5, 1, 'Es importante mejorar la calidad de las grabaciones para poder definir objetivamente la respuesta a la solicitud. igualmente que las grabaciones sean de las clamaras más cercanas al lugar de la novedad.', '2014-05-13 17:44:00', '2014-05-23 09:26:00', '2014-05-23 09:26:00', 2, 18, 97),
(637, 'Buen dia, solicito coedidamente soporte tecnico, cuento con una carpeta compartida con claudia quiñonez y el sistema no me permite visualizar su contenido.', 5, 5, 0, '', '2014-05-14 07:56:00', '2014-05-14 08:57:00', '2014-05-14 08:57:00', 2, 15, 169),
(638, 'Configuración de Outlook en el equipo de Johanna Mendez', 5, 5, 1, 'ok\n', '2014-05-14 09:12:00', '2014-05-14 17:17:00', '2014-05-14 17:17:00', 2, 19, 131),
(639, 'configurar grabación de llamada a Carlos Mancilla de acuerdo al correo enviado hoy miércoles de Mayo de  ', 5, 2, 1, '', '2014-05-14 13:50:00', '2014-05-22 07:59:00', '2014-05-22 07:59:00', 2, 5, 127),
(640, 'Solicitud de revision del equipo en sala de juntas', 5, 5, 1, '', '2014-05-14 15:47:00', '2014-05-14 16:49:00', '2014-05-14 16:49:00', 2, 6, 113),
(641, 'Buen día, solicito por favor de su colaboración para la revisión de los equipos 3 y 4 de la biblioteca debido a que presentan problemas con el sistema de audio.\n\nGracias.', 5, 4, 1, 'Gracias.', '2014-05-15 10:40:00', '2014-05-16 16:11:00', '2014-05-16 16:11:00', 2, 3, 171),
(642, 'Verificar el java DIAN para firma digital, configurar igual que el equipo de la dirección contable, en las horas de la mañana, ya que no voy estar entre 7:00 am a 10:00am.\n\nInstructivo DIAN: http://www.dian.gov.co/DIAN/12SobreD.nsf/FC22BC5CF1AB7BFA05257030005C2805/286CB2AD4B433B0B05257C060072A7EE?OpenDocument\n', 5, 1, 1, 'NINGUNA', '2014-05-15 17:25:00', '2014-05-16 08:58:00', '2014-05-16 08:58:00', 2, 5, 123),
(643, 'se solicita el cambio de toner para la impresora laser que se encuentra ubicada en el hangar.  ', 5, 1, 1, 'conforme cn el cambio ', '2014-05-16 06:51:00', '2014-05-16 10:45:00', '2014-05-16 10:45:00', 2, 11, 86),
(644, 'Dr: Ravelo:Solicitud de Instalación de Skype', 5, 5, 1, '', '2014-05-16 08:41:00', '2014-05-16 10:44:00', '2014-05-16 10:44:00', 2, 15, 131),
(645, 'Por favor para verificar las cámaras del sector de entrada a cafetería, sector bicicletero, del día 16 de mayo,  entre las 9:00  y 11:30 a.m.\nGracias', 5, 5, 1, 'Es importante mejorar la calidad de las grabaciones para poder definir objetivamente la respuesta a la solicitud. igualmente que las grabaciones sean de las clamaras más cercanas al lugar de la novedad.', '2014-05-16 11:50:00', '2014-05-23 09:26:00', '2014-05-23 09:26:00', 2, 18, 97),
(646, 'El computador que se me fue asignado no reconoce los CD´S. Agradezco su colaboración.', 5, 3, 1, 'Excelente atención del Sr Cristian!!!', '2014-05-16 12:00:00', '2014-05-16 13:23:00', '2014-05-16 13:23:00', 2, 3, 92),
(647, 'Revisar Impresora de Biblioteca.', 3, 3, 1, '', '2014-05-16 14:37:00', '2014-05-16 16:11:00', '2014-05-16 16:11:00', 2, 11, 127),
(648, 'no tengo internet', 5, 1, 1, 'asdkhfLASHDFKLHKEWDFHXKJQEWCRHNKXOLASIXMDZNKLQEWHASXHKUDHL', '2014-05-16 14:39:00', '2014-05-16 16:11:00', '2014-05-16 16:11:00', 2, 16, 116),
(649, 'cambio tonner cian impresora audiovisuales.', 5, 1, 1, 'se cambio el tonner', '2014-05-16 16:42:00', '2014-05-19 08:06:00', '2014-05-19 08:06:00', 2, 11, 126),
(650, 'SOLICITO EL PROGRAMA DE CONVERTIDOR DE PDF A WORT EN LOS EQUIPOS DE CARLOS MARIO Y EN EL DE JOHN SUÁREZ DE CARACTER URGENTE ', 5, 1, 1, 'fkdñasmfg.jawetfj.kldasmna', '2014-05-17 12:53:00', '2014-05-19 07:11:00', '2014-05-19 07:11:00', 2, 15, 116),
(651, 'Solicitud de Soporte de video Beam en el salon 45', 5, 5, 1, '', '2014-05-19 07:34:00', '2014-05-19 09:20:00', '2014-05-19 09:20:00', 2, 5, 131),
(652, 'Instalación de NetSupport Laboratorio Dos', 2, 2, 1, '', '2014-05-19 07:35:00', '2014-05-19 07:58:00', '2014-05-19 07:58:00', 2, 15, 127),
(653, 'Instalación de puntos para las financieras', 2, 1, 1, '', '2014-05-19 07:35:00', '2014-05-19 08:00:00', '2014-05-19 08:00:00', 2, 6, 127),
(654, 'Buen día, por favor me colaboran con la revisión de la impresora (PAE),  no esta funcionando.\nMuchas gracias.', 5, 1, 1, 'SERVICIO MUY OPORTUNO', '2014-05-19 08:30:00', '2014-05-19 09:18:00', '2014-05-19 09:18:00', 2, 11, 99),
(655, 'Solicitud de cambio de tóners impresora Gerencia.', 5, 5, 1, '', '2014-05-19 09:19:00', '2014-05-19 10:49:00', '2014-05-19 10:49:00', 2, 11, 131),
(656, 'Restablecimiento de contraseña del correo indoamericana de estudiante elver albeiro contreras cuestas cc 1024480998', 5, 5, 1, '', '2014-05-19 09:41:00', '2014-05-19 12:06:00', '2014-05-19 12:06:00', 2, 19, 125),
(657, 'Envío de notificaciones semanales de navegacion y buzones de voz', 5, 5, 1, '', '2014-05-19 10:56:00', '2014-05-19 15:18:00', '2014-05-19 15:18:00', 2, 8, 131),
(658, 'Solicitud de soporte en el Laboratorio con el TV que no da imagen ', 5, 5, 1, '', '2014-05-19 11:11:00', '2014-05-19 12:02:00', '2014-05-19 12:02:00', 2, 3, 131),
(659, 'Solicito el backup de la carpeta de calidad llamada Gestión de la Seguridad Operacional del año 2011 y 2012.', 2, 1, 1, 'No hay ninguna observación que realizar ya que la atención fue satisfactoria.', '2014-05-19 11:11:00', '2014-05-26 16:15:00', '2014-05-26 16:15:00', 2, 18, 83),
(660, 'Colocar Monitor en el auditorio.', 1, 1, 1, 'ok\n', '2014-05-19 11:12:00', '2014-05-19 16:57:00', '2014-05-19 16:57:00', 2, 3, 127),
(661, 'buen día.  en ka mañana de hoy se refleja que al contestar la persona no escucha nada lo que el asesor le dice por teléfono mil gracias ', 5, 5, 1, 'MUY PRONTA SU RESPUESTA GRACIAS', '2014-05-19 11:14:00', '2014-05-19 12:00:00', '2014-05-19 12:00:00', 2, 12, 110),
(662, 'buen día  solicitamos que nos colaboren con una impresora a color para el dpto comercial mil gracias con escanner ', 3, 5, 1, 'MUCHAS GRACIAS POR SU COLABORACIÓN ', '2014-05-19 11:16:00', '2014-05-19 16:13:00', '2014-05-19 16:13:00', 2, 5, 110),
(663, 'De nuevo la impresora no esta funcionando de forma adecuda', 2, 5, 1, 'bien', '2014-05-19 11:18:00', '2014-05-19 16:49:00', '2014-05-19 16:49:00', 2, 11, 89),
(664, 'Instalar version Office 2013 a Jhon Suarez', 1, 1, 1, '', '2014-05-19 11:59:00', '2014-05-19 16:43:00', '2014-05-19 16:43:00', 2, 15, 127),
(665, 'Buenos días, solicito amablemente me faciliten ya sea la conexión a una impresora a color, es urgente para la auditoria.', 5, 5, 1, 'Ninguna', '2014-05-20 08:38:00', '2014-05-20 09:00:00', '2014-05-20 09:00:00', 2, 18, 102),
(666, 'Solicito a ustedes me sea facilitado un computador portátil el día de mañana 21-05-2014 desde las 12:30 a 14:30 horas y que tenga la posibilidad de ser conectado a un video beam', 4, 3, 1, 'No tengo', '2014-05-20 08:59:00', '2014-05-22 09:39:00', '2014-05-22 09:39:00', 2, 3, 91),
(667, 'CAso de Prueba', 1, 1, 1, '', '2014-05-20 09:50:00', '2014-05-20 09:52:00', '2014-05-20 09:52:00', 2, 6, 127),
(668, 'Mi correo OUTLOOK y mi teléfono no me fusionan. gracias ', 5, 1, 1, 'excelente', '2014-05-20 11:59:00', '2014-05-20 15:08:00', '2014-05-20 15:08:00', 2, 2, 155),
(669, 'Restablecimiento de contraseña del aula virtual para ANGIE DANIELA GALEANO CALDERON', 5, 5, 1, '', '2014-05-20 12:27:00', '2014-05-20 13:39:00', '2014-05-20 13:39:00', 2, 5, 125),
(670, 'Revisión conexión Internet equipo de Joselyn Zarate', 5, 5, 1, '', '2014-05-20 12:28:00', '2014-05-20 13:39:00', '2014-05-20 13:39:00', 2, 2, 125),
(671, 'Revisar el aula de sistemas No. 2 los estabilizadores que estaban pegados bajo las messas se han despegado y ahora están en el piso ', 3, 3, 1, '', '2014-05-20 14:54:00', '2014-05-20 15:22:00', '2014-05-20 15:22:00', 2, 5, 127),
(672, 'Revisar el aula de sistemas No. 2 los estabilizadores que estaban pegados bajo las mesas se han despegado y ahora están en el piso.', 5, 2, 1, '', '2014-05-20 15:23:00', '2014-06-03 09:02:00', '2014-06-03 09:02:00', 2, 5, 127),
(673, 'Cambio de PC Carlos MAncilla', 2, 3, 1, '', '2014-05-20 16:44:00', '2014-05-21 16:43:00', '2014-05-21 16:43:00', 2, 3, 127),
(674, 'Instalacion del equipo adicional al ing. Daniel con un monitor.', 1, 1, 1, '', '2014-05-20 16:45:00', '2014-06-10 10:28:00', '2014-06-10 10:28:00', 2, 3, 127),
(675, 'Muy buenas tardes:  al inicio de la semana el Sr. Jaime me compartio una carpeta del escritorio de Jhon Suarez, sin embargo, cuando llego a la jornada laboral no me permite ingresar, me solicita usuario y clave.   Solicito la verificacion para poder continuar con mis labores.  Muchas gracias.   ', 5, 3, 1, 'Muchas gracias.', '2014-05-21 13:44:00', '2014-05-21 17:08:00', '2014-05-21 17:08:00', 2, 18, 156),
(676, 'buen día para informar que es escaner  no esta guardando las imágenes que se escanean mil gracias ', 5, 1, 1, 'gracias por su colaboración\n', '2014-05-21 14:43:00', '2014-05-22 15:26:00', '2014-05-22 15:26:00', 2, 3, 110),
(677, 'Se solicita acceso a la carpeta PASPA para la Sub - Dirección Administrativa', 1, 5, 1, '', '2014-05-21 16:26:00', '2014-05-21 16:45:00', '2014-05-21 16:45:00', 2, 6, 106),
(679, 'Baja tinta cartucho negro impresora educación continuada para documentación doctor Ravelo, la impresora no acepta la orden.', 5, 1, 1, 'La asesoría se presto en excelente tiempo y condiciones. gracias!!', '2014-05-22 08:28:00', '2014-05-24 07:25:00', '2014-05-24 07:25:00', 2, 11, 88),
(680, 'Muy buenas tardes:    amablemente quiero solictarles el favor de ayudarme con la configuracion nuevamente de mi contraseña, ya que en la tarde de hoy iba a ingresar a mi computador y la clave no me funciono.  Agradezco su colaboracion. ', 5, 3, 1, 'Como siempre muy gentiles...y por lo menos conmigo muy oportunos', '2014-05-22 15:14:00', '2014-05-26 08:05:00', '2014-05-26 08:05:00', 2, 18, 156),
(681, 'De nuevo la impresora no reconoce los cartuchos', 5, 5, 1, 'He realizado la solicitud en varias oportunidades y la impresora vuelve a fallar', '2014-05-22 15:53:00', '2014-05-23 16:38:00', '2014-05-23 16:38:00', 2, 11, 89),
(682, 'Configurar las siguientes cuentas de correo a Nidia Johanna Mendez:\n\n\ninformación@politecnicoindoamericano.edu.co\n\ngerencia@inmobiliariamagdalena.com\n', 1, 1, 1, '', '2014-05-22 16:11:00', '2014-05-23 11:07:00', '2014-05-23 11:07:00', 2, 19, 127),
(683, 'Buenas tardes Alexander, el presente es para solicitarte por favor me regales mi clave del correo  outlook. Muchas gracias.', 5, 5, 1, 'Ninguna', '2014-05-22 16:15:00', '2014-05-22 16:44:00', '2014-05-22 16:44:00', 2, 18, 102),
(684, 'Solicitud de soporte de Red Financieras', 5, 5, 1, 'Ok\n', '2014-05-22 16:25:00', '2014-05-22 16:26:00', '2014-05-22 16:26:00', 2, 6, 131),
(685, 'Revisar el equipo de Biblioteca', 5, 1, 1, '', '2014-05-22 17:22:00', '2014-05-23 11:08:00', '2014-05-23 11:08:00', 2, 3, 127),
(686, 'Emma Carrion, solicitud de Instalacion de Access para bases de datos SNIES.', 5, 5, 1, '', '2014-05-23 09:30:00', '2014-05-23 11:06:00', '2014-05-23 11:06:00', 2, 15, 131),
(687, 'Imprimir y alistar parciales y estar pendiente a las 11 am en el salon 2 para realizar el parcial', 5, 3, 1, 'SIN NOVEDADES', '2014-05-23 09:31:00', '2014-05-23 11:36:00', '2014-05-23 11:36:00', 2, 5, 125),
(688, 'compartir una carpeta entre las dos asistentes ', 1, 1, 1, 'ok\n', '2014-05-23 13:45:00', '2014-05-23 15:11:00', '2014-05-23 15:11:00', 2, 6, 127),
(689, 'Configuración de impresora para el ICAFT.\n\n', 5, 5, 1, '', '2014-05-23 17:02:00', '2014-05-23 17:05:00', '2014-05-23 17:05:00', 2, 11, 131),
(690, 'Solicitud para compartir carpeta entre las dos asistentes administrativas', 5, 5, 1, '', '2014-05-23 17:03:00', '2014-05-23 17:04:00', '2014-05-23 17:04:00', 2, 6, 131),
(691, 'Buenos días, solicito de su colaboración para realizar el proceso de captura de llamadas que entran a mi extensión desde otros teléfono.\nY como segunda solicitud, presento problemas en el momento de imprimir más de una copia para cualquier documento, ya que solo genera una impresión.\nAgradezco su colaboración.', 5, 3, 1, 'Se califica mal el tercer Items, debido a que el problema de la impresión no fue resuelto a satisfacción pues se continua presentando con la falla', '2014-05-24 11:19:00', '2014-05-28 07:50:00', '2014-05-28 07:50:00', 2, 12, 120),
(692, 'caso de pruebqa', 1, 1, 1, '', '2014-05-26 08:21:00', '2014-05-26 08:22:00', '2014-05-26 08:22:00', 2, 11, 127),
(693, 'Solicitu de revision PC Biblioteca; SIn acceso a la intranet', 5, 5, 1, '', '2014-05-26 11:08:00', '2014-05-26 12:14:00', '2014-05-26 12:14:00', 2, 6, 131),
(694, 'Solicitud cambio de toner Educacion Continuada', 5, 5, 1, '', '2014-05-26 11:08:00', '2014-05-26 12:13:00', '2014-05-26 12:13:00', 2, 18, 131),
(695, 'Solicitud cambio de tone  Impresora de Biblioteca', 5, 5, 1, '', '2014-05-26 11:09:00', '2014-05-26 12:13:00', '2014-05-26 12:13:00', 2, 11, 131),
(696, 'De nuevo la impresora no funciona', 5, 5, 1, 'Quedo arreglada pero se realiza una impresión y de nuevo falla', '2014-05-26 11:12:00', '2014-05-26 12:44:00', '2014-05-26 12:44:00', 2, 11, 89),
(697, 'Buen día, Teniendo en cuenta mi solicitud anterior, les pido por favor su colaboración con la impresora que tengo asigmada, ya que se encuentra desde ese día dañada y no tengo posibilidades de imprimir directamente a través de la red, gracias quedo atenta.', 5, 5, 1, 'LA IMPRESORA ESTA FUNCIONANDO BIEN ', '2014-05-26 11:53:00', '2014-06-09 07:39:00', '2014-06-09 07:39:00', 2, 11, 111),
(699, 'Buen día , solicito por favor de su colaboración para el cambio del tonner para la impresora que se encuentra ubicada en la oficina de la biblioteca.\n\nGracias', 5, 3, 1, 'Gracias.', '2014-05-26 12:35:00', '2014-05-26 12:42:00', '2014-05-26 12:42:00', 2, 11, 171),
(700, 'solicito soporte en mi equipo puesto que comparto archivo de office 2013 y me cierra todo el programa y no me guarda cambio \n\nsolicito de manera urgente este proceso ', 5, 1, 1, '', '2014-05-26 15:20:00', '2014-05-29 07:49:00', '2014-05-29 07:49:00', 2, 15, 116),
(701, 'todos los números que marco salen como que están fuera de servicio', 2, 2, 1, 'al teléfono quedo sin la agenda de direcciones', '2014-05-26 15:51:00', '2014-05-27 09:14:00', '2014-05-27 09:14:00', 2, 12, 94),
(703, 'Enviar todos los reportes de impresión desde cuando se coloco el software hasta ayer a Edwin.', 1, 1, 1, '', '2014-05-26 17:13:00', '2014-05-27 13:50:00', '2014-05-27 13:50:00', 2, 11, 127),
(704, 'La impresora no funciona', 5, 5, 1, '', '2014-05-26 20:53:00', '2014-05-27 06:59:00', '2014-05-27 06:59:00', 3, 11, 89),
(705, 'Configuración computador AIO Emma Carrion ICAFT', 5, 5, 1, '', '2014-05-27 07:20:00', '2014-05-27 14:24:00', '2014-05-27 14:24:00', 2, 3, 131),
(706, 'Buen día, se solicita por una hora aproximadamente un Escaner con alimentador para digitalizar una licitación elaborada por Educación Continuada.', 5, 1, 1, 'Excelente atención', '2014-05-27 12:24:00', '2014-05-27 14:42:00', '2014-05-27 14:42:00', 2, 5, 92),
(707, 'Unidad de CD no funciona, en el equipo del Ing.  Joselyn.', 5, 5, 1, '', '2014-05-27 12:43:00', '2014-06-05 09:13:00', '2014-06-05 09:13:00', 2, 3, 2),
(708, 'El teléfono no funciona, en la oficina del Ing.  Joselyn.', 5, 5, 1, '', '2014-05-27 12:43:00', '2014-05-27 13:51:00', '2014-05-27 13:51:00', 2, 12, 2),
(709, 'Revision Equipo de Gerencia de Eddy', 5, 1, 1, '', '2014-05-27 13:28:00', '2014-05-28 08:59:00', '2014-05-28 08:59:00', 2, 3, 127),
(710, 'Configurar impresora de calidad (Angela Sabogal) para poder imprimir desde el pc de Aux Diseño.', 5, 1, 1, 'quedo instalada\n', '2014-05-27 14:26:00', '2014-05-27 15:27:00', '2014-05-27 15:27:00', 2, 18, 126),
(712, 'el wi - fi en la sala de profesores no esta funcionando', 5, 2, 1, '', '2014-05-27 15:42:00', '2014-05-27 17:24:00', '2014-05-27 17:24:00', 2, 16, 94),
(714, 'revisión configuración correo masivo pc medios virtuales', 5, 1, 1, 'se realizo ajuste\n', '2014-05-27 15:50:00', '2014-05-28 08:58:00', '2014-05-28 08:58:00', 2, 19, 126),
(716, 'Por favor verificar la cámara del sector de la mesa de ping pong con el fin de revisar la grabación del día 26 de mayo de las 20:00 a 21:30 horas. La anterior petición se hace por parte del estudiante Jorge Eliecer Leal Infante.  Muchas gracias', 5, 5, 1, 'Gracias, pertinente el vídeo.', '2014-05-28 08:00:00', '2014-06-03 16:37:00', '2014-06-03 16:37:00', 2, 18, 97),
(717, 'Por favor verificar la cámara del sector de la mesa de ping pong con el fin de revisar la grabación del día 26 de mayo de las 21:00 a las 21:45 horas horas. La anterior petición se hace por parte del estudiante Cristian Leonardo Pardo Moreno.  Muchas gracias', 5, 5, 1, 'Gracias, pertinente el vídeo.', '2014-05-28 08:04:00', '2014-06-03 16:37:00', '2014-06-03 16:37:00', 2, 18, 97),
(718, 'Configuración de la impresora.', 5, 3, 1, 'La atención fue rápida y oportuna.  ', '2014-05-28 08:14:00', '2014-05-29 07:48:00', '2014-05-29 07:48:00', 2, 11, 159),
(720, 'caso de prueba....', 1, 1, 1, 'ok\n', '2014-05-28 10:19:00', '2014-05-28 10:21:00', '2014-05-28 10:21:00', 2, 18, 127),
(721, 'Buenos días solicito muy amablemente el cambio del cartucho de la impresora de Académica. Muchas gracias.', 5, 5, 1, 'Ninguna', '2014-05-28 10:25:00', '2014-05-29 13:07:00', '2014-05-29 13:07:00', 2, 11, 102),
(722, 'Cordial saludo.\nSolicito amablemente su colaboración ya que la impresora de Gerencia esta presentando demoras con el mensaje de cian muy bajo.\nGracias.', 5, 3, 1, '', '2014-05-28 12:31:00', '2014-06-04 10:37:00', '2014-06-04 10:37:00', 2, 11, 115),
(724, 'caso de prueba ccccc', 5, 5, 1, '', '2014-05-28 14:03:00', '2014-05-28 15:57:00', '2014-05-28 15:57:00', 2, 18, 127),
(725, 'solicitud carpeta compartida comercial.', 5, 5, 1, 'NINGUNA ', '2014-05-28 14:24:00', '2014-05-29 08:39:00', '2014-05-29 08:39:00', 2, 5, 112),
(726, 'solicito cambio de tonner de la impresora de mi puesto gracias ', 5, 1, 1, 'MUCHAS GRACIAS ', '2014-05-29 08:33:00', '2014-05-29 13:03:00', '2014-05-29 13:03:00', 2, 11, 110),
(727, 'Instalar cuenta de correo pagos@indoamericana.edu.co a Johany Hurtado.', 2, 2, 1, 'ok\n', '2014-05-29 09:35:00', '2014-06-03 12:46:00', '2014-06-03 12:46:00', 2, 19, 127),
(728, 'Revisión teléfono no entran llamadas en mis extensiones 1005 - 1028.', 5, 1, 1, 'En las horas de la tarde se presenta nuevamente el problema. ', '2014-05-29 10:23:00', '2014-05-29 13:06:00', '2014-05-29 13:06:00', 2, 12, 2),
(729, 'El correo institucional no esta funcionando bien. Gracias', 5, 5, 1, 'Ninguna', '2014-05-29 10:53:00', '2014-05-29 13:04:00', '2014-05-29 13:04:00', 2, 18, 102),
(730, 'LA IMPRESORA ESTA GENERANDO ERROR DE TINTA AL IMPRIMIR', 5, 1, 1, '', '2014-05-29 13:48:00', '2014-05-29 16:03:00', '2014-05-29 16:03:00', 2, 11, 106),
(732, 'cargar cartuchos epson l355 en audiovisuales', 5, 1, 1, 'queda pendiente la configuración del serial  de recarga de cartucho', '2014-05-29 14:35:00', '2014-05-29 16:00:00', '2014-05-29 16:00:00', 2, 11, 126),
(733, 'No entran las llamadas en ninguna extensión 1005-1028. ', 5, 1, 1, '', '2014-05-29 15:42:00', '2014-05-29 16:00:00', '2014-05-29 16:00:00', 2, 12, 2),
(734, 'Buenas tardes, solicito por favor de su colaboración para conocer el usuario y contraseña con la cual se recupero la información ubicada en el escritorio del equipo de computo de la oficina de la biblioteca. \nGracias por su colaboración.', 5, 4, 1, 'Gracias.', '2014-05-30 16:04:00', '2014-05-31 09:53:00', '2014-05-31 09:53:00', 2, 18, 171),
(735, 'Apertura de documentos office', 5, 2, 1, '', '2014-05-30 16:44:00', '2014-05-31 07:36:00', '2014-05-31 07:36:00', 2, 15, 96),
(736, 'Por favor arreglo de sonido auditorio.', 5, 1, 1, 'excelente respuesta', '2014-05-31 07:50:00', '2014-05-31 09:52:00', '2014-05-31 09:52:00', 2, 5, 155),
(737, 'Buenos días, el ingeniero Omar Ballen solicita le hagan el favor de instalar   un  disco en el computador de talleres para abrir información academica', 5, 1, 1, 'ok,gracias', '2014-05-31 08:59:00', '2014-06-03 08:59:00', '2014-06-03 08:59:00', 2, 5, 95),
(738, 'Retiro impresora audiovisuales', 5, 1, 1, 'se retiro impresora', '2014-05-31 10:07:00', '2014-06-03 11:46:00', '2014-06-03 11:46:00', 2, 11, 126),
(739, 'No se puede imprimir ', 5, 5, 1, 'ninguna ', '2014-05-31 11:06:00', '2014-06-03 11:43:00', '2014-06-03 11:43:00', 2, 11, 112),
(740, 'Revisar la impresora de Angela sabogal', 2, 2, 1, '', '2014-06-03 06:44:00', '2014-06-03 10:02:00', '2014-06-03 10:02:00', 2, 11, 127),
(741, 'Buenos días solicito amablemente el arreglo del internet de la oficina del Coordinador Académico. Muchas gracias.', 5, 5, 1, 'Ninguna', '2014-06-03 07:43:00', '2014-06-03 09:01:00', '2014-06-03 09:01:00', 2, 18, 102),
(742, 'Buen día, solicito de su colaboración para el préstamo de 2 equipos portátiles los cuales serán utilizados para el desarrollo de actividades de catalogación en la biblioteca. Por esta razón serán requeridos por un periodo de 2 meses. \n\nAgradezco su pronta colaboración.  ', 5, 5, 1, 'Gracias.', '2014-06-03 07:59:00', '2014-06-04 13:05:00', '2014-06-04 13:05:00', 2, 3, 171),
(743, 'Solicitud de recarga impresora Secretaria Académica y revisión del teléfono IP ', 5, 5, 1, '', '2014-06-03 08:11:00', '2014-06-03 11:50:00', '2014-06-03 11:50:00', 2, 11, 131),
(744, 'Configurar equipo para Coord. Bienestar.', 2, 1, 1, '', '2014-06-03 09:51:00', '2014-06-03 11:45:00', '2014-06-03 11:45:00', 2, 3, 127),
(745, 'Daño impresora ', 5, 5, 1, 'excelente servicio', '2014-06-03 10:41:00', '2014-06-03 12:44:00', '2014-06-03 12:44:00', 2, 18, 158),
(746, 'Solicito una impresora por dos días, por tema de calidad', 5, 1, 1, 'El servicio fue prestado de acuerdo a lo solicitado.', '2014-06-03 10:56:00', '2014-06-03 11:44:00', '2014-06-03 11:44:00', 2, 11, 177),
(747, 'Actualización de la Pagina Web de acuerdo al correo enviado hoy a las 10:56 am', 5, 1, 1, '', '2014-06-03 10:57:00', '2014-06-03 16:49:00', '2014-06-03 16:49:00', 2, 2, 177),
(749, 'efdsfdsffds', 5, 5, 1, '', '2014-06-03 11:08:00', '2014-06-03 11:10:00', '2014-06-03 11:10:00', 2, 18, 176),
(750, 'Buen Día, solicito por favor me cambien el sistema operativo de ubuntu a w7 o 8 gracias ', 5, 3, 1, 'queda pendiente para backup', '2014-06-03 11:49:00', '2014-06-03 16:44:00', '2014-06-03 16:44:00', 2, 15, 174),
(751, 'El día junio 3 se presentó daño de la mesa de ping pong por lo cual se solicita facilitar el video al Sr. Jesús Herreño con el fin de dar trámite para el pago de dicho daño.', 5, 4, 1, '', '2014-06-03 12:32:00', '2014-06-04 17:21:00', '2014-06-04 17:21:00', 2, 9, 145),
(752, 'EL SEÑOR WILSON HERNANDEZ SOLICTA REVISAR SU COMPUTADOR PUES NO PRENDE ', 5, 1, 1, 'muchas gracias', '2014-06-03 13:33:00', '2014-06-03 14:40:00', '2014-06-03 14:40:00', 2, 7, 110),
(754, 'Buenas tardes, el sistema telefónico instalado en mi computador lleva una semana sin funcionar, solicito su colaboración para verificar el daño presentado .', 5, 2, 1, 'Satisfecho con el soporte obtenido', '2014-06-03 16:15:00', '2014-06-05 07:33:00', '2014-06-05 07:33:00', 2, 12, 105),
(755, 'la impresora no reconoce los cartuchos', 5, 5, 1, '', '2014-06-03 16:57:00', '2014-06-04 13:03:00', '2014-06-04 13:03:00', 2, 18, 84),
(756, 'no esta imprimiendo desde ningún equipo del PAE', 5, 1, 1, '', '2014-06-03 17:01:00', '2014-06-04 09:57:00', '2014-06-04 09:57:00', 2, 11, 94),
(757, 'Solicitud acceso a carpeta compartida de capacitaciones con Dirección de Talento humano y coordinación de Calidad ', 5, 1, 1, '', '2014-06-04 07:57:00', '2014-06-04 09:02:00', '2014-06-04 09:02:00', 2, 6, 177),
(758, 'buen día solicitamos revisar los teléfonos de las financieras y manifiestan que no tienen internet ', 5, 1, 1, 'mil gracias', '2014-06-04 09:54:00', '2014-06-05 07:24:00', '2014-06-05 07:24:00', 2, 3, 110),
(759, 'Imposibilidad de conectar al dispositivo biométrico para descargar y gestionar las marcaciones desde el aplicativo Attendance. Ya he hecho varios intentos y no se conecta.', 5, 3, 1, 'Problema resuelto efectivamente', '2014-06-04 09:56:00', '2014-06-04 11:19:00', '2014-06-04 11:19:00', 2, 1, 129),
(761, 'solicitud de que equipos o funcionarios tienen acceso al servidor de imágenes para socializar la actualización de las mismas.', 5, 3, 1, 'recibi la información', '2014-06-04 12:31:00', '2014-06-05 11:37:00', '2014-06-05 11:37:00', 2, 5, 126),
(762, 'Se  trae la torre del equipo de escritorio del hangar para realizarle manteniminto ya que este no esta entrando al sistema operativo ', 5, 5, 1, 'Sin problema ', '2014-06-04 15:22:00', '2014-06-11 07:59:00', '2014-06-11 07:59:00', 2, 3, 86),
(763, 'Se trae la impresora del ahangar para mantenimiento ya que el papel se esta atascando ', 5, 3, 1, 'sin problema ', '2014-06-04 15:23:00', '2014-06-06 08:58:00', '2014-06-06 08:58:00', 2, 11, 86),
(764, 'revisar equipo coordinador virtual eliminación de carpetas y re organización. ', 5, 1, 1, 'se reviso (capa 8)', '2014-06-04 17:19:00', '2014-06-05 10:06:00', '2014-06-05 10:06:00', 2, 3, 126),
(765, 'Buen día, solicito por favor de su colaboración para la recuperación de archivos en excel, los cuales no se encuentran en el escritorio de uno de los equipos ubicados en la sala de la biblioteca.', 5, 5, 1, 'Gracias.', '2014-06-05 07:39:00', '2014-06-05 10:35:00', '2014-06-05 10:35:00', 2, 18, 171),
(766, 'Solicito revisión del equipo de la coordinación de proyectos especiales, esta muy lento.', 5, 5, 1, 'Bien', '2014-06-05 07:53:00', '2014-06-06 09:01:00', '2014-06-06 09:01:00', 2, 7, 89),
(767, 'mi extensión suena como que no esta disponible, aunque salen llamdas', 5, 1, 1, '', '2014-06-05 08:42:00', '2014-06-05 10:12:00', '2014-06-05 10:12:00', 2, 12, 94),
(769, 'SOLICITO CAMBIO IMPRESORA', 5, 1, 1, 'Conforme', '2014-06-05 09:50:00', '2014-06-05 14:54:00', '2014-06-05 14:54:00', 2, 3, 132),
(770, 'Buenos días, es para reportarles que el teléfono que tengo en mi puesto esta molestando, se reinicia y muestra el firmware y no me deja ni hacer ni recibir llamadas, adicional el mouse el botón scroll patina y no me permite navegar bien por las paginas. Agradezco la pronta solución.', 5, 1, 1, 'bien', '2014-06-05 10:08:00', '2014-06-05 11:36:00', '2014-06-05 11:36:00', 2, 3, 114),
(772, 'Revisión del teléfono análogo del doctor Pedro Ravelo', 5, 5, 1, '', '2014-06-05 14:31:00', '2014-06-05 15:38:00', '2014-06-05 15:38:00', 2, 12, 125),
(773, 'Buenas tardes la presente es para solicitar revisión a la configuración de la impresora ya que cada vez que intento imprimir aparece un mensaje que dice WINDOWS NO PUEDE CONECTARSE A LA IMPRESORA SE HA ELIMINADO LA IMPRESORA ESPECIFICADA.', 5, 3, 1, 'Se resolvió el problema ', '2014-06-05 15:00:00', '2014-06-06 09:57:00', '2014-06-06 09:57:00', 2, 18, 175),
(774, 'La impresora de educación continuada no esta funcionando adecuadamente ya que al enviar una impresión salen varias que están en cola en los equipos, aparece varias veces configurada en los equipos y el escaner no funciona.', 5, 3, 1, 'El Técnico Asignado ofrece atención inmediata y de calidad', '2014-06-05 17:40:00', '2014-06-06 09:47:00', '2014-06-06 09:47:00', 2, 11, 92),
(775, 'La presente es para solicitar, parlantes y micrófono para participar en la formación de la plataforma Shoology que se realizara el día lunes a las 2:00 pm en la oficia de aulas virtuales con la asistencia del equipo de audiovisuales ', 5, 2, 1, 'Se dejaron los parlantes y el micrófono instalados ', '2014-06-06 08:44:00', '2014-06-06 15:04:00', '2014-06-06 15:04:00', 2, 3, 175),
(776, 'Buen día. Cordialmente solicito una revision a los cartuchos de la impresora que actualmente tengo en la oficina pues al momento de imprimir dice ''''no se reconocen los cartuchos''''  . Gracias.', 5, 1, 1, 'MUCHAS GRACIAS JAIME', '2014-06-06 09:27:00', '2014-06-06 10:55:00', '2014-06-06 10:55:00', 2, 11, 164),
(778, 'Revisar PC de Johanna en Gerencia (Ventana Emergente)', 5, 1, 1, '', '2014-06-09 07:27:00', '2014-06-09 07:39:00', '2014-06-09 07:39:00', 2, 5, 127),
(780, 'Revisar sonido en aula maxima - revisar correo de Lizseth', 5, 2, 1, '', '2014-06-09 07:38:00', '2014-06-09 08:19:00', '2014-06-09 08:19:00', 2, 5, 127),
(781, 'Buen día solicito el toner de color azul para la impresora LaserJet Pro 200 color Ms251nw', 5, 1, 1, '', '2014-06-09 07:46:00', '2014-06-10 07:59:00', '2014-06-10 07:59:00', 2, 11, 168),
(782, 'Solicitud acceso directo a carpeta compartida con Gestión Humana y Calidad llamada capacitaciones, la que ingresaron en días anteriores no me permite verificar las modificaciones realizadas por los demás usuarios.', 5, 1, 1, '', '2014-06-09 08:02:00', '2014-06-09 09:32:00', '2014-06-09 09:32:00', 2, 6, 177),
(783, 'Revisión computador Auxiliar de enfermería, desde el inicio del día de hoy el equipo no le ha prmitido realizr ninguna actividad.', 5, 2, 1, '', '2014-06-09 08:40:00', '2014-06-11 17:20:00', '2014-06-11 17:20:00', 2, 3, 177),
(785, 'caso prueba\n\n\nxxxx', 1, 5, 1, 'ok\n', '2014-06-09 09:33:00', '2014-06-09 10:03:00', '2014-06-09 10:03:00', 2, 2, 127),
(786, 'Revisión del equipo portatil de la profesora Vivian', 5, 5, 1, '', '2014-06-09 10:28:00', '2014-06-09 12:06:00', '2014-06-09 12:06:00', 2, 3, 125),
(787, 'Solicitud de acompañamiento a prooverdor para revision de impresoras ', 5, 5, 1, '', '2014-06-09 10:30:00', '2014-06-09 12:48:00', '2014-06-09 12:48:00', 2, 7, 131),
(788, 'no es posible imprimir desde ningun equipo del area comercial.', 5, 5, 1, '', '2014-06-09 10:51:00', '2014-06-09 12:47:00', '2014-06-09 12:47:00', 2, 11, 112),
(789, 'Buenas tardes, presento nuevamente la solicitud en el problema que tengo al momento de imprimir mas de una copia desde el Excel.\nComo segundo caso expongo que desde el día Viernes 6 de Junio mi Spark permanece constantemente bloqueado y no es posible recibir y enviar mensajes a las demás áreas.\n\nAgradezco su colaboración.\n', 5, 2, 1, 'El problema aun se sigue presentando,  ', '2014-06-09 15:08:00', '2014-06-12 15:49:00', '2014-06-12 15:49:00', 2, 11, 120),
(790, 'Instalación Camtasia en Portatil', 1, 1, 1, '', '2014-06-10 06:50:00', '2014-06-10 09:25:00', '2014-06-10 09:25:00', 2, 15, 127),
(791, 'Apoyo curso LAR en Aula Máxima\n', 5, 5, 1, '', '2014-06-10 09:07:00', '2014-06-10 09:08:00', '2014-06-10 09:08:00', 2, 8, 131),
(793, 'Apoyo curso LAR en Aula Máxima 1\n', 5, 5, 1, '', '2014-06-10 09:07:00', '2014-06-11 08:00:00', '2014-06-11 08:00:00', 2, 8, 131),
(794, 'Corregir el nombre de las Redes Hughes 1 y colocarle la palabra CEI-HUGHES1 asi mismo con la red que se llama Indoamericana.', 1, 1, 1, '', '2014-06-10 10:05:00', '2014-06-12 10:54:00', '2014-06-12 10:54:00', 2, 16, 127),
(795, 'Enmascarar las direcciones de las paginas de Intranet :\n192.168.0.1:85 debe llamarse Intranet1 y la 192.168.0.152 debe llamarse Intranet2 \npara que cuando los funcionarios quieran ingresar digiten eso en vez de la IP', 5, 1, 1, '', '2014-06-10 10:07:00', '2014-06-11 07:15:00', '2014-06-11 07:15:00', 2, 1, 127),
(796, 'Instalación del osmonitor en PC para el Ing. Daniel.', 5, 1, 1, '', '2014-06-10 10:08:00', '2014-06-11 16:31:00', '2014-06-11 16:31:00', 2, 15, 127),
(797, 'Re configuracion del Server de KOAH', 5, 2, 1, 'ok\n', '2014-06-10 10:27:00', '2014-06-10 13:03:00', '2014-06-10 13:03:00', 2, 15, 127),
(798, 'solicito su colaboracion en la revision de mi telefono con los mensajes pues no aparace ningun mensaje por escuchar  mil gracias ', 5, 1, 1, 'gracias', '2014-06-10 14:40:00', '2014-06-13 08:49:00', '2014-06-13 08:49:00', 2, 12, 110),
(799, 'Falla en la conexión del televisor al computador en la Sala de Informática 2. Allí se encuentra en ejecución un curso de Educación Continuada.', 5, 1, 1, 'Buena atención', '2014-06-10 14:46:00', '2014-06-10 17:27:00', '2014-06-10 17:27:00', 2, 5, 92),
(800, 'http://indoamericana.edu.co/admin/     -   ERROR 500 - INTERNAL SERVER ERROR', 5, 1, 1, '', '2014-06-10 16:20:00', '2014-06-10 16:30:00', '2014-06-10 16:30:00', 2, 2, 106),
(801, 'El equipo de ruth se apaga de manera sorpresiva (2 veces hoy)', 5, 1, 1, '', '2014-06-10 16:23:00', '2014-06-10 16:30:00', '2014-06-10 16:30:00', 2, 3, 106),
(803, 'Buen día, solicito por favor sea compartida la carpeta de fotografías en mi equipo.\nmuchas gracias.', 5, 1, 1, '', '2014-06-11 08:15:00', '2014-06-11 08:41:00', '2014-06-11 08:41:00', 2, 3, 168),
(804, 'Crear usuarios para Angela Moreno.', 5, 1, 1, '', '2014-06-11 09:01:00', '2014-06-11 11:58:00', '2014-06-11 11:58:00', 2, 5, 127),
(805, 'La impresora, según el aviso que remite al equipo, no puede trabajar por atasco de papel pero en si no hay ningún papel en ella.', 3, 1, 1, 'gracias', '2014-06-11 09:06:00', '2014-06-11 17:19:00', '2014-06-11 17:19:00', 2, 11, 164),
(807, 'dfsdfsdf', 5, 5, 1, 'Ok\n.', '2014-06-11 09:46:00', '2014-06-11 09:47:00', '2014-06-11 09:47:00', 2, 18, 185),
(808, 'Solicito por favor cambio de teclado ya que las teclas están invertidas', 2, 5, 1, 'ok todo perfecto.', '2014-06-11 09:52:00', '2014-06-11 10:39:00', '2014-06-11 10:39:00', 2, 3, 185),
(809, 'SALEN LLAMADAS PERO NO ENTRAN " APARECE COMO QUE EL USUARIO NO ESTA DISPONIBLE"', 5, 1, 1, '', '2014-06-11 09:53:00', '2014-06-11 15:37:00', '2014-06-11 15:37:00', 2, 12, 94),
(810, 'La presente es para solicitar la adjudicación de la diadema que fue prestada a la coordinación de aulas virtuales ya que este elemento se hace necesario para la revisión de material de corte pedagógico en la construcción ayudas pedagógicas virtuales ', 2, 2, 1, 'Se legalizo la entrega de la diadema a la coordinación de aulas virtuales', '2014-06-11 16:17:00', '2014-06-12 11:59:00', '2014-06-12 11:59:00', 2, 5, 175),
(811, 'Buenos días, solicitamos nos hagan el favor de recuperar información del almacén de herramientas, carpeta con nombre taller de herramientas.\ngracias\n\ngracias. ', 5, 2, 1, '', '2014-06-12 08:02:00', '2014-06-12 09:18:00', '2014-06-12 09:18:00', 2, 5, 95),
(812, 'Favor revisar el pc de Olga Lucia Chaparro ya que no tiene acceso a internet ni intranet.', 5, 1, 1, '', '2014-06-12 08:17:00', '2014-06-12 08:39:00', '2014-06-12 08:39:00', 2, 6, 114),
(813, 'Necesito soporte técnico en el aula máxima.', 5, 1, 1, 'gracias!', '2014-06-12 08:55:00', '2014-06-12 11:35:00', '2014-06-12 11:35:00', 2, 11, 132),
(814, 'No entran llamadas al Teléfono de Educación Continuada. Pero si salen.', 5, 1, 1, 'Excelente Atención', '2014-06-12 15:36:00', '2014-06-12 17:08:00', '2014-06-12 17:08:00', 2, 12, 92),
(815, 'Buenas tardes solicito su colaboración para activar la página de la w radio Colombia, esto con el ánimo de verificar información necesaria para esta área. Muchas gracias www.wradio.com.co\n', 5, 1, 1, '', '2014-06-12 16:08:00', '2014-06-12 17:08:00', '2014-06-12 17:08:00', 2, 2, 176),
(816, 'Buenas tardes,\nCon la aprobación de la Dirección Administrativa, el  día jueves los funcionarios podrán ver el partido de Colombia en el mundial, para poder ofrecer una buena proyección solicito apoyo para realizar pruebas técnicas el día lunes 16 de junio.', 5, 2, 1, 'muy buena respuesta', '2014-06-12 16:15:00', '2014-06-16 16:25:00', '2014-06-16 16:25:00', 2, 8, 105),
(817, 'revisión acceso wifi casa huges  para la sala de audiovisuales.', 5, 3, 1, 'se reviso conexión ', '2014-06-13 07:26:00', '2014-06-13 08:22:00', '2014-06-13 08:22:00', 2, 2, 126),
(818, 'Se presenta la misma novedad en la linea telefónica, salen llamadas pero no entran.', 5, 1, 1, '', '2014-06-13 08:31:00', '2014-06-16 07:14:00', '2014-06-16 07:14:00', 2, 12, 92),
(819, 'Por favor suministrarme la información por instructor de las marcaciones que realizó durante el primer semestre del 2014 en el huellero. Mil gracias.', 2, 5, 1, 'Muchísimas gracias. La información fue muy completa.', '2014-06-13 09:37:00', '2014-06-16 07:49:00', '2014-06-16 07:49:00', 2, 5, 97),
(820, 'mal funcionamiento del equipo del archivo de gestión.', 3, 1, 1, 'Gracias.', '2014-06-13 10:08:00', '2014-06-13 15:30:00', '2014-06-13 15:30:00', 2, 3, 164),
(822, 'Por lo visto en las impresiones sacadas, se esta acabando la tinta.', 5, 1, 1, 'No imprime.', '2014-06-13 16:07:00', '2014-06-14 10:41:00', '2014-06-14 10:41:00', 2, 3, 164),
(823, 'Cordial saludo.\nSolicito amablemente su colaboración par realizar revisión de la intranet antigua ya que al ingresar la dirección enviada por el área de sistema sale una imagen de Clean Dream solicitando un usuario y clave.', 5, 2, 1, '', '2014-06-14 09:58:00', '2014-06-16 10:28:00', '2014-06-16 10:28:00', 2, 1, 115),
(824, 'Mi impresora presenta fallas al momento de imprimir.', 5, 1, 1, 'Muchas gracias.', '2014-06-16 08:36:00', '2014-06-16 10:42:00', '2014-06-16 10:42:00', 2, 11, 164),
(825, 'Realizar la revisión y el traslado del cableado y de los equipos instalado en la casa Beechcraft', 5, 3, 1, '', '2014-06-16 17:00:00', '2014-06-25 13:33:00', '2014-06-25 13:33:00', 2, 6, 125),
(826, 'Cordial saludo.\nSolicito amablemente su colaboración con la revisión de la impresora HP LaserJet M1212NFMFP que está ubicada en la oficina de Asistente de Gerencia ya que la calidad de la impresión ha disminuido. \nGracias.', 3, 3, 1, '', '2014-06-16 17:28:00', '2014-06-18 14:50:00', '2014-06-18 14:50:00', 2, 11, 115),
(828, 'Revisión de impresora EPSON de archivo.', 5, 5, 1, '', '2014-06-17 07:31:00', '2014-06-17 11:30:00', '2014-06-17 11:30:00', 2, 11, 131),
(829, 'Tengo problema de comunicacion del spark cuando intento hablar con señora alba se bloquea ', 5, 4, 1, '', '2014-06-17 10:00:00', '2014-06-17 11:29:00', '2014-06-17 11:29:00', 2, 19, 124),
(830, 'No recibo y no se envían correos, agradezco su colaboración, gracias.', 5, 5, 1, 'Todo se normaliso', '2014-06-17 10:12:00', '2014-06-17 14:14:00', '2014-06-17 14:14:00', 2, 18, 155),
(831, 'Solicitud de soporte a Claro por intermitencia en el servicio de Internet.', 5, 5, 1, '', '2014-06-17 10:29:00', '2014-06-17 11:26:00', '2014-06-17 11:26:00', 2, 6, 131),
(832, 'Canalizar cableado del salón No. 45 en la casa Eurocopter, genera riesgo eléctrico y de caída.', 5, 1, 1, '', '2014-06-17 10:30:00', '2014-06-17 12:22:00', '2014-06-17 12:22:00', 2, 17, 177),
(833, 'Buenos días solicito se revise la linea del datáfono, dado que la señal esta muy lenta y por ende no se puede prestar un optimo servicio a las personas que desean cancelar en caja, agradezco la pronta respuesta. ', 5, 2, 1, '', '2014-06-17 10:37:00', '2014-06-25 12:22:00', '2014-06-25 12:22:00', 2, 6, 118),
(834, 'Buenas tardes, con motivo de el evento institucional a realizarse el día jueves 19 de junio, mi jefe me dio la instrucción de realizar un vídeo para proyectar en este evento, solicito su colaboracion  para facilitarme el programa movie maker para adelantar esta tarea', 5, 1, 1, 'excelente servicio', '2014-06-17 16:43:00', '2014-06-19 13:57:00', '2014-06-19 13:57:00', 2, 15, 105),
(835, 'La impresora de gestión calidad tiene problemas con la tinta negra ya que se acabo el color negro, pero no pide recarga de tinta. Se solicita la revisión de la impresora de manera urgente ya que se debe entregar un manual a la Dirección Académica, para revisión y entrega a la Secretaría de Educación.', 5, 2, 1, 'El problema aun no se ha resuelto :( ya que al parecer el daño de la impresora es grave.', '2014-06-18 10:53:00', '2014-06-18 17:06:00', '2014-06-18 17:06:00', 2, 5, 83),
(836, 'No tengo acceso a la intranet antigua.\n', 5, 3, 1, 'La solución fue rápida. ', '2014-06-18 11:06:00', '2014-06-18 17:07:00', '2014-06-18 17:07:00', 2, 1, 159),
(837, 'El equipo no permite abrir dos archivos del mismo programa (Word o Excel).', 5, 2, 1, '', '2014-06-18 11:26:00', '2014-06-18 17:08:00', '2014-06-18 17:08:00', 2, 15, 177),
(839, 'Se solicita la revision del Fax como quiera que la linea no tiene tono y por consiguiente no se pueden recibir enviar o hacer llamadas ni de fax. ', 5, 2, 1, 'Definitivamente la linea del Fax no funciona, por información del técnico, deben hacer revisión y verificación en la red interna, sin embargo el caso aparece como cerrado. ', '2014-06-18 12:12:00', '2014-06-26 10:12:00', '2014-06-26 10:12:00', 2, 12, 181),
(840, 'Impresión de manual de transportadores ', 5, 5, 1, 'Ok\n', '2014-06-18 12:26:00', '2014-06-18 14:50:00', '2014-06-18 14:50:00', 2, 11, 131),
(841, 'Apoyo en el Auditorio para Schoology', 1, 1, 1, '', '2014-06-18 12:39:00', '2014-06-18 17:12:00', '2014-06-18 17:12:00', 2, 5, 127),
(842, 'Soporte Office John Suarez', 2, 1, 1, '', '2014-06-18 12:40:00', '2014-06-18 17:14:00', '2014-06-18 17:14:00', 2, 15, 127),
(843, 'Soporte Impresora Jefe Shirley', 1, 1, 1, '', '2014-06-18 12:41:00', '2014-06-18 14:48:00', '2014-06-18 14:48:00', 2, 11, 127),
(844, 'Soporte FAX Gerencia.', 1, 1, 1, '', '2014-06-18 12:41:00', '2014-06-18 14:58:00', '2014-06-18 14:58:00', 2, 5, 127),
(845, 'La impresora manifiesta que el cartucho negro se encuentra muy bajo y no esta permitiendo imprimir, por favor solicito su apoyo para resolver el problema lo mas pronto posible ya que no deja imprimir.  Muchas gracias!!', 5, 1, 1, 'Gracias!!', '2014-06-18 17:10:00', '2014-06-19 15:21:00', '2014-06-19 15:21:00', 2, 18, 88),
(846, 'Traslado e instalación del equipo de Roger Cuellar a la sala de juntas en la casa piper', 5, 5, 1, '', '2014-06-18 17:15:00', '2014-06-19 14:10:00', '2014-06-19 14:10:00', 2, 3, 125),
(848, 'Buenos días, se requiere con urgencia la recarga de los cartuchos de la Impresora de Educación Continuada. En la pantalla de la misma dice consumibles muy bajos y no deja imprimir. Agradezco su pronta colaboración para continuar con las actividades programadas.', 5, 1, 1, 'gracias', '2014-06-19 07:28:00', '2014-06-19 14:06:00', '2014-06-19 14:06:00', 3, 11, 88),
(849, 'Por favor permitirme verificar en la cámara del auditorio quien alzó mi sombrilla negra que había dejado dentro de la mesa del equipo de Brasil. Lo anterior en el momento que organizaron las mesas para ver el partido. Gracias.', 5, 5, 1, 'Muchas gracias', '2014-06-19 14:05:00', '2014-06-25 13:29:00', '2014-06-25 13:29:00', 2, 18, 97),
(850, 'tonner azul impresora audiovisuales', 5, 5, 1, 'se realiza cambio', '2014-06-19 14:22:00', '2014-06-19 15:32:00', '2014-06-19 15:32:00', 2, 11, 126),
(852, 'hola buenas tardes, jaimito si es tan amable y revisa mi computador ya que este no enciende...muchas gracias', 5, 1, 1, 'mil gracias', '2014-06-19 15:15:00', '2014-06-19 15:31:00', '2014-06-19 15:31:00', 2, 3, 110),
(853, 'Buena tarde Srs, solicito su colaboración para la revisión de una carpeta compartida en el servidor a la cual no tengo acceso. ', 5, 4, 1, 'Muchas gracias.', '2014-06-19 15:47:00', '2014-06-20 14:11:00', '2014-06-20 14:11:00', 2, 3, 156),
(854, 'orden de compra para una impresora que hace falta en el simulador tierra.', 5, 2, 1, '', '2014-06-19 16:56:00', '2014-06-19 17:38:00', '2014-06-19 17:38:00', 2, 11, 127),
(855, 'Solicito,  verificar el correo, puesto que han enviado varios comunicados por correo masivo, pero al momento yo no he recibido nada, y me entero tarde ', 2, 2, 1, '', '2014-06-20 08:20:00', '2014-06-20 08:49:00', '2014-06-20 08:49:00', 2, 19, 177),
(856, 'Solicito su amable colaboración realizando la adecuación de cables de red ubicados en la claraboya ubicada en la oficina de asistentes administrativa y gerencia , adicional realizar la adecuación de cableado que se encuentra debajo del puesto de asistente gerencia (Johanna Méndez).', 5, 3, 1, 'Si se realizo un trabajo adecuado.', '2014-06-20 12:17:00', '2014-06-27 12:50:00', '2014-06-27 12:50:00', 2, 17, 179),
(857, 'Solicito impresora para enviar documentos a color', 3, 3, 1, '', '2014-06-20 14:00:00', '2014-06-20 14:12:00', '2014-06-20 14:12:00', 2, 11, 177),
(858, 'configurar carpeta compartida', 5, 1, 1, 'El servicio fue efectivo.', '2014-06-20 16:04:00', '2014-06-20 16:39:00', '2014-06-20 16:39:00', 2, 3, 185);
INSERT INTO `supports` (`id`, `message`, `priority`, `user_priority`, `rating_status`, `comment`, `created_at`, `updated_at`, `closed_at`, `support_status_id`, `support_category_id`, `users_id`) VALUES
(859, 'Instalación y configuración de la Impresora en el equipo de Sub dirección general Doctora Alba Castañeda', 5, 4, 1, '', '2014-06-20 16:41:00', '2014-06-24 07:53:00', '2014-06-24 07:53:00', 2, 11, 125),
(861, 'Eddy Mora: Mantenimiento y formato de  equipo de asistente administrativa', 5, 5, 1, '', '2014-06-24 07:40:00', '2014-06-24 14:46:00', '2014-06-24 14:46:00', 2, 3, 131),
(862, 'colocar las nuevas direcciones de intranet como pagina de inicio en cada uno de los equipos de la corporación.', 5, 1, 1, '', '2014-06-24 07:47:00', '2014-07-02 13:53:00', '2014-07-02 13:53:00', 2, 1, 127),
(863, 'Por favor solicito el cambio de toner de la impresora de la Dirección Contable.', 5, 1, 1, 'se realizó el servicio a satisfacción.', '2014-06-24 08:54:00', '2014-06-25 16:01:00', '2014-06-25 16:01:00', 2, 11, 121),
(864, 'Buenos días solicito nuevamente se revise la linea del datáfono, dado que la señal esta muy lenta y por ende no se puede prestar un optimo servicio a las personas que desean cancelar en caja, agradezco que esta vez si revisen el datáfono gracias. ', 5, 2, 1, '', '2014-06-25 09:05:00', '2014-07-01 07:53:00', '2014-07-01 07:53:00', 2, 6, 118),
(865, 'Buen dia solicito por favor cambio de idioma del spark ya que no toma el cambio ', 5, 5, 1, '', '2014-06-26 08:40:00', '2014-06-26 10:13:00', '2014-06-26 10:13:00', 2, 15, 124),
(866, 'Solicitud de portátil a partir del 01 de julio hasta 04 de julio y configuración carpeta compartida con Angelica Villamil.', 5, 1, 1, 'bueno el servicio', '2014-06-26 14:50:00', '2014-07-01 07:51:00', '2014-07-01 07:51:00', 2, 3, 185),
(867, 'Cristiam Rey: Problemas con spark ', 5, 5, 1, '', '2014-07-01 10:36:00', '2014-07-01 12:09:00', '2014-07-01 12:09:00', 2, 5, 131),
(868, 'Problemas al abrir documentos de World, Excel.  ', 5, 4, 1, 'Se realiza el mantenimiento adecuadamente.', '2014-07-01 10:37:00', '2014-07-02 11:34:00', '2014-07-02 11:34:00', 2, 5, 159),
(869, 'BUENOS DIAS, PARA SOLICITAR NOS HAGAN EL FAVOR DE ARREGLAR LA BASE DE DATOS DE VISITAS A EMPRESAS\nGRACIAS.', 3, 2, 1, '', '2014-07-01 10:45:00', '2014-07-01 12:09:00', '2014-07-01 12:09:00', 2, 5, 95),
(870, 'Revision Ext. Porteria', 2, 2, 1, 'ok\n', '2014-07-01 11:19:00', '2014-07-01 12:08:00', '2014-07-01 12:08:00', 2, 12, 127),
(871, 'Cordial saludo,.\nSolicito amablemente su colaboración para realizar revisión del telefono ya que el teclado se bloquea ocasionalmente y tambien al entrar llamadas no suena.\nGracias.', 5, 3, 1, '', '2014-07-01 11:26:00', '2014-07-01 15:44:00', '2014-07-01 15:44:00', 2, 12, 115),
(872, 'Por favor me colaboran para poder instalar Adobe Flash Player en mi equipo que me permita abrir la información suministrada por Presentación Coordinación de Aulas Virtuales .swf. suministrada por el Sr. Oscar Julian Sánchez.', 5, 5, 0, '', '2014-07-01 11:30:00', '2014-07-01 17:58:00', '2014-07-01 17:58:00', 2, 18, 97),
(873, 'el software de wort no esta funcionando bien por lo tanto no me esta dejando combinar datos ', 5, 1, 1, '4quawjuw huoteicvju ,qelcqwhtv oqrew,sz', '2014-07-01 12:29:00', '2014-07-01 14:38:00', '2014-07-01 14:38:00', 2, 18, 116),
(874, 'buenas tardes, le solicitamos nos hagan el favor de configurar la impresora.\ngracias', 5, 2, 1, '', '2014-07-01 14:50:00', '2014-07-02 08:26:00', '2014-07-02 08:26:00', 2, 11, 95),
(875, 'solicitamos validar el usuario del señor wilson en el computador de la señorita olga ', 5, 1, 1, 'mil gracias', '2014-07-01 14:53:00', '2014-07-01 15:44:00', '2014-07-01 15:44:00', 2, 3, 110),
(876, 'Crear usuario para Secullum.  Ver correo enviado hoy 01-07-2014 a las 03:40 PM.', 5, 3, 1, '', '2014-07-01 15:45:00', '2014-07-02 08:32:00', '2014-07-02 08:32:00', 2, 21, 127),
(877, 'Agregar impresora de red', 3, 5, 1, '', '2014-07-02 09:04:00', '2014-07-02 10:39:00', '2014-07-02 10:39:00', 2, 11, 96),
(878, 'urgente solicitamos revisar las di-ademas de las financieras reportan que están molestando mil gracias ', 3, 1, 1, 'muchas gracias ', '2014-07-02 09:53:00', '2014-07-02 16:54:00', '2014-07-02 16:54:00', 2, 12, 110),
(879, 'Buenos días, por favor revisar la impresion de un archivo PDF a color ', 5, 1, 1, 'buena atención', '2014-07-02 11:54:00', '2014-07-02 13:34:00', '2014-07-02 13:34:00', 2, 18, 105),
(880, 'Buenos días compañeros, solicito amablemente la revisión del scanner y la impresora de la Coordinación Académica, puesto que no están funcionando.\n\nAgradezco que sea lo mas pronto posible. ', 3, 5, 1, 'Ninguna', '2014-07-03 08:47:00', '2014-07-03 10:30:00', '2014-07-03 10:30:00', 2, 11, 102),
(881, 'La tarea ''Recibiendo cquinonez@indoamericana.edu.co'' notificó el error (0x800CCC92) : ''El servidor de correo electrónico ha rechazado su inicio de sesión. Compruebe su nombre de usuario y contraseña para esta cuenta en Configuración de la cuenta.  El servidor respondió: -ERR [SYS/TEMP] Temporary system problem. Please try again later.''', 5, 1, 1, '', '2014-07-03 09:44:00', '2014-07-03 10:58:00', '2014-07-03 10:58:00', 2, 5, 106),
(883, 'Buenos días; en este momento se esta realizando el proceso de creación de los docentes como usuarios en la plataforma Schoology y se ha presentado problemas con el correo alexandramartinez@indoamericana.edu.co, correspondiente a la docente MARTINEZ ALZATE ALEXANDRA ya que rebotan los mensajes que se le envían,.', 5, 2, 1, 'Se soluciono el problema ', '2014-07-03 10:23:00', '2014-07-03 11:08:00', '2014-07-03 11:08:00', 2, 19, 175),
(884, 'revisión portátil audiovisuales. ', 5, 3, 1, 'quedo operacional', '2014-07-03 11:32:00', '2014-07-03 16:28:00', '2014-07-03 16:28:00', 2, 3, 126),
(885, 'Cambio de hora en computador', 5, 3, 1, '', '2014-07-03 14:11:00', '2014-07-03 14:58:00', '2014-07-03 14:58:00', 2, 8, 177),
(886, 'Reporte de navegación Solicitado por la Dra. Alba\n', 5, 5, 1, 'Ok\n', '2014-07-03 14:40:00', '2014-07-03 15:46:00', '2014-07-03 15:46:00', 2, 5, 131),
(887, 'Por favor el equipo de archivo necesita un soporte cuestión de que a veces no abren los programas de navegación o los archivos. ', 4, 2, 1, 'vuelve a fallar al siguiente dia\n', '2014-07-03 15:16:00', '2014-07-03 16:23:00', '2014-07-03 16:23:00', 2, 3, 164),
(888, 'Me permito solicitar por favor me colaboren con los videos del año 2013 de la inducción a los estudiantes, en donde aparece el tema de Salud Ocupacional.', 5, 2, 1, '', '2014-07-04 11:43:00', '2014-07-04 11:53:00', '2014-07-04 11:53:00', 2, 8, 177),
(889, 'Actualizaciones Internet. No puedo acceder al Fondo Virtual de la pagina del Fondo Nacional del Ahorro. ', 5, 1, 1, 'Muchas gracias', '2014-07-04 13:11:00', '2014-07-07 08:16:00', '2014-07-07 08:16:00', 2, 2, 150),
(890, 'Solicitud de Scanner para continuar las tareas de escaneo por parte del digitador.', 5, 1, 1, 'Entrega del equipo oportuna.', '2014-07-07 07:42:00', '2014-07-07 11:35:00', '2014-07-07 11:35:00', 2, 3, 129),
(891, 'Favor ruego encarecidamente cambiar las contraseñas que manejo actualmente de acuerdo a las instrucciones que le acabo de dar a mi amigo Jaimito.', 5, 3, 1, '', '2014-07-07 09:14:00', '2014-07-07 17:09:00', '2014-07-07 17:09:00', 2, 3, 153),
(892, 'Necesito cambio de toner ', 5, 5, 1, '', '2014-07-07 12:31:00', '2014-07-07 16:56:00', '2014-07-07 16:56:00', 2, 11, 81),
(893, 'Instalación del Outlook computador Paula Miranda', 5, 3, 1, '', '2014-07-07 12:58:00', '2014-07-07 17:12:00', '2014-07-07 17:12:00', 2, 19, 177),
(894, 'Revisar bloqueos Equipo del PAE', 1, 1, 1, '', '2014-07-07 14:17:00', '2014-07-08 17:32:00', '2014-07-08 17:32:00', 2, 3, 127),
(895, 'Cambio de Teclado a Secretaria de Gerencia', 5, 2, 1, '', '2014-07-07 14:29:00', '2014-07-07 17:11:00', '2014-07-07 17:11:00', 2, 7, 127),
(896, 'No esta funcionando el teléfono ni el internet de la oficina de Gestión Calidad.', 5, 5, 1, '\n\n\n\n\n\n\n\n\n\n\n\n\n\n\n\n\n\n\n\n\n\n\n\n\n\n\n\n\n\n\n\n\n\n\n\n\n\n\n\n\n\n\n\n\n\n\n\n\n\n\n\n\n\n\n\n\n\n\n\n\n\n\n\n\n\n\n\n\n\n\n\n\n\n\n\n\n\n\n\n\n\n\n\n\n\n\n\n\n\n\n\n\n\n\n\n\n\n\n\n\n\n\n\n\n\n\n\n\n\n\n\n\n\n\n', '2014-07-08 07:43:00', '2014-07-08 10:27:00', '2014-07-08 10:27:00', 2, 18, 83),
(898, 'Buenos días, la impresora del Area de Educación Continuada tiene muy bajos los cartuchos de tinta. La impresión es ilegible y se requiere de recarga de tinta. Muchas gracias.', 5, 1, 1, 'Excelente atención.', '2014-07-09 08:08:00', '2014-07-09 17:32:00', '2014-07-09 17:32:00', 2, 11, 92),
(899, 'Buenos días, la presente es para solicitar asesoría en cuanto a la solicitud del ingeniero Joselyn Zarate, el cual al ingresar a la plataforma Schoology se le bloquea el equipo, el pantallazo del mensaje de error que aparece fue enviado al correo agonzalez@indoamericana.edu.co.', 3, 1, 1, 'Se configuro el equipo con exito', '2014-07-10 08:47:00', '2014-07-11 09:53:00', '2014-07-11 09:53:00', 2, 2, 175),
(900, 'Solicitud de revisión de equipo Auxiliar de Bienestar', 3, 5, 1, 'muy bien\n', '2014-07-10 08:47:00', '2014-07-10 08:54:00', '2014-07-10 08:54:00', 2, 3, 176),
(901, 'Por favor cambiar toner a mi impresora. Gracias. ', 3, 1, 1, 'Muchas gracias', '2014-07-10 11:20:00', '2014-07-10 15:13:00', '2014-07-10 15:13:00', 2, 11, 150),
(902, 'No me permite imprimir en el equipo de audiovisuales, aparece un letrero de ¡impresora sin conexión!', 5, 1, 1, '', '2014-07-10 14:39:00', '2014-07-10 16:20:00', '2014-07-10 16:20:00', 2, 11, 177),
(904, 'Muy buenas tardes:   quiero preguntar si en la nueva intranet se encuentra el manual para la utilización del teléfono.  No lo encuentro en la nueva intranet.   Gracias. ', 5, 5, 1, 'Como siempre solucionaron mi inquietud.   Muchas gracias.', '2014-07-10 14:52:00', '2014-07-10 15:11:00', '2014-07-10 15:11:00', 2, 5, 156),
(905, 'SOLICITUD DE SKYPE PARA ENTREVISTA A NIVEL NACIONAL CON CONTACTO MANPOWER PARA CONVENIO INTERINSTITUCIONAL, PENDIENTE FECHA. GRACIAS', 2, 4, 1, 'GRACIAS', '2014-07-10 15:21:00', '2014-07-11 07:31:00', '2014-07-11 07:31:00', 2, 3, 111),
(906, 'Realizar la configuración y retiro de equipos colocados en el auditorio.', 3, 5, 1, '', '2014-07-10 15:30:00', '2014-07-10 17:35:00', '2014-07-10 17:35:00', 2, 5, 125),
(907, 'SOLICITO COLABORACIÓN CON LA ORGANIZACIÓN DE CABLES DEL COMPUTADOR.\nGRACIAS ', 5, 4, 1, 'GRACIAS', '2014-07-10 15:34:00', '2014-07-11 15:24:00', '2014-07-11 15:24:00', 2, 17, 111),
(908, 'Buenas tardes, no esta funcionando ninguna impresora configurada a mi equipo, ni el correo. Muchas gracias.', 2, 5, 1, 'NInguna', '2014-07-10 15:51:00', '2014-07-10 16:18:00', '2014-07-10 16:18:00', 2, 11, 102),
(909, 'Cordial Saludo: Amablemente, solicito la asistencia para instalación de software un scanner adquirido en la Gerencia. \n\nQuedo atenta, \n\nEddy Mora \nExt. 2003', 5, 2, 1, 'excelente ', '2014-07-11 09:04:00', '2014-07-11 11:22:00', '2014-07-11 11:22:00', 2, 15, 181),
(910, 'Volcamiento de disco duro en equipo de Roger Cuellar', 1, 1, 1, '', '2014-07-11 09:24:00', '2014-07-16 08:28:00', '2014-07-16 08:28:00', 2, 3, 125),
(912, 'La impresora no lee los cartuchos', 5, 5, 1, 'bien', '2014-07-11 11:31:00', '2014-07-14 07:46:00', '2014-07-14 07:46:00', 2, 11, 89),
(913, 'La coordinación de aulas virtuales solicita la colaboración técnica en cuanto al monitoreo de servicio de Internet y sonido del auditorio y la sala de informatica 2, para desarrollar el curso de ambientes de aprendizaje que se llevara acabo la próxima semana de lunes a viernes de 7:00 am a 2:00 pm', 3, 1, 1, 'los equipos están funcionando correctamente ', '2014-07-11 16:14:00', '2014-07-14 07:42:00', '2014-07-14 07:42:00', 2, 2, 175),
(914, 'Revision de Impresora contabilidad.', 5, 5, 1, '', '2014-07-14 10:12:00', '2014-07-14 14:36:00', '2014-07-14 14:36:00', 2, 18, 131),
(915, 'Acceso a la intranet antigua', 3, 1, 1, '', '2014-07-14 13:48:00', '2014-07-15 09:29:00', '2014-07-15 09:29:00', 2, 1, 177),
(916, 'la presente es para solicitar,  la creación de la cuenta de correo para el docente Jose Manuel Reyes Ruiz que esta participando en la formación de Schoology  ya no tiene correo institucional,  la cédula del docente es 3294013 gracias.', 5, 1, 1, 'Se creo el correo ', '2014-07-14 15:54:00', '2014-07-15 12:12:00', '2014-07-15 12:12:00', 2, 19, 175),
(917, 'Buen día solicito amablemente la configuración de las cuentas de correo de outlook ya se que desconfiguraron al mover los archivos a la carpeta de los backups para no duplicarlos.', 3, 1, 1, 'El problema no ha sido solucionado, nadie se ha acercado a solucionarlo', '2014-07-14 15:55:00', '2014-07-15 10:11:00', '2014-07-15 10:11:00', 2, 19, 168),
(918, 'Instalación de Skype en equipos del Señor Ravelo. Portátil y Fijo.', 3, 2, 1, '', '2014-07-14 16:08:00', '2014-07-15 09:30:00', '2014-07-15 09:30:00', 2, 15, 127),
(919, 'solicitud ampliación de la señal del Internet para el auditorio. buenas tardes la presente es para solicitar que sea revisada la señal de Internet para el auditorio debido a que se lleva acabo la formación a docentes sobre ambientes de aprendizaje, en este lugar y los ejercicios con la plataforma Schoology que se van a realizar mañana, el jueves y el viernes requieren que la señal este en optimas condiciones ya que los docentes se van a conectar desde sus equipos. ', 1, 1, 1, 'quedo en buen funcionamiento el punto del red', '2014-07-15 15:02:00', '2014-07-15 16:43:00', '2014-07-15 16:43:00', 2, 2, 175),
(920, 'Ampliar capacidad de carpeta compartida en la red ya esta copada necesitamos una amplia capacidad para guardar la información.', 3, 1, 1, 'Muy bueno el servicio', '2014-07-15 15:04:00', '2014-07-15 15:31:00', '2014-07-15 15:31:00', 2, 6, 185),
(921, 'Una vez mas sigue fallando el equipo del archivo en gestión. problemas como imposibilidad de abrir el outlook o abrir varios archivos a la vez persisten.', 3, 1, 1, 'Por favor solucionar el problema lo mas pronto posible.', '2014-07-15 15:17:00', '2014-07-15 17:19:00', '2014-07-15 17:19:00', 2, 3, 164),
(922, 'Buen día, solicito de nuevo que sean configurados los archivos de Outlook ya que no han sido configurados en su totalidad', 1, 1, 1, '', '2014-07-15 17:04:00', '2014-07-16 08:57:00', '2014-07-16 08:57:00', 2, 19, 168),
(923, 'configuración del equipo', 5, 1, 1, '', '2014-07-16 07:31:00', '2014-07-16 08:09:00', '2014-07-16 08:09:00', 2, 3, 185),
(924, 'Solicitud de soporte en el auditorio para el curso de schoology.\n', 5, 5, 1, '', '2014-07-16 07:48:00', '2014-07-16 08:25:00', '2014-07-16 08:25:00', 2, 5, 131),
(925, 'el equipo no reconoce la impresora', 5, 1, 1, '', '2014-07-16 08:45:00', '2014-07-16 10:30:00', '2014-07-16 10:30:00', 2, 11, 94),
(926, 'Agradezco por favor me colaboren para tener acceso a los correos de salud ocupacional durante el año 2012 y 2013, requiero información del correo y no tengo acceso.  adicional mente solicito me habiliten el acceso al correo por medio de la pagina de Google.', 5, 1, 1, '', '2014-07-16 08:52:00', '2014-07-16 12:31:00', '2014-07-16 12:31:00', 2, 19, 177),
(927, 'Cordial Saludo: Se solicita amablemente el cambio  de thoner para la impresora de color de la gerencia. \n\nQuedo atenta, gracias ', 5, 1, 1, 'EXCELENTE ', '2014-07-16 11:32:00', '2014-07-16 12:33:00', '2014-07-16 12:33:00', 2, 11, 181),
(928, 'Cordial Saludo: Amablemente solicito revisión del software del escaner como quiera que presenta falla al momento del escaneo. ', 5, 1, 1, 'EXCELENTE ', '2014-07-16 12:00:00', '2014-07-16 13:01:00', '2014-07-16 13:01:00', 2, 15, 181),
(929, 'Instalación  de impresora de Dirección contable en el equipo de aux contable Juan David Lozano', 5, 4, 1, 'OK VERIFICADA Y EN FUNCIONAMIENTO', '2014-07-17 09:40:00', '2014-07-17 10:51:00', '2014-07-17 10:51:00', 2, 11, 125),
(930, 'Reseteo contraseña de sistema de Help desk a Juan David Lozano', 5, 5, 1, '', '2014-07-17 09:41:00', '2014-07-18 11:41:00', '2014-07-18 11:41:00', 2, 22, 125),
(931, 'Solicitud  de revisión software Amadeus en los Laboratorios de Informatica.', 5, 2, 1, '', '2014-07-18 10:57:00', '2014-07-21 10:56:00', '2014-07-21 10:56:00', 2, 15, 131),
(933, 'buenos días \n\nsolicito un portátil de carácter urgente para atender a los estudiantes próximos a certificar  ', 5, 5, 1, 'asjfljasdfljasldfjlasdjflkjdolas', '2014-07-21 09:04:00', '2014-07-21 09:51:00', '2014-07-21 09:51:00', 2, 3, 116),
(934, 'Cordial saludo,\nSolicito asignación y activación de correos institucionales para Luis Fernando Beltran Rojas, Jose Dario Ballen Cortes y Hector Alfonso Ballen Pulido. Gracias.', 3, 5, 1, '', '2014-07-21 09:14:00', '2014-07-22 12:17:00', '2014-07-22 12:17:00', 2, 19, 115),
(935, 'Buen día, solicito por favor de su colaboración para la revisión de uno de los equipos debido a que al ingresar la respectiva clave no permite ingresar.', 3, 1, 1, 'Gracias.', '2014-07-21 09:59:00', '2014-07-21 11:26:00', '2014-07-21 11:26:00', 2, 3, 171),
(938, 'prueba', 5, 3, 1, 'excelente servico', '2014-07-21 10:57:00', '2014-07-21 10:58:00', '2014-07-21 10:58:00', 2, 17, 186),
(940, 'Cordial saludo.\nSolicito amablemente asignacion de contraseña para la cuenta informacion@indoamericana.edu.co.\nGracias.', 5, 1, 1, '', '2014-07-21 11:09:00', '2014-07-21 11:41:00', '2014-07-21 11:41:00', 2, 19, 115),
(941, 'Configuración de Equipo Señor Ravelo', 3, 3, 1, '', '2014-07-21 11:16:00', '2014-07-21 17:36:00', '2014-07-21 17:36:00', 2, 3, 127),
(943, 'CAPACITACIÓN DEL MANEJO DE USUARIOS SABRE Y AMADEUS, AGRADEZCO SU COLABORACIÓN.', 3, 5, 1, '', '2014-07-21 13:47:00', '2014-07-24 17:59:00', '2014-07-24 17:59:00', 2, 5, 180),
(944, 'Pido el favor recarguen los cartuchos pues impresora se ha quedado sin tinta. gracias.', 3, 1, 1, 'gRACIAS', '2014-07-21 14:24:00', '2014-07-22 11:00:00', '2014-07-22 11:00:00', 2, 11, 164),
(945, 'Solicito un portátil para clase de diplomado el día lunes 21 de julio y miércoles 23 de julio de 2014 en el horario de 6 a 10pm', 5, 5, 1, '', '2014-07-21 16:07:00', '2014-07-22 08:20:00', '2014-07-22 08:20:00', 2, 5, 89),
(946, 'BUENOS DÍAS, SOLICITO EL FAVOR DE CONFIGURACIÓN BASE DE DATOS DE VISITAS A TALLERES.\nGRACIAS', 3, 2, 1, '', '2014-07-22 08:10:00', '2014-07-22 17:47:00', '2014-07-22 17:47:00', 2, 5, 95),
(948, 'Revisión Impresora Claudio.', 1, 1, 1, '', '2014-07-22 11:06:00', '2014-07-22 12:18:00', '2014-07-22 12:18:00', 2, 11, 127),
(949, 'Muy buenas tardes:    quiero reportar que en mi outlook aparece un letrero que indica "trabajando sin conexion".   No conozco si hay algún problema con eso.   Agradezco me puedan orientar.    Gracias.', 3, 5, 1, '', '2014-07-22 17:42:00', '2014-07-23 14:41:00', '2014-07-23 14:41:00', 2, 18, 156),
(950, 'Instalación del Flash Player desde Internet explorer y Mozilla ', 5, 5, 1, 'Ninguna', '2014-07-23 12:41:00', '2014-07-23 14:33:00', '2014-07-23 14:33:00', 2, 15, 91),
(951, 'Back up posterior de la fecha 16-06/2014', 5, 1, 1, '', '2014-07-23 12:42:00', '2014-07-23 16:28:00', '2014-07-23 16:28:00', 2, 18, 91),
(953, 'bune dia solicito el sknner en la oficina de publicidad y mercadeo ', 5, 2, 1, 'MUCHAS GRACIAS', '2014-07-24 08:28:00', '2014-07-24 10:03:00', '2014-07-24 10:03:00', 2, 3, 110),
(954, 'Requiero conexión a al impresora', 5, 5, 1, '', '2014-07-24 11:16:00', '2014-07-24 11:46:00', '2014-07-24 11:46:00', 3, 18, 125),
(955, 'Revisar impresora de Continuada y verificar si se puede hacer cambio por la de bienestar', 2, 2, 1, '', '2014-07-24 11:44:00', '2014-07-24 17:57:00', '2014-07-24 17:57:00', 2, 11, 127),
(956, 'Revisión y configuración equipo del contador para realizar entrega a la señora  Martha Cecilia Rozo Gonzalez  nueva contadora', 5, 3, 1, '', '2014-07-24 11:45:00', '2014-07-25 15:58:00', '2014-07-25 15:58:00', 2, 3, 125),
(958, 'Cordial Saludo: \n\nDe manera atenta, solicito la revisión de mi equipo, como quiera que ha presentado unos avisos, ademas que se ha apagado en varias ocasiones sin motivo alguno. \n', 2, 1, 1, 'EXCELENTE SERVICIO ', '2014-07-25 09:00:00', '2014-07-25 13:17:00', '2014-07-25 13:17:00', 2, 3, 181),
(959, 'Solicito se configure las impresoras de la casa Piper en mi equipo', 5, 1, 1, 'Ninguna', '2014-07-25 09:40:00', '2014-07-25 15:23:00', '2014-07-25 15:23:00', 2, 11, 91),
(960, 'La impresora recién instalada, no permite realizar escaners de documentos', 4, 3, 1, 'Buena atención', '2014-07-25 09:45:00', '2014-07-25 12:33:00', '2014-07-25 12:33:00', 2, 11, 105),
(961, 'BUEN DÍA, POR FAVOR SOLICITO LA REVISIÓN DE LAS EXTENSIONES DE LAS FINANCIERAS PORQUE CUANDO LOS LLAMAN DICE QUE NO SE ENCUENTRAN DISPONIBLE, ESTANDO LIBRES LAS LINEAS.\nMUCHAS GRACIAS', 4, 5, 1, 'EXTENSIONES NUEVAMENTE FUNCIONANDO BIEN ', '2014-07-25 09:54:00', '2014-07-28 09:18:00', '2014-07-28 09:18:00', 2, 12, 111),
(963, 'Tengo problemas con el correo ', 3, 4, 1, '', '2014-07-28 09:09:00', '2014-07-28 11:29:00', '2014-07-28 11:29:00', 2, 19, 124),
(964, 'Buenos días, la impresora no esta funcionando. Muchas gracias.', 5, 5, 1, 'Ninguna', '2014-07-28 12:02:00', '2014-07-28 12:18:00', '2014-07-28 12:18:00', 2, 11, 102),
(965, 'No hay conexión a la impresora de audiovisuales', 5, 1, 1, '', '2014-07-28 14:42:00', '2014-07-28 15:15:00', '2014-07-28 15:15:00', 2, 11, 177),
(966, 'Solicito prestamo de portatil para clase diplomado', 5, 5, 0, '', '2014-07-28 14:42:00', '2014-07-29 07:13:00', '2014-07-29 07:13:00', 2, 3, 89),
(967, 'Tengo problemas con el correo nuevamente ', 5, 5, 1, '', '2014-07-29 06:45:00', '2014-07-30 14:10:00', '2014-07-30 14:10:00', 2, 19, 124),
(968, 'Solicitud Outlook Fernanda y cambio de usuario y clave del equipo', 5, 1, 1, '', '2014-07-29 08:32:00', '2014-07-30 14:09:00', '2014-07-30 14:09:00', 2, 19, 177),
(969, 'entregar documentación pendiente del usuario de paula miranda', 5, 2, 0, '', '2014-07-29 11:31:00', '2014-07-30 14:10:00', '2014-07-30 14:10:00', 2, 5, 186),
(970, 'Cambio de toner para la impresora del hangar', 5, 2, 0, '', '2014-07-29 14:09:00', '2014-07-30 09:45:00', '2014-07-30 09:45:00', 2, 11, 86),
(971, 'la impresora esta molestando la tinta', 5, 1, 1, '', '2014-07-29 15:43:00', '2014-08-01 08:21:00', '2014-08-01 08:21:00', 2, 11, 106),
(973, 'Por favor solicito el cambio de toner de la impresora ubicada en la oficina de la Dirección Contable.', 5, 1, 1, 'Se atendió la solicitud a satisfacción', '2014-07-30 09:23:00', '2014-07-30 09:44:00', '2014-07-30 09:44:00', 2, 11, 121),
(974, 'solicitud arreglo linea de la magdalena , el cable principal que se encuentra debajo del puesto de eddy mora se daño y no hay linea disponible .\n', 5, 5, 0, '', '2014-07-30 11:29:00', '2014-08-04 11:52:00', '2014-08-04 11:52:00', 2, 17, 179),
(975, 'Solicitud de soporte en el auditorio.', 5, 5, 1, '', '2014-07-31 07:13:00', '2014-07-31 07:43:00', '2014-07-31 07:43:00', 2, 5, 131),
(976, 'Buen día, nuevamente esta fallando el datáfono agradezco me colaboren con este inconveniente, Gracias.', 5, 1, 1, '', '2014-07-31 09:23:00', '2014-07-31 11:06:00', '2014-07-31 11:06:00', 2, 12, 118),
(977, 'Impresora requiere recarga', 5, 1, 1, '', '2014-07-31 14:27:00', '2014-07-31 18:07:00', '2014-07-31 18:07:00', 2, 11, 96),
(978, 'Buen día, el outlook de correos masivos a superado el tamaño máximo permitido y no me es posible enviar mas correos, solicito por favor sea revisado ya que es necesario enviar 2000 correos este día.\nMuchas gracias.', 5, 1, 1, '', '2014-08-01 07:59:00', '2014-08-04 14:58:00', '2014-08-04 14:58:00', 2, 19, 168),
(979, 'la impresora esta alterando los colores en la impresion', 5, 1, 1, '', '2014-08-01 08:19:00', '2014-08-01 08:44:00', '2014-08-01 08:44:00', 2, 11, 106),
(980, 'Cordial saludo,.\nSolicito amablemente su colaboración para realizar revisión del teléfono porque me informan que las llamadas no entran.\nGracias.', 5, 1, 1, '', '2014-08-01 08:44:00', '2014-08-01 09:16:00', '2014-08-01 09:16:00', 2, 12, 115),
(981, 'Buen día, solicito por favor de su colaboración para la revisión y habilitación del navegador internet explorador en los equipos ubicados en la biblioteca. Esto con el fin de brindar el servicio de Tell me More el cual por sugerencia del docente se debe realizar por este navegador y no por Google.\n\nGracias.', 5, 2, 1, 'Gracias.', '2014-08-01 09:02:00', '2014-08-01 11:23:00', '2014-08-01 11:23:00', 2, 2, 171),
(982, 'Conectar el cable de red al Switch en el laboratorio 1- PC 13', 3, 5, 1, 'Queda pendiente organizar los cables en la pared con silicona ', '2014-08-04 07:09:00', '2014-08-04 14:00:00', '2014-08-04 14:00:00', 2, 6, 131),
(983, 'Configurar los PCs del laboratorio 2 para encendido automático.', 4, 5, 1, '', '2014-08-04 07:10:00', '2014-08-04 13:57:00', '2014-08-04 13:57:00', 2, 3, 131),
(984, 'Organizar el cableado de Embraer de acuerdo a las especificaciones ya dadas.', 3, 5, 1, '', '2014-08-04 07:12:00', '2014-08-04 11:58:00', '2014-08-04 11:58:00', 2, 5, 131),
(985, 'Buscar y configurar 2 computadores completos para el laboratorio de informática 1 ', 1, 5, 1, '', '2014-08-04 07:13:00', '2014-08-06 14:11:00', '2014-08-06 14:11:00', 2, 3, 131),
(986, 'Cordial saludo, amablemente solicito la revisión de la instalación de las impresoras, ya que desde el dia viernes no he podido hacer impresiones y me indica que no hay impresoras disponibles que debo instalar una. \n\nGracias. ', 1, 1, 1, 'excelente. ', '2014-08-04 09:04:00', '2014-08-04 11:58:00', '2014-08-04 11:58:00', 2, 11, 181),
(987, 'Solicito su colaboración para enviar Necesito  una premeditación de power point no anexa sino pegada al correo. Gracis', 5, 5, 1, 'ninguna', '2014-08-04 09:56:00', '2014-08-04 14:05:00', '2014-08-04 14:05:00', 2, 5, 176),
(988, 'Corrijo mensaje anterior. Solicito apoyo para enviar una presentación en power point, pegada a un correo, no anexa. Gracias por su pronta respuesta', 5, 1, 1, 'ninguna', '2014-08-04 10:20:00', '2014-08-04 10:28:00', '2014-08-04 10:28:00', 3, 18, 176),
(989, 'configutación carpeta compartida', 2, 1, 0, '', '2014-08-04 15:21:00', '2014-08-05 08:00:00', '2014-08-05 08:00:00', 2, 5, 185),
(990, 'Me permito solicitar una revisión  al computador ya que inicia con fuerte ruido', 3, 2, 1, 'ninguna', '2014-08-04 17:00:00', '2014-08-05 11:32:00', '2014-08-05 11:32:00', 2, 3, 172),
(991, 'la presente es para solicitar revisión del equipo de la coordinación de aulas virtuales ya que se esta presentando problemas al querer guardar los documentos de office y aparece el siguiente texto " no se pudo guardar los cambios en el archivo debido a una infracción de uso compartido. Guarde los cambios en un archivo diferente", quedo al tanto de una pronta respuesta ', 5, 1, 1, 'Se realizó la activación de Microsoft Office Standard 2010 ya estaba sin licencia. Se configuro el antivirus Kaspersky ya que era la causa del error mencionado,  se verificó que pueda guardar archivos normalmente.', '2014-08-05 07:18:00', '2014-08-05 10:36:00', '2014-08-05 10:36:00', 2, 15, 175),
(992, 'Revisar Software de descarga de videos al Señor Ravelo.', 2, 2, 1, '', '2014-08-05 11:35:00', '2014-08-05 12:54:00', '2014-08-05 12:54:00', 2, 15, 127),
(993, 'Configuración de Dispositivo conversor de vídeo en el monitor de Portería.', 5, 5, 1, '', '2014-08-05 12:07:00', '2014-08-12 14:34:00', '2014-08-12 14:34:00', 2, 9, 131),
(994, 'Revisión carpeta escritorio fernanda.', 5, 1, 1, '', '2014-08-05 17:24:00', '2014-08-06 07:16:00', '2014-08-06 07:16:00', 2, 5, 177),
(995, 'BUENOS DÍAS, COMO ESTÁN, EL DÍA NOS ENCONTRAMOS CON FALLAS CON EL WIFI, SOLICITO DE SU APOYO PARA SOLUCIONAR ETSE NOVEDAD.\n\nMUCHAS GRACIAS.', 1, 1, 1, 'Gracias!!', '2014-08-06 10:56:00', '2014-08-06 14:49:00', '2014-08-06 14:49:00', 2, 6, 88),
(996, 'LA IMPRESORA AL PARECER ESTA DESCONFIGURADA PUES IMPRIME POR HOJA SOLO LA MITAD DE LA INFORMACIÓN QUE DEBERÍA IR EN ELLA. ', 5, 1, 1, 'MUCHAS GRACIAS', '2014-08-06 15:31:00', '2014-08-08 10:21:00', '2014-08-08 10:21:00', 2, 11, 164),
(997, 'Buenos días por favor cambiar el toner de la impresora dado que ya se acabo, Gracias ', 5, 1, 1, '', '2014-08-08 07:19:00', '2014-08-08 10:19:00', '2014-08-08 10:19:00', 2, 11, 118),
(998, 'Revisión de computador # 11 laboratorio 1', 5, 5, 1, '', '2014-08-08 07:48:00', '2014-08-08 10:15:00', '2014-08-08 10:15:00', 2, 3, 131),
(999, 'Retiro de antenas Wifi Cafetería y Hughes', 5, 5, 1, '', '2014-08-08 07:49:00', '2014-08-08 09:12:00', '2014-08-08 09:12:00', 3, 6, 131),
(1000, 'La diadema no funciona y es fundamental para el desarrollo de mi labor; agradezco me colaboren', 3, 1, 1, 'Es reiterativo el mal funcionamiento de las diademas de la plataforma', '2014-08-08 08:49:00', '2014-08-08 10:13:00', '2014-08-08 10:13:00', 2, 5, 91),
(1001, 'Revisión Mouse equipo auxiliar de enfermeria', 5, 2, 1, '', '2014-08-08 09:04:00', '2014-08-08 09:36:00', '2014-08-08 09:36:00', 2, 3, 177),
(1002, 'Se presentan problemas en la tinta, el negro es nulo y cuando se imprime a color sale con lineas cruzadas. Agradezco su apoyo y colaboración.', 5, 1, 1, 'Buena atención.', '2014-08-08 10:38:00', '2014-08-13 10:30:00', '2014-08-13 10:30:00', 2, 11, 92),
(1003, 'No se pueden reconocer los cartuchos de tinta en la impresora', 5, 5, 1, '', '2014-08-08 11:48:00', '2014-08-08 14:15:00', '2014-08-08 14:15:00', 2, 11, 84),
(1004, 'Buenos días, para solicitarles nos hagan el favor de configurar la impresora.\ngracias', 5, 2, 1, '', '2014-08-11 07:40:00', '2014-08-11 15:24:00', '2014-08-11 15:24:00', 2, 11, 95),
(1005, 'SOLICITO SU COLABORACIÓN CON LA TINTA DE MI IMPRESORA, GRACIAS', 5, 4, 1, 'QUEDO FUNCIONANDO MUY BIEN LA IMPRESORA GRACIAS', '2014-08-11 10:51:00', '2014-08-11 17:20:00', '2014-08-11 17:20:00', 2, 11, 111),
(1006, 'SOLICITO PARA EL DÍA 16 DE AGOSTO RETIRO DE LOS EQUIPOS PRESTADOS A LAS FINANCIERAS, YAS QUE ESTARÁN ATENDIENDO HASTA EL DÍA 15 DE AGOSTO 5:00 PM.\nGRACIAS POR SU COLABORACION', 5, 3, 1, 'SE ENTREGARON EN BUENAS CONDICIONES LAS DIADEMAS', '2014-08-11 10:53:00', '2014-08-12 17:18:00', '2014-08-12 17:18:00', 2, 5, 111),
(1007, 'Buenos días,\nDaño de impresora Almacen', 5, 1, 1, 'excelente trabajo ', '2014-08-11 11:04:00', '2014-08-11 14:25:00', '2014-08-11 14:25:00', 2, 11, 158),
(1008, 'Cambio de lógo en la firma Outlook, Instalación Software Pausas Activas, Importacion Contactos Outlook', 5, 5, 1, '', '2014-08-11 11:29:00', '2014-08-14 09:37:00', '2014-08-14 09:37:00', 2, 18, 131),
(1010, 'CONFIGURACIÓN IMPRESORA ASESORES', 5, 5, 1, 'ninguna', '2014-08-11 12:38:00', '2014-08-11 15:23:00', '2014-08-11 15:23:00', 2, 11, 113),
(1011, 'Inconvenientes con paquete office en la selección de opciones de la barra de herramientas.', 3, 1, 1, '', '2014-08-11 19:49:00', '2014-08-27 14:08:00', '2014-08-27 14:08:00', 2, 15, 96),
(1012, 'LA IMPRESORA DESTINADA PARA ESTUDIANTES EN EL PAE NO IMPRIME', 2, 2, 0, '', '2014-08-12 08:28:00', '2014-08-12 14:28:00', '2014-08-12 14:28:00', 2, 11, 94),
(1013, 'Buenas tardes, desde hace días la impresora ha estado molestando últimamente cuando se envía un bloque de impresiones desde Siigo se bloquea, adicional esta manchando las hojas como si los rodillos después del mantenimiento que le realizaron hubiesen quedado sucios, agradezco se solucione esto lo mas pronto dado que al salir mal la impresión la hoja con el código de barras no sirve dado que el lector no la toma. ', 3, 1, 1, '', '2014-08-12 15:02:00', '2014-08-13 11:27:00', '2014-08-13 11:27:00', 2, 11, 118),
(1015, 'Muy buenas tardes:   la profesora Carolina Gamba solicita se haga verificaciòn de su outlook ya que no le funciona; no abre el outlook.  En segundo lugar, solicitar se haga tambien la verificaciòn de la intranet, ya que la profesora indica que la contraseña no le deja ingresar.   Agradezco su amable colaboraciòn.   ', 1, 2, 1, 'Muy bien.  El problema fue solucionado prontamente', '2014-08-12 16:19:00', '2014-08-13 08:03:00', '2014-08-13 08:03:00', 2, 19, 156),
(1016, 'Revisión Outlook Carolina Gamba', 2, 3, 1, '', '2014-08-12 16:39:00', '2014-08-12 16:40:00', '2014-08-12 16:40:00', 2, 19, 127),
(1017, 'Instalación de Scaner Digitador', 5, 5, 1, '', '2014-08-13 07:19:00', '2014-08-13 11:14:00', '2014-08-13 11:14:00', 2, 3, 131),
(1018, 'Buen día, solicito de su colaboración para la revisión de la conexión wifi en las instalaciones de la biblioteca debido a que no permite ingresar.\n\nGracias.', 5, 2, 1, 'Gracias.', '2014-08-13 08:39:00', '2014-08-13 15:48:00', '2014-08-13 15:48:00', 2, 2, 171),
(1019, 'Buen día el día de ayer envié una solicitud sobre un inconveniente que presenta la impresora, agradezco me ayuden con este inconveniente, gracias y buen día. ', 5, 1, 1, '', '2014-08-13 10:27:00', '2014-08-13 10:49:00', '2014-08-13 10:49:00', 3, 11, 118),
(1020, 'La impresora del área de educación Continuada no esta imprimiendo arroja error deben ser reseteados los cartuchos.', 5, 2, 1, '', '2014-08-13 10:38:00', '2014-08-13 11:13:00', '2014-08-13 11:13:00', 2, 11, 180),
(1021, 'Se han recibido notificaciones por parte de compañeros que indican que las extensiones asignadas a está área aparecen como no disponibles. Por este motivo solicitamos  la colaboración para analizar el daño y recibir las llamadas de los clientes. Agradezco su atención.', 3, 1, 1, 'Atención Rápida y adecuada', '2014-08-13 11:09:00', '2014-08-13 11:41:00', '2014-08-13 11:41:00', 2, 12, 92),
(1023, 'Favor desbloquear http://192.168.0.8/webfilter/blockpage?nonce=b43d853eadeeb577&tid=11, para realizar gestiones laborales. Gracias', 5, 1, 1, '', '2014-08-13 13:15:00', '2014-08-13 13:24:00', '2014-08-13 13:24:00', 2, 2, 2),
(1024, 'Cordial saludo, amablemente solicito que el correo que tenia Johanna Mendez se una a mi correo con el fin de hacer el seguimiento de los mensajes que allí llegan como quiera que actualmente me encuentro manejando todas las actividades que ella manejaba. \nQuedo muy atenta de su colaboración. \nEddy Mora. \nExt 2003', 3, 1, 1, 'excelente \n', '2014-08-13 14:57:00', '2014-08-14 13:16:00', '2014-08-14 13:16:00', 2, 19, 181),
(1025, 'Solicito la colaboración de una persona para configurar los equipos de la sala de sistemas 1 el dia de hoy 13-08-2014 a partir de las 17:00 horas', 3, 1, 1, 'Ninguna', '2014-08-13 16:46:00', '2014-08-14 08:19:00', '2014-08-14 08:19:00', 2, 3, 91),
(1026, 'Instalación y entrega de Equipo de Asistente de Acreditación.', 2, 5, 1, '', '2014-08-14 07:50:00', '2014-08-14 09:42:00', '2014-08-14 09:42:00', 2, 3, 131),
(1029, 'buenos días, les informo que las pausas activas  no se dejan ejecutar', 5, 5, 0, '', '2014-08-14 10:09:00', '2014-08-14 11:29:00', '2014-08-14 11:29:00', 2, 5, 95),
(1030, 'Hola muy buenas tardes:  quiero reportar que mi equipo el día de hoy lo encontre sin conexion a internet motivo por el cual no tengo acceso a la sistema academico para realizar mis gestiones.    Nose si haya alguna falla que no conozca, sin embargo, solicito me puedan colaborar.    Carlos Mario PInzón Aux. Académico ext. 2005.', 5, 3, 1, 'Ninguna', '2014-08-14 14:38:00', '2014-08-14 16:24:00', '2014-08-14 16:24:00', 2, 18, 102),
(1031, 'Por favor solicito la revisión de mi equipo para que se pueda ejecutar el proceso de firma y presentación de las declaraciones tributarias ante la DIAN.', 1, 1, 1, 'se resolvió el problema pero en la siguiente ocasión tuve el mismo inconveniente', '2014-08-15 08:07:00', '2014-08-15 11:58:00', '2014-08-15 11:58:00', 2, 5, 121),
(1032, 'Buenas tardes, solicito de su colaboración para la revisión de la configuración en los equipos ubicados en la biblioteca debido a que presentan problemas en el reconocimiento de los dispositivos de voz.\n', 5, 2, 1, 'Gracias.', '2014-08-15 13:51:00', '2014-08-19 11:25:00', '2014-08-19 11:25:00', 2, 3, 171),
(1033, 'buenas tardes, solicito cambio de toner de la impresora HP pro 400 de académica puesto que estoy en impresiones de parciales primer corte ', 5, 1, 1, 'DFASGLASDJGLJALSDFGJÑLASDJTOWVGNBO', '2014-08-15 16:43:00', '2014-08-15 18:09:00', '2014-08-15 18:09:00', 2, 11, 116),
(1034, 'Daño de impresora ', 3, 5, 1, 'excelente MTTO', '2014-08-19 08:54:00', '2014-08-19 10:05:00', '2014-08-19 10:05:00', 2, 11, 158),
(1035, 'Se realizó un envío de aproximadamente 45 correos y todos rebotaron. Antes se había enviando a los mismo estudantes (danza) y funcionó bien', 5, 5, 1, 'pronta respuesta', '2014-08-19 10:08:00', '2014-08-19 11:00:00', '2014-08-19 11:00:00', 2, 18, 176),
(1036, 'Instalación de diademas nuevas en el laboratorio 1 y 2', 5, 5, 1, '', '2014-08-19 10:17:00', '2014-08-19 14:50:00', '2014-08-19 14:50:00', 2, 3, 131),
(1037, 'Buenos días, en próximos días la selección de atletismo de funcionarios se desplazara hacia la ciudad de ARMENIA, para participar en una próxima carrera y necesito ubicar sitios de hospedaje, por tal motivo solicito esta pagina desbloqueada para adelantar esta tarea = http://www.booking.com/hotel/co/finca-nuestro-sueno.es.html?aid=318615;label=New_Spanish_ES_ROW_5226342385-UoQirksoFDQSr4dJPdTdTgS46623251905%3Apl%3Ata%3Ap1%3Ap2%3Aac%3Aap1t1%3Aneg;sid=960929a20c4ce982199b0048', 5, 1, 0, '', '2014-08-19 10:27:00', '2014-08-19 11:01:00', '2014-08-19 11:01:00', 2, 5, 105),
(1038, 'Revisión y tendido de cable que falta en el sarzo en la casa Piper por motivo de cierre de paso que comunica a la casa beescraft', 5, 3, 1, '', '2014-08-19 11:12:00', '2014-08-20 10:39:00', '2014-08-20 10:39:00', 2, 17, 125),
(1039, 'Favor cambiar cartucho de la Impresora de Dirección Académica. Gracias', 3, 1, 1, '', '2014-08-19 13:54:00', '2014-08-19 17:14:00', '2014-08-19 17:14:00', 2, 11, 2),
(1040, 'Buenas tardes, nuevamente esta fallando el datáfono agradezco me colaboren con este inconveniente, Gracias.', 5, 1, 1, '', '2014-08-19 16:15:00', '2014-08-20 15:26:00', '2014-08-20 15:26:00', 2, 6, 118),
(1041, 'BUENAS TARDES \n\nEL MOUSE ESTA MOLESTADO NO FUNCIONA BIEN, SOLICITO CAMBIO ', 3, 1, 1, 'klghkgjfuyfgjhhkhk', '2014-08-20 12:55:00', '2014-08-22 11:31:00', '2014-08-22 11:31:00', 2, 5, 116),
(1042, 'Traslado de punto de red en la oficina de la Doctora Claudia Cortes', 5, 4, 1, '', '2014-08-21 14:08:00', '2014-08-21 18:28:00', '2014-08-21 18:28:00', 2, 6, 125),
(1043, 'Revisar Conexión a Red e Internet de John Suarez', 3, 2, 1, '', '2014-08-21 15:14:00', '2014-08-21 16:57:00', '2014-08-21 16:57:00', 2, 2, 127),
(1044, 'Las impresiones están saliendo con manchas (rosadas) y presenta avisos de niveles bajos de tinta ', 5, 4, 1, 'Muy bien', '2014-08-21 16:20:00', '2014-08-29 13:08:00', '2014-08-29 13:08:00', 2, 11, 176),
(1045, 'Muy buenas tardes:   para reportar que en este momento no tengo acceso a internet.   Agradezco su amable colaboraciòn.', 5, 3, 1, 'Muchas gracias por su oportuna colaboracion', '2014-08-21 16:33:00', '2014-08-21 18:31:00', '2014-08-21 18:31:00', 2, 2, 156),
(1046, 'Cambio todos los tonner impresora audiovisuales para impresiones de gerencia', 1, 1, 1, 'se realizo cambio de tonner ', '2014-08-22 10:55:00', '2014-08-22 13:59:00', '2014-08-22 13:59:00', 2, 11, 126),
(1048, 'La extensión se encuentra desviada a la 1010 y utilizando *74#, sigue aun desviada. ', 3, 5, 1, 'MUCHAS GRACIAS', '2014-08-22 11:09:00', '2014-08-25 08:16:00', '2014-08-25 08:16:00', 2, 12, 150),
(1049, 'Solicito por favor de la revisión de los equipos debido a que en el momento no tenemos internet.', 1, 4, 1, 'Gracias.', '2014-08-22 15:55:00', '2014-08-22 18:01:00', '2014-08-22 18:01:00', 2, 2, 171),
(1050, 'Mi telefono esta sin servicio', 5, 5, 1, 'Gracias por la atención prestada', '2014-08-25 08:14:00', '2014-08-25 10:01:00', '2014-08-25 10:01:00', 2, 12, 93),
(1051, 'Buenos días, solicito por favor realizar el cambio de nombres de los equipos del laboratorio 2', 5, 3, 1, '', '2014-08-25 09:18:00', '2014-08-25 12:11:00', '2014-08-25 12:11:00', 2, 5, 131),
(1052, 'ajuste equipo nueva pasante diseño y revisión red hughes2', 5, 1, 1, 'se realizo configuración equipo y revisión red wifi pero sigue intermitente. ', '2014-08-25 12:10:00', '2014-08-27 10:26:00', '2014-08-27 10:26:00', 2, 16, 126),
(1053, 'Por favor solicito de su colaboración para la revisión del equipo de la biblioteca debido a que presenta problemas al guardar archivos en excel. Es muy importante debido a que en estos archivos queda registrado la reserva de equipos de vídeo beam por parte de los docentes y  ya se ha presentado perdida de la información.', 5, 1, 1, 'Gracias.', '2014-08-25 15:24:00', '2014-08-27 07:44:00', '2014-08-27 07:44:00', 2, 15, 171),
(1054, 'Buena tarde, Solicito ayuda con la impresora, ya que se partio uno de los soportes del cable de la tinta. Gracias', 5, 4, 1, 'LA IMPRESORA QUEDO FUNCIONANDO BIEN, GRACIAS', '2014-08-25 15:41:00', '2014-08-27 11:05:00', '2014-08-27 11:05:00', 2, 11, 111),
(1055, 'Amablemente solicito a ustedes permitirme el acceso al equipo ubicado en la oficina del ICAFT  usuario: cartunduaga correspondiente a la señorita corin, lo anterior con el fin de verificar los archivos medio magnético que ella tenga guardados en el equipo. \n', 1, 3, 1, 'Muchas gracias por atender mi requerimiento.', '2014-08-26 15:40:00', '2014-08-27 07:21:00', '2014-08-27 07:21:00', 2, 5, 189),
(1056, 'Buenos dias me pueden colaborar con al recarga de tinta gracias', 2, 5, 1, '', '2014-08-27 06:27:00', '2014-08-27 09:35:00', '2014-08-27 09:35:00', 2, 11, 124),
(1057, 'Cordial saludo,\nSolicito amablemente su colaboración con la revisión de SIIGO ya que al ingresar indica el sistema que hay pendiente una actualización pero debe ser con permisos de Administrador.\nGracias.', 3, 1, 1, '', '2014-08-27 08:35:00', '2014-08-27 12:03:00', '2014-08-27 12:03:00', 2, 15, 115),
(1058, 'Configuración Impresora', 5, 1, 1, 'Cuando realicen un cambio en la impresora solicito configuren mi equipo para no tener que pedir ayuda para poder imprimir.', '2014-08-28 08:54:00', '2014-08-29 16:23:00', '2014-08-29 16:23:00', 2, 11, 91),
(1059, 'el equipo se bloqueo no me abre office', 5, 1, 1, 'HJFLUWLEIRUCDLEWHJVFCKLDSJ', '2014-08-29 08:46:00', '2014-08-30 10:01:00', '2014-08-30 10:01:00', 2, 3, 116),
(1060, 'Amablemente solicito a ustedes autorizar y gestionar la descarga de aplicativos del Ministerio de Educación Nacional en mi equipo de trabajo. Lo anterior con el fin de hacer consultas correspondientes a SNIES, SPADIES,,,etc.  Muchas gracias por su amable atención. http://spadies.mineducacion.gov.co/spadies/descarga.html\n', 5, 3, 1, 'gracias', '2014-08-29 11:38:00', '2014-08-30 09:59:00', '2014-08-30 09:59:00', 2, 18, 189),
(1061, 'Revisión y reparación de Internet de la red de laboratorios.', 1, 5, 1, '', '2014-08-29 15:20:00', '2014-08-29 16:51:00', '2014-08-29 16:51:00', 2, 2, 125),
(1062, 'impresora de gerencia aparece cian bajo y no deja realizar la impresion.', 1, 1, 1, '', '2014-09-01 08:58:00', '2014-09-01 11:06:00', '2014-09-01 11:06:00', 2, 11, 112),
(1063, 'Cordial Saludo: \n\nDe manera atenta, solicito la revisión de la impresora a color por atasco, ademas desconfiguracion de las impresoras en mi equipo. \n\nAgradezco su colaboración. ', 1, 1, 1, 'EXCELENTE ', '2014-09-01 09:10:00', '2014-09-01 10:31:00', '2014-09-01 10:31:00', 2, 11, 181),
(1064, 'Favor arreglar la linea telefónica de mi extención. gracias', 3, 1, 1, 'Gracias', '2014-09-01 09:24:00', '2014-09-01 11:32:00', '2014-09-01 11:32:00', 2, 12, 2),
(1065, 'Buen día, solicito de su colaboración para la revisión de la conexión wifi en las instalaciones de la biblioteca debido a que en este momento no permite su uso. ', 2, 2, 1, 'Gracias.', '2014-09-01 09:58:00', '2014-09-01 15:06:00', '2014-09-01 15:06:00', 2, 2, 171),
(1066, 'buenas tardes solicito la revisiòn de mi computador ya que presenta una linea de lado a lado en la pantalla..mil gracias por su colaboracion', 3, 5, 0, '', '2014-09-01 15:11:00', '2014-09-02 17:02:00', '2014-09-02 17:02:00', 2, 5, 113),
(1067, 'Muy buenas tardes:    para poner en conocimiento de ustedes que en este momento el outlook me aoarece sin conexiòn, motivo por el cual no he podido organizar los archivos entrantes en las carpetas que se encuentran creadas para tal fin.  Agradezco como siempre su amable colaboraciòn.', 1, 2, 1, 'Muchas gracias.', '2014-09-01 16:08:00', '2014-09-02 16:46:00', '2014-09-02 16:46:00', 2, 19, 156),
(1068, 'Se solicita verificación de ingreso para cámaras de seguridad. No permite el ingreso  a uno de los DVR', 5, 4, 0, '', '2014-09-02 08:11:00', '2014-09-02 09:35:00', '2014-09-02 09:35:00', 2, 9, 145),
(1069, 'Cordial saludo,\nSolicito amablemente su colaboración para revisión de impresoras de gerencia ya que no estan saliendo impresiones y el tonner esta generando imagen no legible.\nGracias.', 5, 1, 0, '', '2014-09-02 10:52:00', '2014-09-02 15:57:00', '2014-09-02 15:57:00', 2, 11, 115),
(1070, 'Amablemente solicito configuración de impresora HP ubicada en la Oficina ICAFT, lo anterior con el fin de escanear documentos a través de conexión wifi desde mi equipo.\nAgradezco su amable gestión.', 5, 3, 1, 'Gracias por su amable atención.', '2014-09-02 15:31:00', '2014-09-03 10:48:00', '2014-09-03 10:48:00', 2, 11, 189),
(1071, 'BUENAS TARDES SI FUERA POSIBLE UN CABLE DE ADAPTADOR USB YA QUE LOS PUERTOS USB DEL COMPUTADOR DELANTEROS  NO FUNCIONAN, LES AGRADEZCO SU AMABLE AYUDA', 5, 5, 0, '', '2014-09-02 15:31:00', '2014-09-09 10:47:00', '2014-09-09 10:47:00', 2, 5, 113),
(1072, 'Buenas tardes, por favor solicito de su colaboración para la revisión de la impresora puesto que presenta fallas al imprimir.\nGracias.', 2, 2, 1, 'El tiempo de espera para la respuesta fue demorado.', '2014-09-03 16:18:00', '2014-09-05 10:26:00', '2014-09-05 10:26:00', 2, 11, 171),
(1073, 'Buen día el datáfono nuevamente presenta fallas, agradezco una pronta solución, gracias. ', 5, 1, 1, '', '2014-09-04 09:37:00', '2014-09-05 09:15:00', '2014-09-05 09:15:00', 2, 5, 118),
(1074, 'Buenas tardes, solicito por favor de su colaboración para la revisión de la conexión wifi , debido a que presenta intermitencia en el servicio.\nGracias.', 1, 2, 1, 'Gracias.', '2014-09-04 15:34:00', '2014-09-05 09:04:00', '2014-09-05 09:04:00', 2, 2, 171),
(1075, 'Realizar el traslado del equipo desde la oficina de Coordinación Jurídica a Oficina de Calidad.', 5, 5, 1, '', '2014-09-05 09:17:00', '2014-09-05 13:56:00', '2014-09-05 13:56:00', 2, 18, 131),
(1076, 'Favor desbloquear pagina de cuponatic, cuponidad, groupon para realizar  gestiones laborales. Gracias.', 5, 1, 0, '', '2014-09-05 11:57:00', '2014-09-08 09:14:00', '2014-09-08 09:14:00', 2, 2, 2),
(1077, 'Impresión de baja calidad, funciona igual después de limpieza de cabezales y alineación.', 5, 2, 1, '', '2014-09-05 12:26:00', '2014-09-05 15:53:00', '2014-09-05 15:53:00', 2, 11, 96),
(1078, 'Buen día la impresora no está funcionando, solicito su colaboración para revisarla , gracias', 5, 5, 1, 'BIEN\n', '2014-09-08 08:15:00', '2014-09-08 09:40:00', '2014-09-08 09:40:00', 2, 11, 176),
(1080, 'Cambio de MAC por Equipo para desarrollador', 1, 1, 1, '', '2014-09-08 09:06:00', '2014-09-12 12:12:00', '2014-09-12 12:12:00', 2, 5, 127),
(1081, 'Buenos Días; requiero de su colaboración para revisar la impresora ya que dice que presenta un atasco de papel y por el motivo anterior no deja imprimir. Muchas Gracias por su colaboración y en espera de una respuesta.', 3, 1, 0, '', '2014-09-08 09:09:00', '2014-09-08 11:53:00', '2014-09-08 11:53:00', 2, 11, 164),
(1082, 'Buenos Días;\n\nrequiero de su amable colaboración, para realizar una revisión al equipo que se encuentra en el archivo, puesto que no esta en funcionamiento y se requiere que funcione para poder realizar actividades pendientes.\n\nMuchas Gracias, y en espera de una pronta respuesta.', 2, 1, 0, '', '2014-09-08 09:19:00', '2014-09-08 10:59:00', '2014-09-08 10:59:00', 2, 3, 164),
(1083, 'No es posible realizar impresiones en el área de Biblioteca desde el Pc del Señor Pedro Ravelo', 3, 2, 1, 'Se realizo la verificacion del caso y se configuro respectivamente.', '2014-09-08 09:36:00', '2014-09-08 10:57:00', '2014-09-08 10:57:00', 2, 11, 180),
(1084, 'Restauración contraseña correo y acceso pc para Dayanna Morales pasante diseño', 1, 5, 1, '', '2014-09-08 11:50:00', '2014-09-08 13:08:00', '2014-09-08 13:08:00', 2, 19, 126),
(1085, 'cambio equipo de Dinah luz por equipo diseño sala de audiovisuales para el día martes 09 de septiembre.. ', 1, 1, 1, 'la unidad lectora de DVD y CD no funciona Correctamente', '2014-09-08 14:40:00', '2014-09-10 07:50:00', '2014-09-10 07:50:00', 2, 5, 126),
(1086, 'Fijar Mesas salones Embraer', 1, 1, 1, '', '2014-09-08 16:59:00', '2014-09-08 17:58:00', '2014-09-08 17:58:00', 2, 5, 127),
(1087, 'Cordial saludo: De manera atenta, solicito de su colaboración para la instalación y adecuación de equipo, correo, teléfono y demás instalaciones para la señora Yesica Tatiana Ortiz Gutierrez, en la oficina que ocupaba antiguamente Angélica Puerto. \n\nQuedo atenta de cualquier cosa y agradezco su colaboración. \n\nCordialmente, \nEddy Mora ', 5, 1, 0, '', '2014-09-08 17:31:00', '2014-09-09 15:14:00', '2014-09-09 15:14:00', 2, 5, 181),
(1088, 'Configuración de Correo Sandra Morales.', 5, 5, 1, '', '2014-09-09 07:56:00', '2014-09-09 15:13:00', '2014-09-09 15:13:00', 2, 19, 131),
(1091, 'buenos días\n\nno hay hay conexión de impresoras en el área académica  ', 5, 1, 1, 'alswdjdfklajslfulASDJ', '2014-09-09 09:02:00', '2014-09-09 12:28:00', '2014-09-09 12:28:00', 2, 18, 116),
(1092, 'buenos días \n\nsolicito revisión de mi equipo, puesto que esta fallando y el office no esta en buen funcionamiento ', 5, 1, 1, 'ADLFGJLASDJFLKDJASL', '2014-09-09 09:03:00', '2014-09-09 12:28:00', '2014-09-09 12:28:00', 2, 18, 116),
(1093, 'Formatear y configurar el equipo del desarrollador', 5, 5, 1, '', '2014-09-10 07:32:00', '2014-09-10 14:27:00', '2014-09-10 14:27:00', 2, 3, 131),
(1094, 'Buen día para que me colaboren con la instalación del pdf ya que no lo tengo y lo necesito y si me pueden regalar usuario y contraseña del spark Muchas Gracias ', 5, 5, 1, 'Ninguna', '2014-09-10 07:53:00', '2014-09-10 08:14:00', '2014-09-10 08:14:00', 2, 5, 193),
(1095, 'Actualización de contactos telefonicos.', 5, 5, 1, '', '2014-09-10 08:00:00', '2014-09-16 11:49:00', '2014-09-16 11:49:00', 2, 18, 131);
INSERT INTO `supports` (`id`, `message`, `priority`, `user_priority`, `rating_status`, `comment`, `created_at`, `updated_at`, `closed_at`, `support_status_id`, `support_category_id`, `users_id`) VALUES
(1096, 'solicito de manera especial el cambio de lugar de la impresora', 5, 5, 1, 'el cambio no se ha realizado', '2014-09-10 10:01:00', '2014-09-10 14:30:00', '2014-09-10 14:30:00', 2, 11, 106),
(1097, 'SOLICITO REVISIÓN DE IMPRESORA URGENTE GRACIAS ', 1, 1, 1, '', '2014-09-10 15:44:00', '2014-09-10 16:35:00', '2014-09-10 16:35:00', 2, 18, 176),
(1098, 'Solicitud de prueba 11-09-2014', 5, 1, 1, '', '2014-09-11 10:43:00', '2014-09-11 10:45:00', '2014-09-11 10:45:00', 2, 5, 125),
(1099, 'Buenos Dias, el spark no funciona, se bloquea todo el tiempo, no me deja enviar ni recibir mensajes, anteriormente ya lo habian desinstalado y vuelto a instalar.', 4, 3, 1, 'muchas gracias ', '2014-09-11 13:30:00', '2014-09-15 15:26:00', '2014-09-15 15:26:00', 2, 5, 81),
(1100, 'Buenas tardes,\n\nsolicito su apoyo de manera urgente con un escaner por un tiempo no mayor a 2.5 horas para escanear hojas de vida de docentes para una licitación a la cual nos estamos postulando.  Muy urgente!! Muchas gracias.', 3, 1, 1, 'Gran colaboración', '2014-09-11 16:09:00', '2014-09-11 16:56:00', '2014-09-11 16:56:00', 2, 5, 88),
(1101, 'Revisión de Impresora de  Biblioteca', 5, 5, 1, '', '2014-09-11 18:13:00', '2014-09-15 12:11:00', '2014-09-15 12:11:00', 2, 18, 131),
(1102, 'Buenos días, me permito informarle que el equipo dispuesto Mac para el Área de Audiovisuales, el día martes 11 de Septiembre, presenta una dificultad en la unidad de CD (No lee CD ni DVD). Gracias por su atención', 3, 1, 0, '', '2014-09-12 10:46:00', '2014-09-18 10:54:00', '2014-09-18 10:54:00', 2, 3, 168),
(1104, 'BUEN DIA SOLICIT ENTRADA A LA BASE DE ASPIRANTES, PUES NECESITO RADICAR ', 5, 1, 1, 'MUCHAS GRACIAS\n', '2014-09-12 12:45:00', '2014-09-12 13:48:00', '2014-09-12 13:48:00', 2, 15, 110),
(1106, 'Instalación Escaner puesto PAE', 1, 1, 1, '', '2014-09-12 13:10:00', '2014-09-12 14:08:00', '2014-09-12 14:08:00', 2, 5, 127),
(1107, 'solicitud carpeta compartid comercial', 2, 5, 1, '', '2014-09-12 14:56:00', '2014-09-15 13:11:00', '2014-09-15 13:11:00', 2, 3, 112),
(1111, ' soporte de prueba nuevo formulario', 5, 5, 1, 'prueba', '2014-09-12 15:56:00', '2014-09-12 15:58:00', '2014-09-12 15:58:00', 2, 18, 174),
(1112, 'SOLICITAMOS CAMBIO TONNER IMPRESORA DPTO PUBLICIDAD ', 2, 1, 1, 'muchas gracias', '2014-09-12 17:21:00', '2014-09-15 17:43:00', '2014-09-15 17:43:00', 2, 11, 110),
(1113, 'Buena Día me pueden colaborar con la configuración del correo del Ing murcia al mio Muchas Gracias ', 5, 5, 1, 'Ninguna\n', '2014-09-13 08:15:00', '2014-09-13 11:06:00', '2014-09-13 11:06:00', 2, 19, 193),
(1114, 'DAÑO IMPRESORA (No reconoce cartuchos) ', 5, 5, 0, '', '2014-09-15 07:50:00', '2014-09-15 15:58:00', '2014-09-15 15:58:00', 2, 11, 158),
(1115, 'Buen Día Solicito por favor la configuración de correos y permisos para el computador donde estaba eddy para mi usuario. agradezco su atención prestada y pronta respuesta ', 5, 5, 1, 'NINGUNA\n', '2014-09-15 08:28:00', '2014-09-15 15:58:00', '2014-09-15 15:58:00', 2, 5, 193),
(1116, 'Organización de Oficina de Sistemas.\n', 5, 5, 1, '', '2014-09-15 10:20:00', '2014-09-15 12:13:00', '2014-09-15 12:13:00', 2, 3, 131),
(1117, 'Buen día, para solicitar la instalación del corel en el equipo de medios virtuales, junto con el nero. Cordialmente Jimmy Fonseca', 5, 1, 0, '', '2014-09-15 15:40:00', '2014-09-18 11:35:00', '2014-09-18 11:35:00', 2, 3, 168),
(1118, 'No imprime todo el documentos la fotocopiadora no esta funcionando', 5, 1, 1, '', '2014-09-15 15:49:00', '2014-09-15 16:47:00', '2014-09-15 16:47:00', 2, 11, 192),
(1119, 'Recarga de tinta para la impresora de Educación Continuada.\n', 5, 5, 1, '', '2014-09-15 16:00:00', '2014-09-15 16:01:00', '2014-09-15 16:01:00', 2, 11, 131),
(1120, 'Realizar la revisión de la red inalambrica en casa bombardier', 5, 5, 1, '', '2014-09-15 16:03:00', '2014-09-16 15:14:00', '2014-09-16 15:14:00', 2, 6, 131),
(1122, 'La Impresora requiere recarga de tinta.', 3, 1, 1, '', '2014-09-15 18:37:00', '2014-09-16 15:01:00', '2014-09-16 15:01:00', 2, 11, 96),
(1123, 'Cambio puesto de fernanda, instalación equipos', 5, 1, 1, '', '2014-09-16 07:38:00', '2014-09-16 11:45:00', '2014-09-16 11:45:00', 2, 8, 177),
(1124, 'revisión web casa hughes. ', 5, 2, 1, 'solucioado', '2014-09-16 08:38:00', '2014-09-16 11:50:00', '2014-09-16 11:50:00', 2, 6, 126),
(1125, 'Revisión del computador de Archivo', 5, 5, 1, '', '2014-09-16 09:32:00', '2014-09-16 10:11:00', '2014-09-16 10:11:00', 2, 3, 131),
(1126, 'Instalación de Software de Prueba proveedores', 5, 5, 1, '', '2014-09-16 09:33:00', '2014-09-16 15:15:00', '2014-09-16 15:15:00', 2, 18, 131),
(1127, 'Buen dia;\n\nel equipo presenta problemas con el sistema operativo, y por lo tanto no deja ingresar al sistema.\n\nquedo atenta a comentarios\n\nmuchas gracias.', 1, 1, 1, 'Gracias por su puntual atencion.', '2014-09-16 10:04:00', '2014-09-16 12:07:00', '2014-09-16 12:07:00', 2, 3, 192),
(1128, 'cambio toner cían impresora\n', 3, 1, 1, 'se cambio tonner', '2014-09-16 10:22:00', '2014-09-16 11:45:00', '2014-09-16 11:45:00', 2, 11, 126),
(1129, 'Asignar teléfono a Jhon y David.', 1, 1, 1, '', '2014-09-16 11:42:00', '2014-09-16 13:47:00', '2014-09-16 13:47:00', 2, 12, 127),
(1130, 'Información Inventario para ICAFT Solicitado por la señora Emma.', 1, 1, 1, 'ok\n', '2014-09-16 12:10:00', '2014-09-24 08:15:00', '2014-09-24 08:15:00', 2, 5, 127),
(1131, 'Instalación de Antena con Red Dirindo en Continuada.', 5, 1, 1, '', '2014-09-16 12:14:00', '2014-09-16 16:48:00', '2014-09-16 16:48:00', 2, 1, 127),
(1132, 'Buenas tardes, solicito por favor de su colaboración para la revisión de la conexión a internet en el área de la biblioteca, esto debido a que presenta intermitencia en el servicio.', 5, 4, 1, 'Gracias.', '2014-09-16 13:31:00', '2014-09-16 15:05:00', '2014-09-16 15:05:00', 2, 2, 171),
(1133, 'cuadrar los tres portatiles para la actividad de Salud Ocupacional, hace entrega con formato de prestamo a Viviana Estepa.', 5, 2, 1, '', '2014-09-16 14:06:00', '2014-09-16 17:12:00', '2014-09-16 17:12:00', 2, 5, 127),
(1135, 'Instalación de Internet casa Nueva', 1, 1, 1, '', '2014-09-16 14:44:00', '2014-09-17 10:45:00', '2014-09-17 10:45:00', 2, 2, 127),
(1136, 'Instalación de diademas en los 18 computadores del laboratorio de informática 3, y en los equipos 8,9, 14,16,17,18 .', 2, 5, 1, 'Muchas Gracias Jefferson', '2014-09-16 15:20:00', '2014-09-18 13:11:00', '2014-09-18 13:11:00', 2, 5, 131),
(1137, 'la impresora no imprime', 3, 1, 1, '', '2014-09-16 15:59:00', '2014-09-16 16:26:00', '2014-09-16 16:26:00', 2, 11, 106),
(1138, 'Limpieza de los navegadores en el equipo de Aida Hernandez', 4, 3, 1, '', '2014-09-16 16:49:00', '2014-09-16 17:26:00', '2014-09-16 17:26:00', 2, 3, 125),
(1140, 'BUEN DÍA, SOLICITO POR FAVOR INSTALAR LAS PAUSAS ACTIVAS EN MI PC Y PODER ACCEDER A LA CARPETA COMERCIAL QUE SE ENCUENTRA UBICADA EN SERVINDO. GRACIAS', 5, 4, 1, 'TODO QUEDO BIEN, GRACIAS', '2014-09-17 07:00:00', '2014-09-17 10:44:00', '2014-09-17 10:44:00', 2, 15, 111),
(1142, 'buen día para solicitar colocar una carpeta en la carpeta compartida de comercial gracias ', 5, 1, 1, 'gracias', '2014-09-17 09:15:00', '2014-09-17 10:44:00', '2014-09-17 10:44:00', 2, 6, 110),
(1143, 'Configuración de Usuario Coordinador Aulas Virtuales', 5, 5, 1, '', '2014-09-17 10:59:00', '2014-09-17 12:27:00', '2014-09-17 12:27:00', 2, 3, 131),
(1144, 'Buen día reporto que en la mañana el equipo presento fuerte ruido y olor a quemado  gracias por su ayuda', 1, 5, 0, '', '2014-09-17 12:27:00', '2014-09-17 14:57:00', '2014-09-17 14:57:00', 2, 3, 172),
(1145, 'Muy buenas tardes:    quiero reportarles que en este momento no he podido ingresar al sistema acadèmico a la pestaña de estudiantes y me aparece un aviso que indica:  "acceso incorrecto, debe estar registrado para poder acceder a esta pagina".   Agradezco amablemente su colaboraciòn para que puedan verificar y asì poder realizar mis actividades sin dificultad.   Muchas gracias.', 5, 3, 1, 'Muchas gracias.', '2014-09-17 13:57:00', '2014-09-17 15:42:00', '2014-09-17 15:42:00', 2, 3, 156),
(1146, 'Instalación de Antenas Wi-Fi, Sirkosky, Biblioteca, Continuada, Antonov.', 5, 1, 1, '', '2014-09-18 07:47:00', '2014-09-22 13:42:00', '2014-09-22 13:42:00', 2, 2, 127),
(1147, 'Instalación Rack de la casa Antonov.', 1, 1, 1, '', '2014-09-18 07:48:00', '2014-09-19 10:23:00', '2014-09-19 10:23:00', 2, 6, 127),
(1148, 'Buen Día,\n\nsolicito su colaboración para la revisión del correo corporativo por que no me funciona.\n\nmuchas gracias.', 3, 1, 1, 'Muchas Gracias por tu colaboración.', '2014-09-18 09:11:00', '2014-09-19 09:47:00', '2014-09-19 09:47:00', 2, 19, 192),
(1149, 'Buen Dia;\n\nsolicito su amable colaboracion para que me ayude con la eliminacion del usuario de Kiberly (pasante sena ya retirada)en el equipo que se asigno en el archivo, y para si es posible crearle un usuario de correo y spart para la nueva pasante de archivo, por motivos laborales para poder trabajar, y crear una carpeta compartida para fines pertinentes de archivo.\n\nMuchas Gracias, quedo atenta a comentarios.', 3, 3, 1, 'Gracias por su colaboración.', '2014-09-18 09:13:00', '2014-09-18 14:35:00', '2014-09-18 14:35:00', 2, 5, 192),
(1150, 'Requiero soporte en sistemas para un archivo especifico', 3, 1, 1, '', '2014-09-18 09:57:00', '2014-09-18 12:25:00', '2014-09-18 12:25:00', 2, 5, 177),
(1151, 'Préstamo de computador portátil de 8 am a 11 am de lunes a viernes por un mes', 5, 2, 1, '', '2014-09-18 09:58:00', '2014-09-19 10:43:00', '2014-09-19 10:43:00', 2, 3, 177),
(1152, 'POR FAVOR REVISIÓN DE LA IMPRESORA. AL ESCANEAR Y SACAR COPIAS SALE UNA LINEA NEGRA  A LO LARGO DE TODA LA HOJA. MUCHAS GRACIAS. ', 3, 2, 0, '', '2014-09-18 10:57:00', '2014-09-18 14:11:00', '2014-09-18 14:11:00', 2, 11, 150),
(1153, 'Buen día tengo un problema con el spark', 3, 2, 1, 'el problema persiste', '2014-09-18 11:41:00', '2014-09-18 14:10:00', '2014-09-18 14:10:00', 2, 5, 176),
(1154, 'Explicar a Ana Acero el uso de la combinación de correspondencia para realizar el envio de masivos.', 1, 1, 1, '', '2014-09-18 14:37:00', '2014-09-19 10:02:00', '2014-09-19 10:02:00', 2, 19, 127),
(1155, 'Buenas tardes, la impresora que me fue asignada aparece sin conexión y no me esta funcionando. Muchas gracias.', 5, 5, 1, 'Ninguna', '2014-09-18 15:28:00', '2014-09-18 15:53:00', '2014-09-18 15:53:00', 2, 11, 102),
(1156, 'Buenas Tardes;\n\nsolicito de su colaboración por que la impresora nuevamente presenta fallas, dice que no reconoce los cartuchos.\n\nMuchas Gracias.', 1, 1, 1, 'Muchas Gracias por tu colaboración.', '2014-09-18 17:44:00', '2014-09-19 09:52:00', '2014-09-19 09:52:00', 2, 11, 192),
(1157, 'buenos días \n\nsolicito colaboración con la impresora laser jet pro 400 de académica, puesto que no me esta imprimiendo ', 2, 1, 1, '', '2014-09-19 07:35:00', '2014-09-19 11:12:00', '2014-09-19 11:12:00', 2, 3, 116),
(1158, 'Verificación del computador 12 sala de informática 3.', 5, 5, 1, 'Ok, Muchas Gracias', '2014-09-19 08:16:00', '2014-09-22 16:31:00', '2014-09-22 16:31:00', 2, 3, 131),
(1159, 'no me imprime', 3, 5, 0, '', '2014-09-19 08:29:00', '2014-09-19 09:56:00', '2014-09-19 09:56:00', 2, 11, 93),
(1160, 'Buenos días \n\npresento inconvenientes con mi pc\n', 3, 1, 1, '', '2014-09-19 08:49:00', '2014-09-19 09:58:00', '2014-09-19 09:58:00', 2, 18, 116),
(1161, 'buenos días \n\nel programa asc horarios no esta funcionando agradezco su pronta colaboración ', 5, 1, 1, 'Ok\n', '2014-09-19 08:50:00', '2014-09-19 10:00:00', '2014-09-19 10:00:00', 2, 18, 116),
(1162, 'Ya van 2 ocaciones en las que el eqiupo de computo se a apagado si yo darle la instruccion; agradezco se verifique el equipo para preveer futuros daños y perdidas de informacion.', 3, 3, 0, '', '2014-09-19 10:55:00', '2014-09-23 09:13:00', '2014-09-23 09:13:00', 2, 3, 91),
(1163, 'Realizar Mantenimiento al equipo portátil de John Suarez de acuerdo a la solicitud hecha por correo el 19 de Sept. a la 10.56.', 3, 3, 1, '', '2014-09-19 11:06:00', '2014-09-22 09:50:00', '2014-09-22 09:50:00', 2, 3, 127),
(1164, 'Realizar Mantenimiento al equipo de John Suarez de acuerdo a la solicitud hecha por correo el 19 de Sept. a las 10.56 AM.', 3, 3, 1, '', '2014-09-19 11:06:00', '2014-09-22 09:49:00', '2014-09-22 09:49:00', 2, 3, 127),
(1165, 'Buena Tarde el computador no tiene sonido Gracias ', 1, 5, 1, 'Ninguna', '2014-09-19 13:49:00', '2014-09-22 14:08:00', '2014-09-22 14:08:00', 2, 23, 193),
(1166, 'Buena Tarde cuando se imprime sale un anuncio en el pc que tiene insuficiente tinta negra impresora a color de gerencia Agradezco su colaboración ', 1, 5, 1, 'Ninguna\n', '2014-09-19 13:54:00', '2014-09-22 14:09:00', '2014-09-22 14:09:00', 2, 23, 193),
(1168, 'revisar video bean del auditorio. no prendió en la mañana', 5, 5, 1, 'excelente atención\n', '2014-09-20 08:18:00', '2014-09-20 11:06:00', '2014-09-20 11:06:00', 2, 10, 155),
(1169, 'solicitud tonner cian , negro y magenta', 1, 1, 1, 'Se realizo cambio', '2014-09-20 10:57:00', '2014-09-22 09:03:00', '2014-09-22 09:03:00', 2, 11, 126),
(1170, 'Buenos Días,\n\nPor favor me colaboran con la impresora no detecta los cartuchos.\n\nGracias', 5, 1, 1, 'muchas Gracias por tu colaboración.', '2014-09-22 10:06:00', '2014-09-22 15:29:00', '2014-09-22 15:29:00', 2, 11, 192),
(1171, 'Revisión de equipo de Wilson Hernandez', 5, 5, 1, 'Gracias.', '2014-09-22 14:10:00', '2014-09-23 11:47:00', '2014-09-23 11:47:00', 2, 3, 131),
(1172, 'Solicito su amable colaboración para realizar el inventario de Toners.\nGracias.', 5, 5, 1, 'Muchas gracias ', '2014-09-22 14:27:00', '2014-09-23 09:05:00', '2014-09-23 09:05:00', 2, 5, 131),
(1173, 'ingreso a la pagina dxe aspirantes ', 5, 5, 0, '', '2014-09-23 14:44:00', '2014-09-24 08:40:00', '2014-09-24 08:40:00', 2, 2, 112),
(1174, 'Buenos Días;\n\nsolicito tu colaboración, por que a la impresora se le acabo la tinta.\n\nMuchas Gracias.', 3, 1, 1, 'Muchas Gracias por tu Colaboración.', '2014-09-24 07:38:00', '2014-09-24 10:01:00', '2014-09-24 10:01:00', 2, 11, 192),
(1175, 'cambiar AP casas Sirkosky1 - 2 , Biblioteca, Antonov1-2, ', 2, 3, 1, 'ok\n', '2014-09-24 08:01:00', '2014-09-24 09:06:00', '2014-09-24 09:06:00', 2, 16, 127),
(1176, 'Cambio del teclado PC N°1 Sala de Profesores', 5, 5, 1, '', '2014-09-24 10:40:00', '2014-09-24 13:08:00', '2014-09-24 13:08:00', 2, 5, 180),
(1177, 'Verificacion, Arreglo del cableado y canaletas en salones de casa Embraer', 5, 5, 1, 'Ninguna\n', '2014-09-24 10:41:00', '2014-09-25 13:32:00', '2014-09-25 13:32:00', 2, 5, 180),
(1178, 'la impresora genera error en la tinta es como si no tuviera', 5, 1, 1, 'ok\n', '2014-09-24 11:08:00', '2014-09-24 11:15:00', '2014-09-24 11:15:00', 2, 11, 106),
(1179, 'Por favor solicito la configuración de escaner en red Gracias ', 5, 5, 1, 'Ninguna', '2014-09-24 11:11:00', '2014-09-24 11:24:00', '2014-09-24 11:24:00', 2, 5, 193),
(1181, 'Mantenimiento spark - Se bloquea spark al tratar de hablar con la Sra. Alba. Por favor tan pronto se realice el mantenimiento enviar diagnostico a la Jefe Angela.', 2, 1, 0, '', '2014-09-25 07:12:00', '2014-10-06 12:26:00', '2014-10-06 12:26:00', 2, 15, 123),
(1182, 'Buenos días solicito su apoyo porque parece que el equipo de computo  de la coordinación de Bienestar tiene un virus. Agardezco su amable atención. Además persiste el problema con el spark', 3, 1, 1, 'OK\n', '2014-09-25 08:06:00', '2014-09-26 11:16:00', '2014-09-26 11:16:00', 2, 7, 176),
(1183, 'Buenos dias, solicito su amable colaboracion verificando que esta pasando con el computador de Tesoreria,  debido a que esta muy lento,  se abren mas de 3 archivos y dice que la memoria es  insuficiente. Por otro lado el dia de hoy abri un archivo que contenia informacion maliciosa me gustaria que revisaron el equipo pues manejo claves de bancos que pueden se copiadas ', 5, 5, 0, '', '2014-09-25 08:42:00', '2014-09-25 15:50:00', '2014-09-25 15:50:00', 2, 3, 119),
(1184, 'por favor direccionar la extención de la Doctora Claudia Cortes con la extención de Viviana Ortíz. gracias', 3, 5, 0, '', '2014-09-25 13:09:00', '2014-09-25 15:40:00', '2014-09-25 15:40:00', 2, 12, 155),
(1185, 'Muy buenas tardes:   de acuerdo ala instrucciòn del Ingeniero Daniel Zarate reporto que al parecer mi computador tiene virus.   El dìa de ayer reporte al ing. que al abrir la pàgina, por ejemplo, del espectador, en las fotos de la noticia me aparecìa la imagen de un estudiante.    Agradezco su amable colaboraciòn.', 5, 4, 1, 'Agradezco mucho su amable colaboraciòn.', '2014-09-25 13:51:00', '2014-09-26 16:28:00', '2014-09-26 16:28:00', 2, 23, 156),
(1186, 'Buenos Días;\n\nsolicito su colaboración por que la impresora dice que no reconoce los cartuchos.\n\nMuchas Gracias.', 3, 1, 1, 'Muchas Gracias.', '2014-09-26 08:07:00', '2014-09-26 09:37:00', '2014-09-26 09:37:00', 2, 11, 192),
(1187, 'Buenos días, solicito amablemente el cambio del mouse, puesto que los botones no estan funcionando bien, ademas se prende y apaga. Muchas gracias.', 5, 5, 1, 'Ninguna', '2014-09-26 08:37:00', '2014-09-26 10:55:00', '2014-09-26 10:55:00', 2, 3, 102),
(1188, 'solicitu abrir configurar pagina en mozila para que quede prederminada ', 5, 1, 1, '', '2014-09-26 10:40:00', '2014-09-26 13:48:00', '2014-09-26 13:48:00', 2, 2, 110),
(1189, 'Muy buenos dìas:   solicito me puedan colaborar ya que tengo que imprimir los parciales de los profesores, pero no me funciona la impresora.  Solicito su amable colaboraciòn.', 5, 3, 1, 'Muchas gracias.   Muy oportuna la colaboraciòn', '2014-09-27 10:01:00', '2014-09-29 10:11:00', '2014-09-29 10:11:00', 2, 23, 156),
(1190, 'buenos días, la impresora no esta funcionando bien, agradezco mucho su colaboración.', 5, 5, 1, 'Ninguna', '2014-09-27 10:16:00', '2014-09-27 11:59:00', '2014-09-27 11:59:00', 2, 11, 102),
(1191, 'Buenos días amablemente solicito asistencia técnica por fallas en mi cuenta de correo electrónico lcardenas@icaft.edu.co presentando como respuesta el siguiente texto :\n\nAlgunos de los destinatarios no recibieron su mensaje.\n\n      Asunto:	prueba!!\n      Enviado el:	29/09/2014 07:10 a.m.\n\nNo se puede localizar a los destinatarios siguientes:\n\n      chernandez@indoamericana.edu.co en 29/09/2014 07:10 a.m.\n            503 Valid RCPT command must precede DATA\n\n', 5, 3, 0, '', '2014-09-29 07:27:00', '2014-10-01 10:35:00', '2014-10-01 10:35:00', 2, 19, 189),
(1192, 'Buenos dias, solicito a ustedes me sean colaborando habilitando la impresora a color que se encuentra en el segundo piso de esta sede puesto que cada vez que asisto a ferias universitarias debo presentar un informe junto con un registro fotografico el cual debe ir a color, por tal motivo solicito me sean colaborando. ', 5, 1, 1, '4 Horas despues se dio respuesta al caso, y se habilito otra impresora.', '2014-09-29 09:24:00', '2014-09-29 14:17:00', '2014-09-29 14:17:00', 2, 11, 114),
(1194, 'dsasdsa', 5, 5, 1, 'dfgdfg', '2014-09-29 12:07:00', '2014-09-29 12:08:00', '2014-09-29 12:08:00', 2, 23, 131),
(1195, 'dfgfdggfdg', 5, 5, 1, 'caso prueba', '2014-09-29 12:08:00', '2014-09-29 12:55:00', '2014-09-29 12:55:00', 2, 23, 131),
(1196, 'Buenas tardes , solicito de su colaboración para la revisión del equipo número 4 ubicado en la biblioteca debido a que presenta problemas y no deja iniciar sesión.', 3, 1, 1, 'Gracias.', '2014-09-29 15:27:00', '2014-09-30 11:40:00', '2014-09-30 11:40:00', 2, 15, 171),
(1197, 'Solicito instalación de Access, por al menos una semana de prueba.', 5, 2, 0, '', '2014-09-29 16:57:00', '2014-09-30 11:38:00', '2014-09-30 11:38:00', 2, 15, 96),
(1198, 'Buenos días, hace Falta tinta negra en la impresora de Educación Continuada, se requiere de manera urgente la recarga pues se necesitan imprimir certificados y diplomas. Agradezco su pronta colaboración.', 5, 1, 0, '', '2014-09-30 07:33:00', '2014-09-30 11:33:00', '2014-09-30 11:33:00', 2, 11, 88),
(1199, 'Revisar el Teléfono de Juan David', 5, 1, 1, '', '2014-09-30 14:01:00', '2014-09-30 14:06:00', '2014-09-30 14:06:00', 2, 12, 127),
(1200, 'soporte salon 20 - Navegacion a internet', 1, 1, 1, '', '2014-09-30 14:02:00', '2014-09-30 14:05:00', '2014-09-30 14:05:00', 2, 2, 127),
(1201, 'Revisión PC Biblioteca, Licencia de Windows', 5, 2, 1, '', '2014-09-30 14:03:00', '2014-10-01 07:10:00', '2014-10-01 07:10:00', 2, 7, 127),
(1202, 'Soporte a PC de Laboratorio dos', 5, 1, 1, '', '2014-09-30 14:04:00', '2014-09-30 14:09:00', '2014-09-30 14:09:00', 2, 7, 127),
(1203, 'Impresora fallando, tambor no responde, no imprime', 5, 1, 1, 'OK\n', '2014-09-30 15:21:00', '2014-09-30 15:27:00', '2014-09-30 15:27:00', 2, 11, 176),
(1205, 'Corregir enfoque PTZ - se desenfocaron después del apagón de CODENSA', 5, 1, 1, '', '2014-10-01 06:42:00', '2014-10-01 08:42:00', '2014-10-01 08:42:00', 2, 9, 127),
(1206, 'Configurar cuenta ICAFT en el equipo de la Doctora Alba', 1, 1, 1, '', '2014-10-01 07:08:00', '2014-10-01 15:38:00', '2014-10-01 15:38:00', 2, 19, 127),
(1207, 'Buenos Días;\n\nAgradezco su amable colaboración para la revisión de la impresora, pues nuevamente dice que no reconoce los cartuchos.\n\nMuchas Gracias.', 2, 2, 1, 'Muchas Gracias por tu colaboración.', '2014-10-01 07:49:00', '2014-10-02 07:51:00', '2014-10-02 07:51:00', 2, 11, 192),
(1208, 'Revisar inconvenientes en el laboratorio Uno de acuerdo a l correo enviado hoy 01 de Octubre a las 08:56 AM.', 1, 1, 1, '', '2014-10-01 08:57:00', '2014-10-01 11:12:00', '2014-10-01 11:12:00', 2, 7, 127),
(1209, 'Buenas Tardes, de acuerdo a lo conversado con Alexander  González, frente a la posibilidad de adquirir un monitor de mayores dimensiones que el actual, deseo solicitar un monitor de 24 pulgadas. agradezco su ayuda; Cordialmente, Wilson Arley Sánchez, Coordinador de Aulas Virtuales.', 5, 2, 0, '', '2014-10-01 13:58:00', '2014-10-03 07:33:00', '2014-10-03 07:33:00', 2, 3, 195),
(1210, 'Buenos días, solicito de su colaboración para la revisión del equipo  # 2 ubicado en la biblioteca debido a que presenta problemas con el acceso a internet y los iconos ubicados en el escritorio.', 5, 2, 0, '', '2014-10-01 15:34:00', '2014-10-14 15:30:16', '2014-10-01 19:12:00', 2, 2, 171),
(1211, 'Buen día solicito su colaboración para enviar un documento PDF  como parte de un correo masivo, gracias', 3, 1, 0, '', '2014-10-02 07:26:00', '2014-10-02 09:18:00', '2014-10-02 09:18:00', 2, 5, 176),
(1212, 'Revisar Equipo de Laboratorio dos - Office de Acuerdo al Reporte enviado hoy jueves en la mañana', 2, 2, 1, 'ok', '2014-10-02 08:15:00', '2014-10-07 09:00:00', '2014-10-07 09:00:00', 2, 7, 127),
(1213, 'Solucionar inconvenientes de Vídeo con el Pc 10 del lab 1 reportado por el Ing. Daniel Zarate', 5, 5, 1, 'ok\n', '2014-10-02 09:48:00', '2014-10-02 14:01:00', '2014-10-02 14:01:00', 2, 5, 180),
(1214, 'Agregar los equipos de educación continuada a la red inalambrica dirindo.', 5, 5, 1, '', '2014-10-02 10:18:00', '2014-10-02 16:38:00', '2014-10-02 16:38:00', 2, 23, 131),
(1215, 'Configurar el vídeo beam del salon 16 de casa embraer', 5, 5, 1, '', '2014-10-02 10:18:00', '2014-10-02 15:17:00', '2014-10-02 15:17:00', 2, 23, 131),
(1216, 'Solicito el favor de revisar mi PC ya que yo realizo la personalización de los iconos de las carpetas para mi organización, y esta opción ya no la tengo disponible.', 5, 5, 0, '', '2014-10-02 10:37:00', '2014-10-15 12:31:02', '2014-10-03 11:31:00', 2, 3, 153),
(1217, 'Configurar Maquina para secretaria del Señor Ravelo, Confirmar Con Cristian esta tarea', 1, 1, 1, '', '2014-10-02 10:44:00', '2014-10-06 08:33:00', '2014-10-06 08:33:00', 2, 3, 127),
(1218, 'la impresora presenta inconvenientes de tienta al imprimir ', 3, 1, 0, '', '2014-10-02 11:41:00', '2014-10-02 14:12:00', '2014-10-02 14:12:00', 2, 11, 106),
(1219, 'Cambiar Cable HDMI Salon 17', 1, 1, 1, '', '2014-10-02 15:17:00', '2014-10-02 15:27:00', '2014-10-02 15:27:00', 2, 5, 127),
(1220, 'POR FAVOR SOLICITO EL CAMBIO DE TONER DE LA IMPRESORA DE LA DIRECCIÓN CONTABLE', 2, 1, 0, '', '2014-10-02 16:10:00', '2014-10-02 16:54:00', '2014-10-02 16:54:00', 2, 11, 121),
(1221, 'Revisión del equipo del Ingeniero Arley Rivera, limpieza de los navegadores y revision del antivirus.', 3, 1, 1, '', '2014-10-02 18:20:00', '2014-10-03 18:59:00', '2014-10-03 18:59:00', 2, 3, 125),
(1222, 'Instalar Impresoras a Claudia Quiñones, Señor Ravelo y Archivo, las que retire marcarlasy traerlas al taller.', 2, 2, 1, 'ok', '2014-10-03 06:46:00', '2014-10-07 12:01:00', '2014-10-07 12:01:00', 2, 11, 127),
(1223, 'Buen día necesito por favor que revisen la conexión WIFI URGENTE para poder comunicarnos con el Ing Gracias ', 1, 5, 1, 'Ninguna', '2014-10-03 08:55:00', '2014-10-06 06:46:00', '2014-10-06 06:46:00', 2, 24, 193),
(1226, 'Solicitud de prueba:C xD XDXDXD', 4, 1, 1, 'ok no hay lio', '2014-10-03 10:56:00', '2014-10-03 11:13:00', '2014-10-03 11:13:00', 2, 24, 125),
(1227, 'Solicito apoyo para enviar un correo con peso superior a 15 mb.', 5, 2, 0, '', '2014-10-03 11:25:00', '2014-10-03 19:02:00', '2014-10-03 19:02:00', 2, 19, 92),
(1228, 'Muy buenas tardes:    solicito amablemente al departamento de sistemas, cambio del teclado de mi computador, ya que presenta dos inconvenientes principalmente:   por una parte las letras de algunas teclas ya no se ven y por otra, la tecla correspondiente al No. 1 y la de su izquierda se encuentran dañadas, entonces al oprimirlas se quedan pegadas.    Agradezco como siempre su amable colaboraciòn.   Quedo atento en caso de que el requerimiento se haga de otra manera.', 5, 5, 1, 'Muchas gracias.   Efectivamente se efectùo el cambio del teclado y quedo en perfectas condiciones de funcionamiento.', '2014-10-03 15:20:00', '2014-10-03 18:14:00', '2014-10-03 18:14:00', 2, 25, 156),
(1229, 'Buen Día por favor me podría cambiar el numero de extenciòn en el spark y en la intranet ya que el numero de extencion que estoy usando es la 2003 Gracias ', 5, 5, 1, 'Ninguna', '2014-10-06 07:53:00', '2014-10-06 10:02:00', '2014-10-06 10:02:00', 2, 23, 193),
(1230, 'Buen Día;\n\nSolicito su amable colaboración con el préstamo de un portátil.\n\nMuchas Gracias', 5, 5, 0, '', '2014-10-06 08:16:00', '2014-10-06 12:02:00', '2014-10-06 12:02:00', 2, 3, 192),
(1231, 'Instalar Camtasia, correo de soporteaulasvirtuales, skype en el equipo de Wilson sanchez', 1, 1, 1, '', '2014-10-06 10:08:00', '2014-10-06 12:24:00', '2014-10-06 12:24:00', 2, 5, 127),
(1442, 'soporte de prueba!', 5, 5, 1, 'rt', '2014-10-22 14:37:32', '2014-10-22 14:48:01', NULL, 2, 1, 132),
(1443, 'otro soporte de prueba!! internet', 4, 5, 1, 'ok', '2014-10-22 14:55:06', '2014-10-22 15:19:48', NULL, 2, 2, 132),
(1444, 'otro nuevo soporte de prueba!', 3, 5, 1, 'hola!!', '2014-10-22 15:20:43', '2014-10-22 15:37:56', NULL, 3, 2, 132),
(1445, 'hola111', 4, 4, 1, 'ok', '2014-10-22 15:38:59', '2014-10-22 15:42:15', NULL, 6, 2, 132),
(1446, 'creada!!', 5, 5, 1, 'calificada!!', '2014-10-22 15:44:21', '2014-10-22 15:52:54', NULL, 6, 5, 132),
(1447, 'soporte internet!!', 3, 3, 1, 'calificado!!', '2014-10-22 15:53:42', '2014-10-22 15:54:15', NULL, 6, 2, 132),
(1448, 'soporte de prueba otra vezz!! internet', 4, 4, 1, 'ok', '2014-10-22 15:55:09', '2014-10-22 15:56:26', NULL, 6, 2, 132),
(1449, 'soporte de prueba internet!', 4, 4, 1, 'prueba!!', '2014-10-22 15:57:45', '2014-10-22 16:00:12', NULL, 6, 2, 132),
(1450, 'prueba otra vez !!! internet', 4, 4, 1, 'ij', '2014-10-22 16:01:19', '2014-10-22 16:03:47', NULL, 6, 2, 132),
(1451, 'hola!!!! prueba internet', 3, 3, 1, 'ok', '2014-10-22 16:04:38', '2014-10-22 16:05:07', NULL, 6, 2, 132),
(1452, 'prueba otra vezz!!!', 5, 5, 1, 'no, mal servicio.', '2014-10-22 16:05:35', '2014-10-22 16:09:29', NULL, 3, 1, 132),
(1453, 'Solicito su apoyo para recuperar correos perdidos', 3, 3, 0, NULL, '2014-10-23 14:30:53', '2014-10-24 08:27:07', NULL, 2, 19, 127),
(1454, 'Solicito colaboración de carácter urgente para eliminar un virus que tiene mi pc puesto con una usb de un docente  - John Suarez', 3, 3, 0, NULL, '2014-10-23 14:37:29', '2014-10-23 14:37:29', NULL, 1, 27, 127),
(1455, 'soporte de prueba!!', 3, 5, 0, NULL, '2014-10-24 10:18:32', '2014-10-24 11:59:21', NULL, 4, 18, 174),
(1456, 'Duis aute irure dolor', 5, 5, 1, 'obervaciones..', '2014-10-24 11:24:56', '2014-10-24 11:25:24', NULL, 6, 20, 132),
(1457, 'prueba de', 4, 4, 1, 'bien', '2014-10-24 11:27:41', '2014-10-24 11:36:08', NULL, 6, 11, 132),
(1458, 'prueba', 4, 4, 0, NULL, '2014-10-24 14:04:47', '2014-10-24 14:04:47', NULL, 1, 2, 194);

--
-- Disparadores `supports`
--
DELIMITER //
CREATE TRIGGER `newSupportTrace` AFTER INSERT ON `supports`
 FOR EACH ROW BEGIN
	INSERT INTO `indoamericana`.`support_traces` (`supports_id`, `observation`, `scale`, `created_at`, `updated_at`, `modified`, `user_id`)
	 VALUES (new.id, 'Su solicitud aún no tiene un técnico asignado', '0', NULL, NULL, NULL, NULL);
END
//
DELIMITER ;

-- --------------------------------------------------------

--
-- Estructura de tabla para la tabla `support_categories`
--

CREATE TABLE IF NOT EXISTS `support_categories` (
`id` int(11) NOT NULL,
  `name` varchar(70) NOT NULL,
  `description` text NOT NULL,
  `status` int(11) NOT NULL,
  `created_at` datetime DEFAULT NULL,
  `updated_at` datetime DEFAULT NULL
) ENGINE=InnoDB  DEFAULT CHARSET=utf8 AUTO_INCREMENT=28 ;

--
-- Volcado de datos para la tabla `support_categories`
--

INSERT INTO `support_categories` (`id`, `name`, `description`, `status`, `created_at`, `updated_at`) VALUES
(1, 'Intranet', 'Soporte técnico respecto a cambios en la intranet de la Corporación.', 1, '2013-12-24 06:17:18', '2014-03-13 15:24:03'),
(2, 'Internet', 'Soporte técnico para verificar y solucionar fallos con el servicio de internet.', 1, '2013-12-24 06:27:25', '2014-03-13 15:24:18'),
(3, 'Equipo', 'Soporte técnico para problemas genéricos con equipos de computo.', 1, '2013-12-24 06:18:19', '2014-03-13 15:24:26'),
(5, 'Otros', '  Engloba los casos que no se puedan agrupar en las demás categorías.', 1, '2014-01-29 21:48:36', '2014-03-13 15:24:36'),
(6, 'Red', 'redes', 1, '2014-01-31 15:16:01', '2014-03-13 15:24:45'),
(7, 'Mantenimiento', 'Mantenimiento de equipos', 1, '2014-02-18 12:55:00', NULL),
(8, 'Tarea', 'Tarea, es más larga que un soporte', 0, '2014-02-20 04:00:00', '2014-09-18 05:05:07'),
(9, 'Camaras (DVR)', 'Descarga de Grabaciones del DVR - Revisión de Camaras', 1, '2014-03-13 15:22:29', '2014-03-17 08:38:19'),
(10, 'Edición Video', 'Creación y edición de Vídeos Informativos - Institucionales ', 1, '2014-03-17 08:37:43', NULL),
(11, 'Impresora', 'Soporte, Cambio de Tonner', 1, '2014-03-18 08:42:00', NULL),
(12, 'Telefonos', 'Soporte Hardware - Configuración - Directorio', 1, '2014-03-18 11:31:23', '2014-03-18 11:32:12'),
(13, 'Elastix', 'Configuración - Backup', 1, '2014-03-18 11:31:49', NULL),
(14, 'Inventario', 'Inventarios', 1, '2014-03-18 11:33:51', NULL),
(15, 'Software', 'Instalación - Pruebas - Licencias', 1, '2014-03-20 07:43:27', NULL),
(16, 'WI-FI (Internet)', 'Navegación - Conexion', 1, '2014-03-21 10:08:41', NULL),
(17, 'Cableado', 'Revisión de Puntos', 1, '2014-03-26 08:53:53', NULL),
(18, 'Backup', 'Creacion y Recuperacion', 1, '2014-03-26 15:05:16', NULL),
(19, 'Correo', 'Configuración y Backup', 1, '2014-03-31 14:10:02', NULL),
(20, 'FAX', '', 1, '2014-06-18 17:06:46', NULL),
(21, 'Secullum', 'Configuración - Usuarios', 0, '2014-07-01 15:45:57', '2014-10-01 01:43:12'),
(22, 'Secullum', 'Configuración - Usuarios', 1, '2014-07-01 15:45:57', NULL),
(23, 'PC-Portatil', 'Mantenimiento PC-Portatil', 1, '2014-09-19 11:08:11', NULL),
(24, 'WI-FI', 'Señal, Antenas, ', 0, '2014-09-24 08:02:49', '2014-10-01 01:44:23'),
(25, 'mantenimiento', 'Repetida', 0, '2014-09-30 14:04:13', '2014-09-30 09:05:45'),
(26, 'Camaras ', 'Configuración, Videos de Seguridad', 0, '2014-10-01 06:43:47', '2014-10-01 01:44:12'),
(27, 'Antivirus', 'Antivirus', 1, '2014-10-23 00:00:00', '2014-10-23 00:00:00');

-- --------------------------------------------------------

--
-- Estructura de tabla para la tabla `support_faqs`
--

CREATE TABLE IF NOT EXISTS `support_faqs` (
`id` int(11) NOT NULL,
  `title` varchar(300) DEFAULT NULL,
  `text` text,
  `support_category_id` int(11) NOT NULL
) ENGINE=InnoDB  DEFAULT CHARSET=latin1 AUTO_INCREMENT=4 ;

--
-- Volcado de datos para la tabla `support_faqs`
--

INSERT INTO `support_faqs` (`id`, `title`, `text`, `support_category_id`) VALUES
(1, 'No puedo acceder a ningún servicio de red en internet (correo electrónico, navegación web, etc)', 'Inicialmente, compruebe que realmente no funcione ningún servicio de red para descartar que se trate de un problema puntual de un determinado servicio (correo electrónico, web, etc):Compruebe que no puede navegar por Internet Compruebe que no puede recibir ni enviar correo electrónico Compruebe cualquier otro servicio de red que utilice habitualmente COMPROBACIONES A NIVEL FÍSICO¿La tarjeta de red hace enlace? Observe la conexión de red de su PC (en la parte trasera de la torre) y compruebe que el indicador verde de enlace (link) esté encendido en su tarjeta de red y probablemente parpadeando:SI: continúe con el siguiente paso.NO: compruebe el cable de red, sustituyéndolo si es necesario por el de un compañero. Compruebe que el cable de red está firmemente conectado tanto a la toma de pared como a la conexión de la tarjeta de red del PC. Observe si la conexión está algo floja o la clavijas del cable de red no hacen click al conectarlas en alguno de los extremos.Si tras comprobar el cable aún no se enciende el indicador de la tarjeta envíe la siguiente solicitud al Servicio de Informática, desde el equipo de algún compañero, indicando claramente el número de la toma de red de pared en la que se encuentra conectado el PC internet.', 2),
(2, 'faq de prueba', 'faq de prueba', 1),
(3, 'otro de prueba!!', 'Lorem ipsum dolor sit amet, consectetur adipisicing elit, sed do eiusmod\r\ntempor incididunt ut labore et dolore magna aliqua. Ut enim ad minim veniam,\r\nquis nostrud exercitation ullamco laboris nisi ut aliquip ex ea commodo\r\nconsequat. Duis aute irure dolor in reprehenderit in voluptate velit esse\r\ncillum dolore eu fugiat nulla pariatur. Excepteur sint occaecat cupidatat non\r\nproident, sunt in culpa qui officia deserunt mollit anim id est laborum.', 1);

-- --------------------------------------------------------

--
-- Estructura de tabla para la tabla `support_questions`
--

CREATE TABLE IF NOT EXISTS `support_questions` (
`id` int(11) NOT NULL,
  `description` varchar(255) NOT NULL,
  `form` varchar(45) NOT NULL
) ENGINE=InnoDB  DEFAULT CHARSET=utf8 AUTO_INCREMENT=4 ;

--
-- Volcado de datos para la tabla `support_questions`
--

INSERT INTO `support_questions` (`id`, `description`, `form`) VALUES
(1, '¿El técnico fue amable en la atención de la solicitud?', 'form_rating'),
(2, '¿El tiempo de respuesta fue coherente con el tipo de problema?', 'form_rating'),
(3, '¿El problema quedo perfectamente resuelto?', 'form_rating');

-- --------------------------------------------------------

--
-- Estructura de tabla para la tabla `support_ratings`
--

CREATE TABLE IF NOT EXISTS `support_ratings` (
  `support_id` int(11) NOT NULL,
`id` int(11) NOT NULL,
  `support_question_id` int(11) NOT NULL,
  `value` int(11) NOT NULL
) ENGINE=InnoDB  DEFAULT CHARSET=utf8 AUTO_INCREMENT=5917 ;

--
-- Volcado de datos para la tabla `support_ratings`
--

INSERT INTO `support_ratings` (`support_id`, `id`, `support_question_id`, `value`) VALUES
(60, 1, 1, 5),
(60, 2, 2, 5),
(60, 3, 3, 5),
(63, 4, 1, 5),
(63, 5, 2, 5),
(63, 6, 3, 5),
(64, 7, 1, 5),
(64, 8, 2, 5),
(64, 9, 3, 5),
(70, 10, 1, 5),
(70, 11, 2, 5),
(70, 12, 3, 5),
(78, 13, 1, 4),
(78, 14, 2, 4),
(78, 15, 3, 4),
(80, 16, 1, 5),
(80, 17, 2, 5),
(80, 18, 3, 5),
(83, 19, 1, 5),
(83, 20, 2, 5),
(83, 21, 3, 5),
(84, 22, 1, 4),
(84, 23, 2, 1),
(84, 24, 3, 1),
(85, 25, 1, 5),
(85, 26, 2, 3),
(85, 27, 3, 5),
(86, 28, 1, 4),
(86, 29, 2, 3),
(86, 30, 3, 4),
(87, 31, 1, 5),
(87, 32, 2, 5),
(87, 33, 3, 5),
(89, 34, 1, 5),
(89, 35, 2, 5),
(89, 36, 3, 5),
(90, 37, 1, 5),
(90, 38, 2, 5),
(90, 39, 3, 5),
(92, 40, 1, 5),
(92, 41, 2, 5),
(92, 42, 3, 5),
(93, 43, 1, 5),
(93, 44, 2, 5),
(93, 45, 3, 5),
(94, 46, 1, 5),
(94, 47, 2, 4),
(94, 48, 3, 3),
(95, 49, 1, 5),
(95, 50, 2, 5),
(95, 51, 3, 5),
(96, 52, 1, 4),
(96, 53, 2, 4),
(96, 54, 3, 4),
(97, 55, 1, 4),
(97, 56, 2, 4),
(97, 57, 3, 4),
(98, 58, 1, 5),
(98, 59, 2, 5),
(98, 60, 3, 5),
(99, 61, 1, 5),
(99, 62, 2, 5),
(99, 63, 3, 5),
(100, 64, 1, 5),
(100, 65, 2, 5),
(100, 66, 3, 5),
(101, 67, 1, 5),
(101, 68, 2, 5),
(101, 69, 3, 5),
(103, 70, 1, 5),
(103, 71, 2, 5),
(103, 72, 3, 5),
(104, 73, 1, 5),
(104, 74, 2, 5),
(104, 75, 3, 5),
(105, 76, 1, 5),
(105, 77, 2, 5),
(105, 78, 3, 5),
(106, 79, 1, 5),
(106, 80, 2, 5),
(106, 81, 3, 5),
(107, 82, 1, 5),
(107, 83, 2, 5),
(107, 84, 3, 5),
(108, 85, 1, 5),
(108, 86, 2, 5),
(108, 87, 3, 5),
(109, 88, 1, 5),
(109, 89, 2, 5),
(109, 90, 3, 5),
(110, 91, 1, 5),
(110, 92, 2, 5),
(110, 93, 3, 5),
(111, 94, 1, 5),
(111, 95, 2, 5),
(111, 96, 3, 5),
(113, 97, 1, 3),
(113, 98, 2, 3),
(113, 99, 3, 4),
(114, 100, 1, 5),
(114, 101, 2, 5),
(114, 102, 3, 5),
(116, 103, 1, 5),
(116, 104, 2, 5),
(116, 105, 3, 5),
(117, 106, 1, 5),
(117, 107, 2, 5),
(117, 108, 3, 5),
(118, 109, 1, 5),
(118, 110, 2, 5),
(118, 111, 3, 5),
(119, 112, 1, 5),
(119, 113, 2, 5),
(119, 114, 3, 5),
(120, 115, 1, 5),
(120, 116, 2, 5),
(120, 117, 3, 5),
(122, 118, 1, 5),
(122, 119, 2, 5),
(122, 120, 3, 5),
(129, 121, 1, 5),
(129, 122, 2, 5),
(129, 123, 3, 5),
(131, 124, 1, 5),
(131, 125, 2, 5),
(131, 126, 3, 5),
(132, 127, 1, 5),
(132, 128, 2, 5),
(132, 129, 3, 5),
(134, 130, 1, 5),
(134, 131, 2, 5),
(134, 132, 3, 5),
(135, 133, 1, 5),
(135, 134, 2, 5),
(135, 135, 3, 5),
(136, 136, 1, 5),
(136, 137, 2, 5),
(136, 138, 3, 5),
(137, 139, 1, 5),
(137, 140, 2, 5),
(137, 141, 3, 5),
(139, 142, 1, 5),
(139, 143, 2, 5),
(139, 144, 3, 5),
(140, 145, 1, 5),
(140, 146, 2, 4),
(140, 147, 3, 4),
(141, 148, 1, 5),
(141, 149, 2, 5),
(141, 150, 3, 5),
(142, 151, 1, 5),
(142, 152, 2, 5),
(142, 153, 3, 5),
(143, 154, 1, 5),
(143, 155, 2, 5),
(143, 156, 3, 5),
(144, 157, 1, 4),
(144, 158, 2, 4),
(144, 159, 3, 4),
(145, 160, 1, 5),
(145, 161, 2, 5),
(145, 162, 3, 5),
(146, 163, 1, 5),
(146, 164, 2, 5),
(146, 165, 3, 5),
(147, 166, 1, 5),
(147, 167, 2, 5),
(147, 168, 3, 5),
(148, 169, 1, 5),
(148, 170, 2, 5),
(148, 171, 3, 5),
(149, 172, 1, 4),
(149, 173, 2, 4),
(149, 174, 3, 4),
(150, 175, 1, 5),
(150, 176, 2, 5),
(150, 177, 3, 5),
(151, 178, 1, 5),
(151, 179, 2, 3),
(151, 180, 3, 5),
(152, 181, 1, 5),
(152, 182, 2, 5),
(152, 183, 3, 5),
(153, 184, 1, 5),
(153, 185, 2, 5),
(153, 186, 3, 5),
(154, 187, 1, 4),
(154, 188, 2, 4),
(154, 189, 3, 4),
(156, 190, 1, 5),
(156, 191, 2, 5),
(156, 192, 3, 5),
(157, 193, 1, 1),
(157, 194, 2, 1),
(157, 195, 3, 1),
(158, 196, 1, 1),
(158, 197, 2, 1),
(158, 198, 3, 1),
(159, 199, 1, 5),
(159, 200, 2, 5),
(159, 201, 3, 5),
(160, 202, 1, 5),
(160, 203, 2, 5),
(160, 204, 3, 5),
(161, 205, 1, 4),
(161, 206, 2, 4),
(161, 207, 3, 4),
(162, 208, 1, 5),
(162, 209, 2, 5),
(162, 210, 3, 5),
(163, 211, 1, 5),
(163, 212, 2, 5),
(163, 213, 3, 5),
(164, 214, 1, 5),
(164, 215, 2, 5),
(164, 216, 3, 5),
(165, 217, 1, 5),
(165, 218, 2, 5),
(165, 219, 3, 5),
(166, 220, 1, 5),
(166, 221, 2, 5),
(166, 222, 3, 5),
(167, 223, 1, 5),
(167, 224, 2, 5),
(167, 225, 3, 5),
(168, 226, 1, 5),
(168, 227, 2, 5),
(168, 228, 3, 5),
(169, 229, 1, 5),
(169, 230, 2, 5),
(169, 231, 3, 5),
(170, 232, 1, 5),
(170, 233, 2, 5),
(170, 234, 3, 5),
(171, 235, 1, 5),
(171, 236, 2, 5),
(171, 237, 3, 5),
(172, 238, 1, 5),
(172, 239, 2, 5),
(172, 240, 3, 5),
(173, 241, 1, 5),
(173, 242, 2, 5),
(173, 243, 3, 5),
(174, 244, 1, 5),
(174, 245, 2, 5),
(174, 246, 3, 5),
(175, 247, 1, 5),
(175, 248, 2, 2),
(175, 249, 3, 2),
(176, 250, 1, 5),
(176, 251, 2, 5),
(176, 252, 3, 5),
(177, 253, 1, 4),
(177, 254, 2, 4),
(177, 255, 3, 4),
(178, 256, 1, 5),
(178, 257, 2, 5),
(178, 258, 3, 5),
(179, 259, 1, 5),
(179, 260, 2, 5),
(179, 261, 3, 5),
(180, 262, 1, 5),
(180, 263, 2, 5),
(180, 264, 3, 5),
(181, 265, 1, 5),
(181, 266, 2, 5),
(181, 267, 3, 5),
(182, 268, 1, 5),
(182, 269, 2, 3),
(182, 270, 3, 5),
(183, 271, 1, 5),
(183, 272, 2, 5),
(183, 273, 3, 5),
(184, 274, 1, 5),
(184, 275, 2, 5),
(184, 276, 3, 5),
(185, 277, 1, 5),
(185, 278, 2, 5),
(185, 279, 3, 5),
(186, 280, 1, 5),
(186, 281, 2, 5),
(186, 282, 3, 5),
(187, 283, 1, 5),
(187, 284, 2, 5),
(187, 285, 3, 5),
(188, 286, 1, 5),
(188, 287, 2, 5),
(188, 288, 3, 5),
(189, 289, 1, 5),
(189, 290, 2, 5),
(189, 291, 3, 5),
(190, 292, 1, 5),
(190, 293, 2, 5),
(190, 294, 3, 5),
(191, 295, 1, 4),
(191, 296, 2, 4),
(191, 297, 3, 4),
(193, 298, 1, 5),
(193, 299, 2, 5),
(193, 300, 3, 5),
(194, 301, 1, 5),
(194, 302, 2, 5),
(194, 303, 3, 5),
(195, 304, 1, 5),
(195, 305, 2, 5),
(195, 306, 3, 5),
(196, 307, 1, 5),
(196, 308, 2, 5),
(196, 309, 3, 5),
(198, 310, 1, 5),
(198, 311, 2, 5),
(198, 312, 3, 5),
(203, 313, 1, 5),
(203, 314, 2, 5),
(203, 315, 3, 5),
(204, 316, 1, 5),
(204, 317, 2, 5),
(204, 318, 3, 5),
(205, 319, 1, 5),
(205, 320, 2, 5),
(205, 321, 3, 5),
(206, 322, 1, 5),
(206, 323, 2, 5),
(206, 324, 3, 5),
(207, 325, 1, 5),
(207, 326, 2, 5),
(207, 327, 3, 5),
(208, 328, 1, 5),
(208, 329, 2, 5),
(208, 330, 3, 5),
(209, 331, 1, 5),
(209, 332, 2, 5),
(209, 333, 3, 5),
(210, 334, 1, 5),
(210, 335, 2, 5),
(210, 336, 3, 5),
(211, 337, 1, 5),
(211, 338, 2, 5),
(211, 339, 3, 5),
(212, 340, 1, 5),
(212, 341, 2, 5),
(212, 342, 3, 5),
(215, 343, 1, 4),
(215, 344, 2, 4),
(215, 345, 3, 3),
(216, 346, 1, 5),
(216, 347, 2, 5),
(216, 348, 3, 5),
(217, 349, 1, 5),
(217, 350, 2, 5),
(217, 351, 3, 5),
(218, 352, 1, 5),
(218, 353, 2, 5),
(218, 354, 3, 5),
(219, 355, 1, 5),
(219, 356, 2, 5),
(219, 357, 3, 5),
(220, 358, 1, 5),
(220, 359, 2, 5),
(220, 360, 3, 5),
(221, 361, 1, 5),
(221, 362, 2, 2),
(221, 363, 3, 2),
(222, 364, 1, 5),
(222, 365, 2, 5),
(222, 366, 3, 5),
(223, 367, 1, 5),
(223, 368, 2, 5),
(223, 369, 3, 5),
(224, 370, 1, 5),
(224, 371, 2, 5),
(224, 372, 3, 5),
(225, 373, 1, 5),
(225, 374, 2, 5),
(225, 375, 3, 5),
(226, 376, 1, 5),
(226, 377, 2, 5),
(226, 378, 3, 5),
(227, 379, 1, 5),
(227, 380, 2, 2),
(227, 381, 3, 4),
(228, 382, 1, 5),
(228, 383, 2, 5),
(228, 384, 3, 5),
(229, 385, 1, 5),
(229, 386, 2, 5),
(229, 387, 3, 5),
(230, 388, 1, 5),
(230, 389, 2, 5),
(230, 390, 3, 5),
(231, 391, 1, 5),
(231, 392, 2, 5),
(231, 393, 3, 5),
(234, 394, 1, 5),
(234, 395, 2, 5),
(234, 396, 3, 2),
(235, 397, 1, 5),
(235, 398, 2, 5),
(235, 399, 3, 5),
(236, 400, 1, 5),
(236, 401, 2, 5),
(236, 402, 3, 5),
(237, 403, 1, 5),
(237, 404, 2, 5),
(237, 405, 3, 2),
(238, 406, 1, 5),
(238, 407, 2, 5),
(238, 408, 3, 5),
(241, 409, 1, 5),
(241, 410, 2, 4),
(241, 411, 3, 3),
(245, 412, 1, 5),
(245, 413, 2, 5),
(245, 414, 3, 5),
(247, 415, 1, 5),
(247, 416, 2, 5),
(247, 417, 3, 5),
(249, 418, 1, 5),
(249, 419, 2, 5),
(249, 420, 3, 5),
(250, 421, 1, 5),
(250, 422, 2, 5),
(250, 423, 3, 5),
(251, 424, 1, 5),
(251, 425, 2, 5),
(251, 426, 3, 5),
(252, 427, 1, 5),
(252, 428, 2, 5),
(252, 429, 3, 5),
(253, 430, 1, 5),
(253, 431, 2, 5),
(253, 432, 3, 5),
(254, 433, 1, 5),
(254, 434, 2, 5),
(254, 435, 3, 5),
(255, 436, 1, 5),
(255, 437, 2, 5),
(255, 438, 3, 5),
(256, 439, 1, 5),
(256, 440, 2, 5),
(256, 441, 3, 5),
(257, 442, 1, 5),
(257, 443, 2, 5),
(257, 444, 3, 5),
(258, 445, 1, 1),
(258, 446, 2, 1),
(258, 447, 3, 1),
(259, 448, 1, 5),
(259, 449, 2, 5),
(259, 450, 3, 5),
(260, 451, 1, 5),
(260, 452, 2, 5),
(260, 453, 3, 5),
(261, 454, 1, 5),
(261, 455, 2, 5),
(261, 456, 3, 5),
(262, 457, 1, 5),
(262, 458, 2, 2),
(262, 459, 3, 2),
(263, 460, 1, 5),
(263, 461, 2, 5),
(263, 462, 3, 5),
(264, 463, 1, 5),
(264, 464, 2, 5),
(264, 465, 3, 5),
(265, 466, 1, 5),
(265, 467, 2, 5),
(265, 468, 3, 5),
(266, 469, 1, 5),
(266, 470, 2, 5),
(266, 471, 3, 5),
(269, 472, 1, 5),
(269, 473, 2, 5),
(269, 474, 3, 5),
(270, 475, 1, 1),
(270, 476, 2, 1),
(270, 477, 3, 1),
(271, 478, 1, 5),
(271, 479, 2, 5),
(271, 480, 3, 5),
(272, 481, 1, 1),
(272, 482, 2, 1),
(272, 483, 3, 1),
(273, 484, 1, 5),
(273, 485, 2, 5),
(273, 486, 3, 5),
(278, 487, 1, 5),
(278, 488, 2, 5),
(278, 489, 3, 5),
(279, 490, 1, 5),
(279, 491, 2, 5),
(279, 492, 3, 5),
(280, 493, 1, 5),
(280, 494, 2, 5),
(280, 495, 3, 5),
(281, 496, 1, 5),
(281, 497, 2, 5),
(281, 498, 3, 5),
(282, 499, 1, 5),
(282, 500, 2, 5),
(282, 501, 3, 5),
(283, 502, 1, 5),
(283, 503, 2, 5),
(283, 504, 3, 5),
(284, 505, 1, 5),
(284, 506, 2, 5),
(284, 507, 3, 5),
(285, 508, 1, 5),
(285, 509, 2, 5),
(285, 510, 3, 5),
(287, 511, 1, 5),
(287, 512, 2, 5),
(287, 513, 3, 5),
(288, 514, 1, 5),
(288, 515, 2, 5),
(288, 516, 3, 5),
(289, 517, 1, 5),
(289, 518, 2, 5),
(289, 519, 3, 4),
(290, 520, 1, 5),
(290, 521, 2, 5),
(290, 522, 3, 5),
(291, 523, 1, 5),
(291, 524, 2, 5),
(291, 525, 3, 5),
(292, 526, 1, 5),
(292, 527, 2, 5),
(292, 528, 3, 5),
(293, 529, 1, 5),
(293, 530, 2, 5),
(293, 531, 3, 5),
(294, 532, 1, 5),
(294, 533, 2, 5),
(294, 534, 3, 5),
(295, 535, 1, 4),
(295, 536, 2, 4),
(295, 537, 3, 4),
(296, 538, 1, 5),
(296, 539, 2, 5),
(296, 540, 3, 5),
(297, 541, 1, 5),
(297, 542, 2, 5),
(297, 543, 3, 5),
(298, 544, 1, 5),
(298, 545, 2, 5),
(298, 546, 3, 5),
(299, 547, 1, 5),
(299, 548, 2, 3),
(299, 549, 3, 5),
(300, 550, 1, 5),
(300, 551, 2, 5),
(300, 552, 3, 5),
(301, 553, 1, 5),
(301, 554, 2, 5),
(301, 555, 3, 5),
(302, 556, 1, 5),
(302, 557, 2, 5),
(302, 558, 3, 5),
(303, 559, 1, 5),
(303, 560, 2, 5),
(303, 561, 3, 5),
(304, 562, 1, 5),
(304, 563, 2, 5),
(304, 564, 3, 5),
(305, 565, 1, 5),
(305, 566, 2, 5),
(305, 567, 3, 5),
(306, 568, 1, 5),
(306, 569, 2, 5),
(306, 570, 3, 5),
(307, 571, 1, 5),
(307, 572, 2, 4),
(307, 573, 3, 5),
(308, 574, 1, 5),
(308, 575, 2, 5),
(308, 576, 3, 5),
(309, 577, 1, 5),
(309, 578, 2, 5),
(309, 579, 3, 5),
(313, 580, 1, 5),
(313, 581, 2, 5),
(313, 582, 3, 5),
(314, 583, 1, 5),
(314, 584, 2, 5),
(314, 585, 3, 5),
(315, 586, 1, 5),
(315, 587, 2, 4),
(315, 588, 3, 2),
(316, 589, 1, 5),
(316, 590, 2, 4),
(316, 591, 3, 5),
(317, 592, 1, 5),
(317, 593, 3, 5),
(318, 594, 1, 5),
(318, 595, 2, 5),
(318, 596, 3, 5),
(320, 597, 1, 5),
(320, 598, 2, 5),
(320, 599, 3, 5),
(321, 600, 1, 5),
(321, 601, 2, 5),
(321, 602, 3, 5),
(322, 603, 1, 5),
(322, 604, 2, 5),
(322, 605, 3, 5),
(323, 606, 1, 5),
(323, 607, 2, 5),
(323, 608, 3, 5),
(324, 609, 1, 2),
(324, 610, 2, 2),
(324, 611, 3, 5),
(325, 612, 1, 5),
(325, 613, 2, 5),
(325, 614, 3, 5),
(326, 615, 1, 4),
(326, 616, 2, 4),
(326, 617, 3, 4),
(327, 618, 1, 5),
(327, 619, 2, 5),
(327, 620, 3, 5),
(328, 621, 1, 5),
(328, 622, 2, 5),
(328, 623, 3, 5),
(329, 624, 1, 5),
(329, 625, 2, 5),
(329, 626, 3, 5),
(331, 627, 1, 5),
(331, 628, 2, 5),
(331, 629, 3, 5),
(332, 630, 1, 5),
(332, 631, 2, 5),
(332, 632, 3, 5),
(333, 633, 1, 5),
(333, 634, 2, 5),
(333, 635, 3, 5),
(334, 636, 1, 5),
(334, 637, 2, 5),
(334, 638, 3, 5),
(335, 639, 1, 5),
(335, 640, 2, 5),
(335, 641, 3, 5),
(336, 642, 1, 5),
(336, 643, 2, 5),
(336, 644, 3, 5),
(337, 645, 1, 5),
(337, 646, 2, 5),
(337, 647, 3, 5),
(338, 648, 1, 5),
(338, 649, 2, 5),
(338, 650, 3, 5),
(339, 651, 1, 5),
(339, 652, 2, 5),
(339, 653, 3, 5),
(340, 654, 1, 5),
(340, 655, 2, 5),
(340, 656, 3, 5),
(341, 657, 1, 5),
(341, 658, 2, 5),
(341, 659, 3, 5),
(342, 660, 1, 5),
(342, 661, 2, 5),
(342, 662, 3, 5),
(344, 663, 1, 5),
(344, 664, 2, 5),
(344, 665, 3, 5),
(345, 666, 1, 4),
(345, 667, 2, 4),
(345, 668, 3, 4),
(346, 669, 1, 5),
(346, 670, 2, 5),
(346, 671, 3, 5),
(347, 672, 1, 5),
(347, 673, 2, 5),
(347, 674, 3, 5),
(348, 675, 1, 5),
(348, 676, 2, 5),
(348, 677, 3, 5),
(349, 678, 1, 5),
(349, 679, 2, 5),
(349, 680, 3, 5),
(350, 681, 1, 5),
(350, 682, 2, 5),
(350, 683, 3, 5),
(351, 684, 1, 5),
(351, 685, 2, 5),
(351, 686, 3, 5),
(352, 687, 1, 5),
(352, 688, 2, 5),
(352, 689, 3, 5),
(353, 690, 1, 5),
(353, 691, 2, 5),
(353, 692, 3, 5),
(354, 693, 1, 5),
(354, 694, 2, 5),
(354, 695, 3, 5),
(355, 696, 1, 5),
(355, 697, 2, 5),
(355, 698, 3, 5),
(356, 699, 1, 5),
(356, 700, 2, 5),
(356, 701, 3, 5),
(357, 702, 1, 5),
(357, 703, 2, 5),
(357, 704, 3, 5),
(358, 705, 1, 5),
(358, 706, 2, 5),
(358, 707, 3, 4),
(359, 708, 1, 5),
(359, 709, 2, 5),
(359, 710, 3, 5),
(360, 711, 1, 5),
(360, 712, 2, 5),
(360, 713, 3, 5),
(361, 714, 1, 5),
(361, 715, 2, 5),
(361, 716, 3, 5),
(362, 717, 1, 5),
(362, 718, 2, 5),
(362, 719, 3, 5),
(363, 720, 1, 5),
(363, 721, 2, 5),
(363, 722, 3, 5),
(364, 723, 1, 5),
(364, 724, 2, 5),
(364, 725, 3, 3),
(365, 726, 1, 5),
(365, 727, 2, 5),
(365, 728, 3, 5),
(366, 729, 1, 5),
(366, 730, 2, 5),
(366, 731, 3, 5),
(367, 732, 1, 5),
(367, 733, 2, 5),
(367, 734, 3, 5),
(368, 735, 1, 5),
(368, 736, 2, 5),
(368, 737, 3, 5),
(369, 738, 1, 5),
(369, 739, 2, 5),
(369, 740, 3, 5),
(370, 741, 1, 5),
(370, 742, 2, 5),
(370, 743, 3, 5),
(371, 744, 1, 5),
(371, 745, 2, 5),
(371, 746, 3, 5),
(372, 747, 1, 5),
(372, 748, 2, 5),
(372, 749, 3, 5),
(373, 750, 1, 5),
(373, 751, 2, 5),
(373, 752, 3, 5),
(374, 753, 1, 5),
(374, 754, 2, 5),
(374, 755, 3, 5),
(375, 756, 1, 5),
(375, 757, 2, 5),
(375, 758, 3, 5),
(376, 759, 1, 5),
(376, 760, 2, 5),
(376, 761, 3, 5),
(377, 762, 1, 5),
(377, 763, 2, 5),
(377, 764, 3, 5),
(378, 765, 1, 5),
(378, 766, 2, 5),
(378, 767, 3, 5),
(379, 768, 1, 5),
(379, 769, 2, 5),
(379, 770, 3, 5),
(382, 771, 1, 5),
(382, 772, 2, 5),
(382, 773, 3, 5),
(383, 774, 1, 5),
(383, 775, 2, 5),
(383, 776, 3, 5),
(384, 777, 1, 5),
(384, 778, 2, 5),
(384, 779, 3, 5),
(386, 780, 1, 5),
(386, 781, 2, 5),
(386, 782, 3, 5),
(387, 783, 1, 5),
(387, 784, 2, 5),
(387, 785, 3, 5),
(388, 786, 1, 5),
(388, 787, 2, 5),
(388, 788, 3, 5),
(389, 789, 1, 5),
(389, 790, 2, 5),
(389, 791, 3, 5),
(390, 792, 1, 5),
(390, 793, 2, 4),
(390, 794, 3, 5),
(391, 795, 1, 5),
(391, 796, 2, 5),
(391, 797, 3, 5),
(392, 798, 1, 5),
(392, 799, 2, 5),
(392, 800, 3, 5),
(393, 801, 1, 5),
(393, 802, 2, 5),
(393, 803, 3, 5),
(394, 804, 1, 5),
(394, 805, 2, 5),
(394, 806, 3, 5),
(395, 807, 1, 5),
(395, 808, 2, 5),
(395, 809, 3, 5),
(396, 810, 1, 5),
(396, 811, 2, 4),
(396, 812, 3, 4),
(398, 813, 1, 4),
(398, 814, 2, 4),
(398, 815, 3, 4),
(399, 816, 1, 5),
(399, 817, 2, 5),
(399, 818, 3, 5),
(401, 819, 1, 3),
(401, 820, 2, 3),
(401, 821, 3, 3),
(405, 822, 1, 5),
(405, 823, 2, 5),
(405, 824, 3, 5),
(406, 825, 1, 5),
(406, 826, 2, 5),
(406, 827, 3, 5),
(407, 828, 1, 5),
(407, 829, 2, 5),
(407, 830, 3, 5),
(408, 831, 1, 5),
(408, 832, 2, 5),
(408, 833, 3, 5),
(409, 834, 1, 5),
(409, 835, 2, 5),
(409, 836, 3, 5),
(410, 837, 1, 3),
(410, 838, 2, 3),
(410, 839, 3, 3),
(411, 840, 1, 5),
(411, 841, 2, 5),
(411, 842, 3, 1),
(412, 843, 1, 4),
(412, 844, 2, 5),
(412, 845, 3, 5),
(413, 846, 1, 3),
(413, 847, 2, 3),
(413, 848, 3, 3),
(414, 849, 1, 5),
(414, 850, 2, 5),
(414, 851, 3, 5),
(415, 852, 1, 5),
(415, 853, 2, 5),
(415, 854, 3, 5),
(416, 855, 1, 5),
(416, 856, 2, 5),
(416, 857, 3, 5),
(417, 858, 1, 5),
(417, 859, 2, 5),
(417, 860, 3, 5),
(418, 861, 1, 5),
(418, 862, 2, 5),
(418, 863, 3, 5),
(419, 864, 1, 5),
(419, 865, 2, 5),
(419, 866, 3, 5),
(420, 867, 1, 5),
(420, 868, 2, 5),
(420, 869, 3, 5),
(421, 870, 1, 5),
(421, 871, 2, 5),
(421, 872, 3, 5),
(422, 873, 1, 5),
(422, 874, 2, 5),
(422, 875, 3, 5),
(423, 876, 1, 5),
(423, 877, 2, 5),
(423, 878, 3, 5),
(425, 879, 1, 5),
(425, 880, 2, 5),
(425, 881, 3, 5),
(426, 882, 1, 5),
(426, 883, 2, 5),
(426, 884, 3, 5),
(427, 885, 1, 5),
(427, 886, 2, 5),
(428, 887, 1, 5),
(428, 888, 2, 5),
(428, 889, 3, 5),
(429, 890, 1, 5),
(429, 891, 2, 3),
(429, 892, 3, 5),
(430, 893, 1, 5),
(430, 894, 2, 4),
(430, 895, 3, 4),
(431, 896, 1, 5),
(431, 897, 2, 5),
(431, 898, 3, 5),
(432, 899, 1, 5),
(432, 900, 2, 5),
(432, 901, 3, 5),
(433, 902, 1, 5),
(433, 903, 2, 5),
(433, 904, 3, 5),
(434, 905, 1, 5),
(434, 906, 2, 5),
(434, 907, 3, 5),
(435, 908, 1, 5),
(435, 909, 2, 5),
(435, 910, 3, 5),
(436, 911, 1, 5),
(436, 912, 2, 5),
(436, 913, 3, 5),
(437, 914, 1, 5),
(437, 915, 2, 5),
(437, 916, 3, 5),
(438, 917, 1, 5),
(438, 918, 2, 5),
(438, 919, 3, 5),
(440, 920, 1, 5),
(440, 921, 2, 5),
(440, 922, 3, 5),
(441, 923, 1, 4),
(441, 924, 2, 4),
(441, 925, 3, 4),
(442, 926, 1, 5),
(442, 927, 2, 5),
(442, 928, 3, 5),
(444, 929, 1, 5),
(444, 930, 2, 5),
(444, 931, 3, 5),
(445, 932, 1, 5),
(445, 933, 2, 4),
(445, 934, 3, 3),
(446, 935, 1, 5),
(446, 936, 2, 5),
(446, 937, 3, 5),
(447, 938, 1, 5),
(447, 939, 2, 5),
(447, 940, 3, 5),
(449, 941, 1, 5),
(449, 942, 2, 5),
(449, 943, 3, 5),
(450, 944, 1, 5),
(450, 945, 2, 5),
(450, 946, 3, 5),
(452, 947, 1, 5),
(452, 948, 2, 3),
(452, 949, 3, 3),
(453, 950, 1, 5),
(453, 951, 2, 5),
(453, 952, 3, 5),
(454, 953, 1, 5),
(454, 954, 2, 5),
(454, 955, 3, 5),
(455, 956, 1, 5),
(455, 957, 2, 5),
(455, 958, 3, 5),
(456, 959, 1, 5),
(456, 960, 2, 5),
(456, 961, 3, 5),
(457, 962, 1, 4),
(457, 963, 2, 4),
(457, 964, 3, 4),
(458, 965, 1, 4),
(458, 966, 2, 4),
(458, 967, 3, 4),
(459, 968, 1, 5),
(459, 969, 2, 5),
(459, 970, 3, 5),
(460, 971, 1, 5),
(460, 972, 2, 5),
(460, 973, 3, 5),
(461, 974, 1, 5),
(461, 975, 2, 5),
(461, 976, 3, 5),
(462, 977, 1, 5),
(462, 978, 2, 5),
(462, 979, 3, 5),
(463, 980, 1, 5),
(463, 981, 2, 4),
(463, 982, 3, 3),
(464, 983, 1, 5),
(464, 984, 2, 5),
(464, 985, 3, 5),
(465, 986, 1, 5),
(465, 987, 2, 4),
(465, 988, 3, 2),
(466, 989, 1, 5),
(466, 990, 2, 5),
(466, 991, 3, 5),
(467, 992, 1, 5),
(467, 993, 2, 2),
(467, 994, 3, 4),
(469, 995, 1, 5),
(469, 996, 2, 5),
(469, 997, 3, 5),
(470, 998, 1, 5),
(470, 999, 2, 5),
(470, 1000, 3, 5),
(471, 1001, 1, 5),
(471, 1002, 2, 5),
(471, 1003, 3, 5),
(472, 1004, 1, 4),
(472, 1005, 2, 4),
(472, 1006, 3, 4),
(473, 1007, 1, 5),
(473, 1008, 2, 5),
(473, 1009, 3, 5),
(474, 1010, 1, 5),
(474, 1011, 2, 5),
(474, 1012, 3, 5),
(475, 1013, 1, 5),
(475, 1014, 2, 5),
(475, 1015, 3, 5),
(476, 1016, 1, 5),
(476, 1017, 2, 5),
(476, 1018, 3, 5),
(477, 1019, 1, 5),
(477, 1020, 2, 5),
(477, 1021, 3, 5),
(478, 1022, 1, 5),
(478, 1023, 2, 5),
(478, 1024, 3, 5),
(479, 1025, 1, 5),
(479, 1026, 2, 5),
(479, 1027, 3, 5),
(481, 1028, 1, 5),
(481, 1029, 2, 5),
(481, 1030, 3, 5),
(482, 1031, 1, 5),
(482, 1032, 2, 5),
(482, 1033, 3, 5),
(483, 1034, 1, 5),
(483, 1035, 2, 5),
(483, 1036, 3, 5),
(484, 1037, 1, 5),
(484, 1038, 2, 5),
(484, 1039, 3, 5),
(485, 1040, 1, 5),
(485, 1041, 2, 5),
(485, 1042, 3, 4),
(486, 1043, 1, 4),
(486, 1044, 2, 4),
(486, 1045, 3, 4),
(487, 1046, 1, 5),
(487, 1047, 2, 5),
(487, 1048, 3, 5),
(488, 1049, 1, 5),
(488, 1050, 2, 5),
(488, 1051, 3, 5),
(489, 1052, 1, 5),
(489, 1053, 2, 5),
(489, 1054, 3, 5),
(490, 1055, 1, 5),
(490, 1056, 2, 5),
(490, 1057, 3, 5),
(491, 1058, 1, 5),
(491, 1059, 2, 5),
(491, 1060, 3, 5),
(492, 1061, 1, 5),
(492, 1062, 2, 5),
(492, 1063, 3, 5),
(493, 1064, 1, 5),
(493, 1065, 2, 5),
(493, 1066, 3, 5),
(494, 1067, 1, 5),
(494, 1068, 2, 5),
(494, 1069, 3, 5),
(495, 1070, 1, 5),
(495, 1071, 2, 5),
(495, 1072, 3, 5),
(497, 1073, 1, 5),
(497, 1074, 2, 5),
(497, 1075, 3, 5),
(498, 1076, 1, 4),
(498, 1077, 2, 4),
(498, 1078, 3, 4),
(500, 1079, 1, 5),
(500, 1080, 2, 5),
(500, 1081, 3, 5),
(501, 1082, 1, 4),
(501, 1083, 2, 4),
(501, 1084, 3, 4),
(502, 1085, 1, 5),
(502, 1086, 2, 5),
(502, 1087, 3, 5),
(503, 1088, 1, 5),
(503, 1089, 2, 5),
(503, 1090, 3, 5),
(504, 1091, 1, 5),
(504, 1092, 2, 5),
(504, 1093, 3, 5),
(505, 1094, 1, 5),
(505, 1095, 2, 5),
(505, 1096, 3, 5),
(506, 1097, 1, 5),
(506, 1098, 2, 5),
(506, 1099, 3, 5),
(507, 1100, 1, 5),
(507, 1101, 2, 3),
(507, 1102, 3, 1),
(508, 1103, 1, 5),
(508, 1104, 2, 5),
(508, 1105, 3, 5),
(509, 1106, 1, 5),
(509, 1107, 2, 5),
(509, 1108, 3, 5),
(510, 1109, 1, 5),
(510, 1110, 2, 5),
(510, 1111, 3, 5),
(511, 1112, 1, 4),
(511, 1113, 2, 3),
(511, 1114, 3, 3),
(512, 1115, 1, 5),
(512, 1116, 2, 5),
(512, 1117, 3, 5),
(513, 1118, 1, 5),
(513, 1119, 2, 5),
(513, 1120, 3, 5),
(514, 1121, 1, 5),
(514, 1122, 2, 2),
(514, 1123, 3, 1),
(515, 1124, 1, 5),
(515, 1125, 2, 5),
(515, 1126, 3, 3),
(516, 1127, 1, 5),
(516, 1128, 2, 5),
(516, 1129, 3, 5),
(517, 1130, 1, 5),
(517, 1131, 2, 5),
(517, 1132, 3, 5),
(518, 1133, 1, 4),
(518, 1134, 2, 4),
(518, 1135, 3, 4),
(519, 1136, 1, 5),
(519, 1137, 2, 5),
(519, 1138, 3, 5),
(520, 1139, 1, 5),
(520, 1140, 2, 5),
(520, 1141, 3, 5),
(521, 1142, 1, 4),
(521, 1143, 3, 4),
(522, 1144, 1, 5),
(522, 1145, 2, 5),
(522, 1146, 3, 5),
(523, 1147, 1, 5),
(523, 1148, 2, 5),
(523, 1149, 3, 5),
(524, 1150, 1, 5),
(524, 1151, 2, 4),
(524, 1152, 3, 5),
(525, 1153, 1, 5),
(525, 1154, 2, 5),
(525, 1155, 3, 5),
(526, 1156, 1, 5),
(526, 1157, 2, 5),
(526, 1158, 3, 5),
(527, 1159, 1, 5),
(527, 1160, 2, 5),
(527, 1161, 3, 5),
(528, 1162, 1, 5),
(528, 1163, 2, 5),
(528, 1164, 3, 5),
(531, 1165, 1, 5),
(531, 1166, 2, 5),
(531, 1167, 3, 5),
(532, 1168, 1, 4),
(532, 1169, 2, 4),
(532, 1170, 3, 4),
(533, 1171, 1, 5),
(533, 1172, 2, 5),
(533, 1173, 3, 5),
(534, 1174, 1, 5),
(534, 1175, 2, 1),
(534, 1176, 3, 1),
(535, 1177, 1, 4),
(535, 1178, 2, 4),
(535, 1179, 3, 4),
(536, 1180, 1, 5),
(536, 1181, 2, 5),
(536, 1182, 3, 5),
(537, 1183, 1, 4),
(537, 1184, 2, 4),
(537, 1185, 3, 4),
(538, 1186, 1, 5),
(538, 1187, 2, 5),
(538, 1188, 3, 5),
(539, 1189, 1, 4),
(539, 1190, 2, 4),
(539, 1191, 3, 4),
(541, 1192, 1, 5),
(541, 1193, 2, 5),
(541, 1194, 3, 5),
(542, 1195, 1, 5),
(542, 1196, 2, 5),
(542, 1197, 3, 5),
(543, 1198, 1, 5),
(543, 1199, 2, 4),
(543, 1200, 3, 3),
(544, 1201, 1, 5),
(544, 1202, 2, 5),
(544, 1203, 3, 5),
(545, 1204, 1, 4),
(545, 1205, 2, 4),
(545, 1206, 3, 4),
(546, 1207, 1, 4),
(546, 1208, 2, 4),
(546, 1209, 3, 4),
(547, 1210, 1, 5),
(547, 1211, 2, 5),
(547, 1212, 3, 5),
(548, 1213, 1, 5),
(548, 1214, 2, 5),
(548, 1215, 3, 5),
(549, 1216, 1, 1),
(549, 1217, 2, 1),
(549, 1218, 3, 1),
(550, 1219, 1, 5),
(550, 1220, 2, 5),
(550, 1221, 3, 5),
(551, 1222, 1, 5),
(551, 1223, 2, 5),
(551, 1224, 3, 5),
(553, 1225, 1, 5),
(553, 1226, 2, 5),
(553, 1227, 3, 5),
(554, 1228, 1, 5),
(554, 1229, 2, 5),
(554, 1230, 3, 5),
(555, 1231, 1, 5),
(555, 1232, 2, 5),
(555, 1233, 3, 5),
(556, 1234, 1, 5),
(556, 1235, 2, 5),
(556, 1236, 3, 5),
(557, 1237, 1, 5),
(557, 1238, 2, 5),
(557, 1239, 3, 5),
(558, 1240, 1, 5),
(558, 1241, 2, 5),
(558, 1242, 3, 5),
(559, 1243, 1, 5),
(559, 1244, 2, 5),
(559, 1245, 3, 5),
(560, 1246, 1, 5),
(560, 1247, 2, 4),
(560, 1248, 3, 5),
(561, 1249, 1, 1),
(561, 1250, 2, 1),
(561, 1251, 3, 5),
(563, 1252, 1, 5),
(563, 1253, 2, 5),
(563, 1254, 3, 5),
(564, 1255, 1, 5),
(564, 1256, 2, 5),
(564, 1257, 3, 5),
(565, 1258, 1, 4),
(565, 1259, 2, 4),
(565, 1260, 3, 4),
(566, 1261, 1, 5),
(566, 1262, 2, 5),
(566, 1263, 3, 5),
(569, 1264, 1, 4),
(569, 1265, 2, 4),
(569, 1266, 3, 4),
(570, 1267, 1, 5),
(570, 1268, 2, 5),
(570, 1269, 3, 5),
(571, 1270, 1, 5),
(571, 1271, 2, 3),
(571, 1272, 3, 4),
(572, 1273, 1, 5),
(572, 1274, 2, 5),
(572, 1275, 3, 5),
(574, 1276, 1, 5),
(574, 1277, 2, 5),
(574, 1278, 3, 5),
(575, 1279, 1, 4),
(575, 1280, 2, 4),
(575, 1281, 3, 4),
(576, 1282, 1, 5),
(576, 1283, 2, 5),
(576, 1284, 3, 5),
(578, 1285, 1, 5),
(578, 1286, 2, 5),
(578, 1287, 3, 5),
(579, 1288, 1, 4),
(579, 1289, 2, 4),
(579, 1290, 3, 4),
(580, 1291, 1, 5),
(580, 1292, 2, 5),
(580, 1293, 3, 5),
(581, 1294, 1, 5),
(581, 1295, 2, 5),
(581, 1296, 3, 5),
(582, 1297, 1, 5),
(582, 1298, 2, 5),
(582, 1299, 3, 5),
(584, 1300, 1, 3),
(584, 1301, 2, 3),
(584, 1302, 3, 3),
(585, 1303, 1, 4),
(585, 1304, 2, 4),
(585, 1305, 3, 4),
(586, 1306, 1, 5),
(586, 1307, 2, 5),
(586, 1308, 3, 5),
(587, 1309, 1, 5),
(587, 1310, 2, 5),
(587, 1311, 3, 5),
(588, 1312, 1, 5),
(588, 1313, 2, 5),
(588, 1314, 3, 5),
(589, 1315, 1, 5),
(589, 1316, 2, 5),
(589, 1317, 3, 5),
(590, 1318, 1, 5),
(590, 1319, 2, 3),
(590, 1320, 3, 1),
(591, 1321, 1, 5),
(591, 1322, 2, 5),
(591, 1323, 3, 5),
(592, 1324, 1, 5),
(592, 1325, 2, 5),
(592, 1326, 3, 5),
(593, 1327, 1, 5),
(593, 1328, 2, 5),
(593, 1329, 3, 5),
(594, 1330, 1, 5),
(594, 1331, 2, 5),
(594, 1332, 3, 5),
(596, 1333, 1, 5),
(596, 1334, 2, 5),
(596, 1335, 3, 5),
(598, 1336, 1, 5),
(598, 1337, 2, 5),
(598, 1338, 3, 5),
(599, 1339, 1, 5),
(599, 1340, 2, 5),
(599, 1341, 3, 5),
(600, 1342, 1, 4),
(600, 1343, 2, 4),
(600, 1344, 3, 4),
(601, 1345, 1, 5),
(601, 1346, 2, 5),
(601, 1347, 3, 5),
(602, 1348, 1, 5),
(602, 1349, 2, 5),
(602, 1350, 3, 5),
(603, 1351, 1, 5),
(603, 1352, 2, 5),
(603, 1353, 3, 5),
(604, 1354, 1, 5),
(604, 1355, 2, 5),
(604, 1356, 3, 5),
(605, 1357, 1, 5),
(605, 1358, 2, 5),
(605, 1359, 3, 5),
(606, 1360, 1, 5),
(606, 1361, 2, 5),
(606, 1362, 3, 5),
(607, 1363, 1, 5),
(607, 1364, 2, 5),
(607, 1365, 3, 5),
(608, 1366, 1, 3),
(608, 1367, 2, 3),
(608, 1368, 3, 3),
(609, 1369, 1, 5),
(609, 1370, 2, 5),
(609, 1371, 3, 3),
(610, 1372, 1, 5),
(610, 1373, 2, 5),
(610, 1374, 3, 5),
(618, 1375, 1, 5),
(618, 1376, 2, 5),
(618, 1377, 3, 5),
(619, 1378, 1, 4),
(619, 1379, 2, 4),
(619, 1380, 3, 4),
(620, 1381, 1, 5),
(620, 1382, 2, 5),
(620, 1383, 3, 5),
(621, 1384, 1, 4),
(621, 1385, 2, 4),
(621, 1386, 3, 4),
(622, 1387, 1, 5),
(622, 1388, 2, 5),
(622, 1389, 3, 5),
(624, 1390, 1, 5),
(624, 1391, 2, 5),
(624, 1392, 3, 5),
(625, 1393, 1, 5),
(625, 1394, 2, 5),
(625, 1395, 3, 5),
(626, 1396, 1, 5),
(626, 1397, 2, 5),
(626, 1398, 3, 5),
(627, 1399, 1, 5),
(627, 1400, 2, 5),
(627, 1401, 3, 5),
(628, 1402, 1, 5),
(628, 1403, 2, 5),
(628, 1404, 3, 5),
(629, 1405, 1, 5),
(629, 1406, 2, 4),
(629, 1407, 3, 5),
(630, 1408, 1, 5),
(630, 1409, 2, 5),
(630, 1410, 3, 5),
(631, 1411, 1, 5),
(631, 1412, 2, 5),
(631, 1413, 3, 5),
(632, 1414, 1, 5),
(632, 1415, 2, 5),
(632, 1416, 3, 5),
(633, 1417, 1, 4),
(633, 1418, 2, 4),
(633, 1419, 3, 4),
(635, 1420, 1, 5),
(635, 1421, 2, 5),
(635, 1422, 3, 5),
(636, 1423, 1, 5),
(636, 1424, 2, 4),
(636, 1425, 3, 4),
(638, 1426, 1, 5),
(638, 1427, 2, 5),
(638, 1428, 3, 5),
(639, 1429, 1, 5),
(639, 1430, 2, 5),
(639, 1431, 3, 5),
(640, 1432, 1, 5),
(640, 1433, 2, 5),
(640, 1434, 3, 5),
(641, 1435, 1, 4),
(641, 1436, 2, 3),
(641, 1437, 3, 4),
(642, 1438, 1, 4),
(642, 1439, 2, 4),
(642, 1440, 3, 4),
(643, 1441, 1, 5),
(643, 1442, 2, 5),
(643, 1443, 3, 5),
(644, 1444, 1, 5),
(644, 1445, 2, 5),
(644, 1446, 3, 5),
(645, 1447, 1, 5),
(645, 1448, 2, 4),
(645, 1449, 3, 4),
(646, 1450, 1, 5),
(646, 1451, 2, 5),
(646, 1452, 3, 5),
(647, 1453, 1, 4),
(647, 1454, 2, 4),
(647, 1455, 3, 4),
(648, 1456, 1, 4),
(648, 1457, 2, 4),
(648, 1458, 3, 4),
(649, 1459, 1, 4),
(649, 1460, 2, 4),
(649, 1461, 3, 4),
(650, 1462, 1, 4),
(650, 1463, 2, 4),
(650, 1464, 3, 4),
(651, 1465, 1, 5),
(651, 1466, 2, 5),
(651, 1467, 3, 5),
(652, 1468, 1, 5),
(652, 1469, 2, 5),
(652, 1470, 3, 5),
(653, 1471, 1, 5),
(653, 1472, 2, 5),
(653, 1473, 3, 5),
(654, 1474, 1, 5),
(654, 1475, 2, 5),
(654, 1476, 3, 5),
(655, 1477, 1, 5),
(655, 1478, 2, 5),
(655, 1479, 3, 5),
(656, 1480, 1, 5),
(656, 1481, 2, 5),
(656, 1482, 3, 5),
(657, 1483, 1, 5),
(657, 1484, 2, 5),
(657, 1485, 3, 5),
(658, 1486, 1, 5),
(658, 1487, 2, 5),
(658, 1488, 3, 5),
(659, 1489, 1, 4),
(659, 1490, 2, 4),
(659, 1491, 3, 5),
(660, 1492, 1, 5),
(660, 1493, 2, 5),
(660, 1494, 3, 5),
(661, 1495, 1, 4),
(661, 1496, 2, 4),
(661, 1497, 3, 4),
(662, 1498, 1, 5),
(662, 1499, 2, 5),
(662, 1500, 3, 5),
(663, 1501, 1, 5),
(663, 1502, 2, 5),
(663, 1503, 3, 5),
(664, 1504, 1, 5),
(664, 1505, 2, 5),
(664, 1506, 3, 5),
(665, 1507, 1, 5),
(665, 1508, 2, 5),
(665, 1509, 3, 5),
(666, 1510, 1, 4),
(666, 1511, 2, 5),
(666, 1512, 3, 5),
(667, 1513, 1, 5),
(667, 1514, 2, 5),
(667, 1515, 3, 5),
(668, 1516, 1, 5),
(668, 1517, 2, 5),
(668, 1518, 3, 5),
(669, 1519, 1, 5),
(669, 1520, 2, 5),
(669, 1521, 3, 5),
(670, 1522, 1, 5),
(670, 1523, 2, 5),
(670, 1524, 3, 5),
(671, 1525, 1, 5),
(671, 1526, 2, 5),
(671, 1527, 3, 5),
(672, 1528, 1, 5),
(672, 1529, 2, 5),
(672, 1530, 3, 5),
(673, 1531, 1, 5),
(673, 1532, 2, 5),
(673, 1533, 3, 5),
(674, 1534, 1, 5),
(674, 1535, 2, 5),
(674, 1536, 3, 5),
(675, 1537, 1, 5),
(675, 1538, 2, 5),
(675, 1539, 3, 5),
(676, 1540, 1, 4),
(676, 1541, 2, 4),
(676, 1542, 3, 4),
(677, 1543, 1, 5),
(677, 1544, 2, 5),
(677, 1545, 3, 5),
(679, 1546, 1, 5),
(679, 1547, 2, 5),
(679, 1548, 3, 5),
(680, 1549, 1, 5),
(680, 1550, 2, 5),
(680, 1551, 3, 5),
(681, 1552, 1, 3),
(681, 1553, 2, 3),
(681, 1554, 3, 3),
(682, 1555, 1, 4),
(682, 1556, 2, 3),
(682, 1557, 3, 5),
(683, 1558, 1, 5),
(683, 1559, 2, 5),
(683, 1560, 3, 5),
(684, 1561, 1, 5),
(684, 1562, 2, 5),
(684, 1563, 3, 5),
(685, 1564, 1, 4),
(685, 1565, 2, 4),
(685, 1566, 3, 5),
(686, 1567, 1, 5),
(686, 1568, 2, 5),
(686, 1569, 3, 5),
(687, 1570, 1, 5),
(687, 1571, 2, 5),
(687, 1572, 3, 5),
(688, 1573, 1, 5),
(688, 1574, 2, 5),
(688, 1575, 3, 5),
(689, 1576, 1, 5),
(689, 1577, 2, 5),
(689, 1578, 3, 5),
(690, 1579, 1, 5),
(690, 1580, 2, 5),
(690, 1581, 3, 5),
(691, 1582, 1, 4),
(691, 1583, 2, 3),
(691, 1584, 3, 2),
(692, 1585, 1, 5),
(692, 1586, 2, 5),
(692, 1587, 3, 5),
(693, 1588, 1, 5),
(693, 1589, 2, 5),
(693, 1590, 3, 5),
(694, 1591, 1, 5),
(694, 1592, 2, 5),
(694, 1593, 3, 5),
(695, 1594, 1, 5),
(695, 1595, 2, 5),
(695, 1596, 3, 5),
(696, 1597, 1, 3),
(696, 1598, 2, 3),
(696, 1599, 3, 3),
(697, 1600, 1, 4),
(697, 1601, 2, 4),
(699, 1602, 1, 4),
(699, 1603, 2, 4),
(699, 1604, 3, 4),
(700, 1605, 1, 4),
(700, 1606, 2, 4),
(700, 1607, 3, 4),
(701, 1608, 1, 5),
(701, 1609, 2, 3),
(701, 1610, 3, 4),
(703, 1611, 1, 5),
(703, 1612, 2, 5),
(703, 1613, 3, 5),
(704, 1614, 1, 1),
(704, 1615, 2, 1),
(704, 1616, 3, 1),
(705, 1617, 1, 5),
(705, 1618, 2, 5),
(705, 1619, 3, 5),
(706, 1620, 1, 5),
(706, 1621, 2, 5),
(706, 1622, 3, 5),
(707, 1623, 1, 5),
(707, 1624, 2, 5),
(707, 1625, 3, 5),
(708, 1626, 1, 5),
(708, 1627, 2, 5),
(708, 1628, 3, 5),
(709, 1629, 1, 5),
(709, 1630, 2, 5),
(709, 1631, 3, 5),
(710, 1632, 1, 5),
(710, 1633, 2, 5),
(710, 1634, 3, 5),
(712, 1635, 1, 5),
(712, 1636, 2, 5),
(712, 1637, 3, 5),
(714, 1638, 1, 5),
(714, 1639, 2, 5),
(714, 1640, 3, 5),
(716, 1641, 1, 5),
(716, 1642, 2, 5),
(716, 1643, 3, 5),
(717, 1644, 1, 5),
(717, 1645, 2, 5),
(717, 1646, 3, 5),
(718, 1647, 1, 5),
(718, 1648, 2, 5),
(718, 1649, 3, 5),
(720, 1650, 1, 5),
(720, 1651, 2, 5),
(720, 1652, 3, 5),
(721, 1653, 1, 5),
(721, 1654, 2, 5),
(721, 1655, 3, 5),
(722, 1656, 1, 5),
(722, 1657, 2, 5),
(722, 1658, 3, 5),
(724, 1659, 1, 5),
(724, 1660, 2, 5),
(724, 1661, 3, 5),
(725, 1662, 1, 5),
(725, 1663, 2, 5),
(725, 1664, 3, 5),
(726, 1665, 1, 5),
(726, 1666, 2, 5),
(726, 1667, 3, 5),
(727, 1668, 1, 5),
(727, 1669, 2, 5),
(727, 1670, 3, 5),
(728, 1671, 1, 5),
(728, 1672, 2, 5),
(728, 1673, 3, 2),
(729, 1674, 1, 5),
(729, 1675, 2, 5),
(729, 1676, 3, 5),
(730, 1677, 1, 5),
(730, 1678, 2, 5),
(730, 1679, 3, 5),
(732, 1680, 1, 3),
(732, 1681, 2, 3),
(732, 1682, 3, 3),
(733, 1683, 1, 5),
(733, 1684, 2, 5),
(733, 1685, 3, 5),
(734, 1686, 1, 4),
(734, 1687, 2, 4),
(734, 1688, 3, 4),
(735, 1689, 1, 5),
(735, 1690, 2, 5),
(735, 1691, 3, 4),
(736, 1692, 1, 5),
(736, 1693, 2, 5),
(736, 1694, 3, 5),
(737, 1695, 1, 4),
(737, 1696, 2, 4),
(737, 1697, 3, 4),
(738, 1698, 1, 4),
(738, 1699, 2, 4),
(738, 1700, 3, 4),
(739, 1701, 1, 5),
(739, 1702, 2, 5),
(739, 1703, 3, 5),
(740, 1704, 1, 5),
(740, 1705, 2, 5),
(740, 1706, 3, 5),
(741, 1707, 1, 5),
(741, 1708, 2, 5),
(741, 1709, 3, 5),
(742, 1710, 1, 4),
(742, 1711, 2, 4),
(742, 1712, 3, 4),
(743, 1713, 1, 5),
(743, 1714, 2, 5),
(743, 1715, 3, 5),
(744, 1716, 1, 5),
(744, 1717, 2, 5),
(744, 1718, 3, 5),
(745, 1719, 1, 5),
(745, 1720, 2, 5),
(745, 1721, 3, 5),
(746, 1722, 1, 5),
(746, 1723, 2, 5),
(746, 1724, 3, 5),
(747, 1725, 1, 5),
(747, 1726, 2, 5),
(747, 1727, 3, 5),
(749, 1728, 1, 5),
(749, 1729, 2, 5),
(749, 1730, 3, 5),
(750, 1731, 1, 5),
(750, 1732, 2, 5),
(750, 1733, 3, 1),
(751, 1734, 1, 5),
(751, 1735, 2, 5),
(751, 1736, 3, 5),
(752, 1737, 1, 5),
(752, 1738, 2, 5),
(752, 1739, 3, 5),
(754, 1740, 1, 5),
(754, 1741, 2, 5),
(754, 1742, 3, 5),
(755, 1743, 1, 5),
(755, 1744, 2, 5),
(755, 1745, 3, 5),
(756, 1746, 1, 5),
(756, 1747, 2, 3),
(756, 1748, 3, 5),
(757, 1749, 1, 5),
(757, 1750, 2, 5),
(757, 1751, 3, 5),
(758, 1752, 1, 5),
(758, 1753, 2, 5),
(758, 1754, 3, 5),
(759, 1755, 1, 5),
(759, 1756, 2, 5),
(759, 1757, 3, 5),
(761, 1758, 1, 5),
(761, 1759, 2, 5),
(761, 1760, 3, 5),
(762, 1761, 1, 5),
(762, 1762, 2, 5),
(762, 1763, 3, 5),
(763, 1764, 1, 5),
(763, 1765, 2, 5),
(763, 1766, 3, 5),
(764, 1767, 1, 5),
(764, 1768, 2, 5),
(764, 1769, 3, 5),
(765, 1770, 1, 4),
(765, 1771, 2, 4),
(765, 1772, 3, 4),
(766, 1773, 1, 4),
(766, 1774, 2, 4),
(766, 1775, 3, 4),
(767, 1776, 1, 5),
(767, 1777, 2, 3),
(767, 1778, 3, 5),
(769, 1779, 1, 5),
(769, 1780, 2, 5),
(769, 1781, 3, 5),
(770, 1782, 1, 4),
(770, 1783, 2, 4),
(770, 1784, 3, 4),
(772, 1785, 1, 5),
(772, 1786, 2, 5),
(772, 1787, 3, 5),
(773, 1788, 1, 5),
(773, 1789, 2, 5),
(773, 1790, 3, 5),
(774, 1791, 1, 5),
(774, 1792, 2, 5),
(774, 1793, 3, 5),
(775, 1794, 1, 5),
(775, 1795, 2, 5),
(775, 1796, 3, 5),
(776, 1797, 1, 5),
(776, 1798, 2, 5),
(776, 1799, 3, 5),
(778, 1800, 1, 5),
(778, 1801, 2, 5),
(778, 1802, 3, 5),
(780, 1803, 1, 5),
(780, 1804, 2, 5),
(780, 1805, 3, 5),
(781, 1806, 1, 5),
(781, 1807, 2, 5),
(781, 1808, 3, 5),
(782, 1809, 1, 5),
(782, 1810, 2, 5),
(782, 1811, 3, 5),
(783, 1812, 1, 5),
(783, 1813, 2, 5),
(783, 1814, 3, 4),
(785, 1815, 1, 5),
(785, 1816, 2, 5),
(785, 1817, 3, 5),
(786, 1818, 1, 5),
(786, 1819, 2, 5),
(786, 1820, 3, 5),
(787, 1821, 1, 5),
(787, 1822, 2, 5),
(787, 1823, 3, 5),
(788, 1824, 1, 5),
(788, 1825, 2, 5),
(788, 1826, 3, 5),
(789, 1827, 1, 4),
(789, 1828, 2, 2),
(789, 1829, 3, 1),
(790, 1830, 1, 5),
(790, 1831, 2, 5),
(790, 1832, 3, 5),
(791, 1833, 1, 5),
(791, 1834, 2, 5),
(791, 1835, 3, 5),
(793, 1836, 1, 5),
(793, 1837, 2, 5),
(793, 1838, 3, 5),
(794, 1839, 1, 5),
(794, 1840, 2, 5),
(794, 1841, 3, 5),
(795, 1842, 1, 5),
(795, 1843, 2, 5),
(795, 1844, 3, 5),
(796, 1845, 1, 5),
(796, 1846, 2, 5),
(796, 1847, 3, 5),
(797, 1848, 1, 5),
(797, 1849, 2, 5),
(797, 1850, 3, 5),
(798, 1851, 1, 5),
(798, 1852, 2, 5),
(798, 1853, 3, 5),
(799, 1854, 1, 5),
(799, 1855, 2, 5),
(799, 1856, 3, 5),
(800, 1857, 1, 5),
(800, 1858, 2, 5),
(800, 1859, 3, 5),
(801, 1860, 1, 5),
(801, 1861, 2, 5),
(801, 1862, 3, 5),
(803, 1863, 1, 5),
(803, 1864, 2, 5),
(803, 1865, 3, 5),
(804, 1866, 1, 5),
(804, 1867, 2, 5),
(804, 1868, 3, 5),
(805, 1869, 1, 5),
(805, 1870, 2, 5),
(805, 1871, 3, 5),
(807, 1872, 1, 5),
(807, 1873, 2, 5),
(807, 1874, 3, 5),
(808, 1875, 3, 5),
(809, 1876, 1, 5),
(809, 1877, 2, 5),
(809, 1878, 3, 5),
(810, 1879, 1, 5),
(810, 1880, 2, 5),
(810, 1881, 3, 5),
(811, 1882, 1, 5),
(811, 1883, 2, 5),
(811, 1884, 3, 5),
(812, 1885, 1, 5),
(812, 1886, 2, 5),
(812, 1887, 3, 5),
(814, 1888, 1, 5),
(814, 1889, 2, 5),
(814, 1890, 3, 5),
(815, 1891, 1, 5),
(815, 1892, 2, 5),
(815, 1893, 3, 5),
(816, 1894, 1, 5),
(816, 1895, 2, 5),
(816, 1896, 3, 5),
(817, 1897, 1, 5),
(817, 1898, 2, 5),
(817, 1899, 3, 5),
(818, 1900, 1, 5),
(818, 1901, 2, 5),
(818, 1902, 3, 5),
(819, 1903, 1, 5),
(819, 1904, 2, 5),
(819, 1905, 3, 5),
(820, 1906, 1, 5),
(820, 1907, 2, 5),
(820, 1908, 3, 5),
(822, 1909, 1, 5),
(822, 1910, 2, 4),
(822, 1911, 3, 1),
(823, 1912, 1, 5),
(823, 1913, 2, 5),
(823, 1914, 3, 5),
(824, 1915, 1, 5),
(824, 1916, 2, 5),
(824, 1917, 3, 5),
(825, 1918, 1, 5),
(825, 1919, 2, 5),
(825, 1920, 3, 5),
(826, 1921, 1, 5),
(826, 1922, 2, 5),
(826, 1923, 3, 5),
(828, 1924, 1, 5),
(828, 1925, 2, 5),
(828, 1926, 3, 5),
(829, 1927, 1, 4),
(829, 1928, 2, 4),
(829, 1929, 3, 4),
(830, 1930, 1, 5),
(830, 1931, 2, 5),
(830, 1932, 3, 5),
(831, 1933, 1, 5),
(831, 1934, 2, 5),
(831, 1935, 3, 5),
(832, 1936, 1, 5),
(832, 1937, 2, 5),
(832, 1938, 3, 4),
(833, 1939, 1, 4),
(833, 1940, 2, 2),
(833, 1941, 3, 1),
(834, 1942, 1, 5),
(834, 1943, 2, 5),
(834, 1944, 3, 5),
(835, 1945, 1, 5),
(835, 1946, 2, 5),
(835, 1947, 3, 3),
(836, 1948, 1, 5),
(836, 1949, 2, 3),
(836, 1950, 3, 5),
(837, 1951, 1, 5),
(837, 1952, 2, 4),
(837, 1953, 3, 4),
(839, 1954, 1, 5),
(839, 1955, 2, 5),
(839, 1956, 3, 1),
(840, 1957, 1, 5),
(840, 1958, 2, 5),
(840, 1959, 3, 5),
(841, 1960, 1, 5),
(841, 1961, 2, 5),
(841, 1962, 3, 5),
(842, 1963, 1, 5),
(842, 1964, 2, 5),
(842, 1965, 3, 5),
(843, 1966, 1, 5),
(843, 1967, 2, 5),
(843, 1968, 3, 5),
(844, 1969, 1, 5),
(844, 1970, 2, 5),
(844, 1971, 3, 5),
(845, 1972, 1, 4),
(845, 1973, 2, 3),
(845, 1974, 3, 3),
(846, 1975, 1, 5),
(846, 1976, 2, 5),
(846, 1977, 3, 5),
(848, 1978, 1, 5),
(848, 1979, 2, 4),
(848, 1980, 3, 3),
(849, 1981, 1, 5),
(849, 1982, 2, 5),
(849, 1983, 3, 5),
(850, 1984, 1, 5),
(850, 1985, 2, 5),
(850, 1986, 3, 5),
(852, 1987, 1, 5),
(852, 1988, 2, 5),
(852, 1989, 3, 5),
(853, 1990, 1, 5),
(853, 1991, 2, 5),
(853, 1992, 3, 5),
(854, 1993, 1, 5),
(854, 1994, 2, 5),
(854, 1995, 3, 5),
(855, 1996, 1, 5),
(855, 1997, 2, 5),
(855, 1998, 3, 4),
(856, 1999, 1, 5),
(856, 2000, 3, 5),
(857, 2001, 1, 5),
(857, 2002, 2, 5),
(857, 2003, 3, 5),
(858, 2004, 1, 5),
(858, 2005, 2, 5),
(858, 2006, 3, 5),
(859, 2007, 1, 5),
(859, 2008, 2, 5),
(859, 2009, 3, 5),
(861, 2010, 1, 5),
(861, 2011, 2, 5),
(861, 2012, 3, 5),
(862, 2013, 1, 5),
(862, 2014, 2, 5),
(862, 2015, 3, 5),
(863, 2016, 1, 5),
(863, 2017, 2, 5),
(863, 2018, 3, 5),
(864, 2019, 1, 4),
(864, 2020, 2, 2),
(864, 2021, 3, 2),
(865, 2022, 1, 4),
(865, 2023, 2, 4),
(865, 2024, 3, 4),
(866, 2025, 1, 5),
(866, 2026, 2, 5),
(866, 2027, 3, 5),
(867, 2028, 1, 5),
(867, 2029, 2, 5),
(867, 2030, 3, 5),
(868, 2031, 1, 4),
(868, 2032, 2, 4),
(868, 2033, 3, 4),
(869, 2034, 1, 5),
(869, 2035, 2, 5),
(869, 2036, 3, 5),
(870, 2037, 1, 5),
(870, 2038, 2, 5),
(870, 2039, 3, 5),
(871, 2040, 1, 5),
(871, 2041, 2, 5),
(871, 2042, 3, 5),
(873, 2043, 1, 3),
(873, 2044, 2, 3),
(873, 2045, 3, 3),
(874, 2046, 1, 5),
(874, 2047, 2, 5),
(874, 2048, 3, 5),
(875, 2049, 1, 5),
(875, 2050, 2, 5),
(875, 2051, 3, 5),
(876, 2052, 1, 5),
(876, 2053, 2, 5),
(876, 2054, 3, 5),
(877, 2055, 1, 5),
(877, 2056, 2, 5),
(877, 2057, 3, 5),
(878, 2058, 1, 5),
(878, 2059, 2, 5),
(878, 2060, 3, 5),
(879, 2061, 1, 4),
(879, 2062, 2, 4),
(879, 2063, 3, 4),
(880, 2064, 1, 5),
(880, 2065, 2, 5),
(880, 2066, 3, 5),
(881, 2067, 1, 5),
(881, 2068, 2, 5),
(881, 2069, 3, 5),
(883, 2070, 1, 5),
(883, 2071, 2, 5),
(883, 2072, 3, 5),
(884, 2073, 1, 4),
(884, 2074, 2, 4),
(884, 2075, 3, 4),
(885, 2076, 1, 4),
(885, 2077, 2, 4),
(885, 2078, 3, 4),
(886, 2079, 1, 5),
(886, 2080, 2, 5),
(886, 2081, 3, 5),
(887, 2082, 1, 5),
(887, 2083, 2, 4),
(887, 2084, 3, 1),
(888, 2085, 1, 5),
(888, 2086, 2, 5),
(888, 2087, 3, 5),
(889, 2088, 1, 5),
(889, 2089, 2, 5),
(889, 2090, 3, 5),
(890, 2091, 1, 5),
(890, 2092, 2, 5),
(890, 2093, 3, 5),
(891, 2094, 1, 5),
(891, 2095, 2, 5),
(891, 2096, 3, 5),
(892, 2097, 1, 5),
(893, 2098, 1, 5),
(893, 2099, 2, 5),
(893, 2100, 3, 5),
(894, 2101, 1, 5),
(894, 2102, 2, 5),
(894, 2103, 3, 5),
(895, 2104, 1, 5),
(895, 2105, 2, 5),
(895, 2106, 3, 5),
(896, 2107, 1, 5),
(896, 2108, 2, 5),
(898, 2109, 2, 5),
(898, 2110, 3, 5),
(899, 2111, 1, 5),
(899, 2112, 2, 5),
(899, 2113, 3, 5),
(900, 2114, 1, 5),
(900, 2115, 2, 5),
(900, 2116, 3, 5),
(901, 2117, 1, 5),
(901, 2118, 2, 5),
(901, 2119, 3, 5),
(902, 2120, 1, 5),
(902, 2121, 2, 5),
(902, 2122, 3, 5),
(904, 2123, 1, 5),
(904, 2124, 2, 5),
(904, 2125, 3, 5),
(905, 2126, 1, 5),
(905, 2127, 2, 5),
(905, 2128, 3, 5),
(906, 2129, 1, 5),
(906, 2130, 2, 5),
(906, 2131, 3, 5),
(907, 2132, 1, 5),
(907, 2133, 2, 5),
(907, 2134, 3, 5),
(908, 2135, 1, 5),
(908, 2136, 2, 5),
(908, 2137, 3, 5),
(909, 2138, 1, 5),
(909, 2139, 2, 5),
(910, 2140, 1, 5),
(910, 2141, 2, 5),
(910, 2142, 3, 5),
(912, 2143, 1, 5),
(912, 2144, 2, 5),
(912, 2145, 3, 5),
(913, 2146, 1, 5),
(913, 2147, 2, 5),
(913, 2148, 3, 5),
(914, 2149, 1, 5),
(914, 2150, 2, 5),
(914, 2151, 3, 5),
(915, 2152, 1, 5),
(915, 2153, 2, 5),
(915, 2154, 3, 5),
(916, 2155, 1, 5),
(916, 2156, 2, 5),
(916, 2157, 3, 5),
(917, 2158, 1, 1),
(917, 2159, 2, 1),
(917, 2160, 3, 1),
(918, 2161, 1, 5),
(918, 2162, 2, 5),
(918, 2163, 3, 5),
(919, 2164, 1, 5),
(919, 2165, 2, 5),
(919, 2166, 3, 5),
(920, 2167, 1, 5),
(920, 2168, 2, 5),
(920, 2169, 3, 5),
(921, 2170, 1, 5),
(921, 2171, 2, 5),
(921, 2172, 3, 1),
(922, 2173, 1, 5),
(922, 2174, 2, 5),
(922, 2175, 3, 5),
(923, 2176, 1, 5),
(923, 2177, 2, 5),
(923, 2178, 3, 5),
(924, 2179, 1, 5),
(924, 2180, 2, 5),
(924, 2181, 3, 5),
(925, 2182, 1, 5),
(925, 2183, 2, 4),
(925, 2184, 3, 5),
(926, 2185, 1, 5),
(926, 2186, 2, 5),
(926, 2187, 3, 5),
(927, 2188, 1, 5),
(927, 2189, 2, 5),
(927, 2190, 3, 5),
(928, 2191, 1, 5),
(928, 2192, 2, 5),
(928, 2193, 3, 5),
(929, 2194, 1, 5),
(929, 2195, 2, 5),
(929, 2196, 3, 5),
(930, 2197, 1, 5),
(930, 2198, 2, 5),
(930, 2199, 3, 5),
(931, 2200, 1, 5),
(931, 2201, 2, 5),
(931, 2202, 3, 5),
(933, 2203, 1, 2),
(933, 2204, 2, 1),
(933, 2205, 3, 1),
(934, 2206, 1, 5),
(934, 2207, 2, 5),
(934, 2208, 3, 5),
(935, 2209, 1, 4),
(935, 2210, 2, 4),
(935, 2211, 3, 4),
(938, 2212, 1, 5),
(938, 2213, 2, 5),
(938, 2214, 3, 5),
(940, 2215, 1, 5),
(940, 2216, 2, 5),
(940, 2217, 3, 5),
(941, 2218, 1, 5),
(941, 2219, 2, 5),
(941, 2220, 3, 5),
(943, 2221, 1, 5),
(943, 2222, 2, 5),
(943, 2223, 3, 5),
(944, 2224, 1, 5),
(944, 2225, 2, 5),
(944, 2226, 3, 5),
(945, 2227, 1, 5),
(945, 2228, 2, 5),
(945, 2229, 3, 5),
(946, 2230, 1, 5),
(946, 2231, 2, 5),
(946, 2232, 3, 5),
(948, 2233, 1, 5),
(948, 2234, 2, 5),
(948, 2235, 3, 5),
(949, 2236, 1, 5),
(949, 2237, 2, 5),
(949, 2238, 3, 5),
(950, 2239, 1, 5),
(950, 2240, 2, 5),
(950, 2241, 3, 5),
(951, 2242, 1, 5),
(951, 2243, 2, 1),
(951, 2244, 3, 1),
(953, 2245, 1, 5),
(953, 2246, 2, 5),
(953, 2247, 3, 5),
(954, 2248, 1, 5),
(954, 2249, 2, 5),
(954, 2250, 3, 5),
(955, 2251, 1, 5),
(955, 2252, 2, 5),
(955, 2253, 3, 5),
(956, 2254, 1, 5),
(956, 2255, 2, 5),
(956, 2256, 3, 5),
(958, 2257, 1, 5),
(958, 2258, 2, 5),
(958, 2259, 3, 5),
(959, 2260, 1, 5),
(959, 2261, 2, 5),
(959, 2262, 3, 5),
(960, 2263, 1, 4),
(960, 2264, 2, 4),
(960, 2265, 3, 4),
(961, 2266, 1, 4),
(961, 2267, 2, 4),
(961, 2268, 3, 4),
(963, 2269, 1, 3),
(963, 2270, 2, 3),
(963, 2271, 3, 3),
(964, 2272, 1, 5),
(964, 2273, 2, 5),
(964, 2274, 3, 5),
(965, 2275, 1, 5),
(965, 2276, 2, 5),
(967, 2277, 1, 4),
(967, 2278, 2, 4),
(967, 2279, 3, 4),
(968, 2280, 1, 5),
(968, 2281, 2, 5),
(968, 2282, 3, 5),
(971, 2283, 1, 5),
(971, 2284, 2, 5),
(971, 2285, 3, 5),
(973, 2286, 1, 5),
(973, 2287, 2, 5),
(973, 2288, 3, 5),
(975, 2289, 1, 5),
(975, 2290, 2, 5),
(975, 2291, 3, 5),
(976, 2292, 1, 5),
(976, 2293, 2, 3),
(976, 2294, 3, 4),
(977, 2295, 1, 5),
(977, 2296, 2, 4),
(977, 2297, 3, 5),
(978, 2298, 1, 5),
(978, 2299, 2, 5),
(978, 2300, 3, 5),
(979, 2301, 1, 5),
(979, 2302, 2, 5),
(979, 2303, 3, 5),
(980, 2304, 1, 5),
(980, 2305, 2, 5),
(980, 2306, 3, 5),
(981, 2307, 1, 4),
(981, 2308, 2, 4),
(981, 2309, 3, 4),
(982, 2310, 1, 5),
(982, 2311, 2, 5),
(982, 2312, 3, 4),
(983, 2313, 1, 5),
(983, 2314, 2, 5),
(983, 2315, 3, 5),
(984, 2316, 1, 5),
(984, 2317, 2, 5),
(984, 2318, 3, 5),
(985, 2319, 1, 5),
(985, 2320, 2, 5),
(985, 2321, 3, 5),
(986, 2322, 1, 5),
(986, 2323, 2, 5),
(986, 2324, 3, 5),
(987, 2325, 1, 5),
(987, 2326, 2, 4),
(987, 2327, 3, 5),
(988, 2328, 1, 4),
(988, 2329, 2, 4),
(988, 2330, 3, 4),
(990, 2331, 1, 5),
(990, 2332, 2, 5),
(990, 2333, 3, 5),
(991, 2334, 1, 5),
(991, 2335, 2, 5),
(991, 2336, 3, 5),
(992, 2337, 1, 5),
(992, 2338, 2, 5),
(992, 2339, 3, 5),
(993, 2340, 1, 4),
(993, 2341, 2, 4),
(993, 2342, 3, 4),
(994, 2343, 1, 5),
(994, 2344, 2, 5),
(995, 2345, 1, 5),
(995, 2346, 2, 5),
(995, 2347, 3, 5),
(996, 2348, 1, 5),
(996, 2349, 2, 5),
(996, 2350, 3, 5),
(997, 2351, 1, 5),
(997, 2352, 2, 4),
(997, 2353, 3, 5),
(998, 2354, 1, 5),
(998, 2355, 2, 5),
(998, 2356, 3, 5),
(999, 2357, 1, 5),
(999, 2358, 2, 5),
(999, 2359, 3, 5),
(1000, 2360, 1, 5),
(1000, 2361, 2, 4),
(1000, 2362, 3, 2),
(1001, 2363, 1, 5),
(1001, 2364, 2, 5),
(1001, 2365, 3, 5),
(1002, 2366, 1, 5),
(1002, 2367, 2, 4),
(1002, 2368, 3, 4),
(1003, 2369, 1, 5),
(1003, 2370, 2, 5),
(1003, 2371, 3, 5),
(1004, 2372, 1, 5),
(1004, 2373, 2, 5),
(1004, 2374, 3, 5),
(1005, 2375, 2, 5),
(1005, 2376, 3, 5),
(1006, 2377, 1, 5),
(1006, 2378, 2, 5),
(1006, 2379, 3, 5),
(1007, 2380, 1, 5),
(1007, 2381, 2, 5),
(1007, 2382, 3, 5),
(1008, 2383, 1, 5),
(1008, 2384, 2, 5),
(1008, 2385, 3, 5),
(1010, 2386, 1, 5),
(1010, 2387, 2, 5),
(1010, 2388, 3, 5),
(1011, 2389, 1, 5),
(1011, 2390, 2, 4),
(1011, 2391, 3, 3),
(1013, 2392, 1, 5),
(1013, 2393, 2, 1),
(1013, 2394, 3, 1),
(1015, 2395, 1, 5),
(1015, 2396, 2, 5),
(1015, 2397, 3, 5),
(1016, 2398, 1, 5),
(1016, 2399, 2, 4),
(1016, 2400, 3, 5),
(1017, 2401, 1, 5),
(1017, 2402, 2, 5),
(1017, 2403, 3, 5),
(1018, 2404, 1, 4),
(1018, 2405, 2, 4),
(1018, 2406, 3, 4),
(1019, 2407, 1, 5),
(1019, 2408, 2, 1),
(1019, 2409, 3, 1),
(1020, 2410, 1, 5),
(1020, 2411, 2, 5),
(1020, 2412, 3, 5),
(1021, 2413, 1, 5),
(1021, 2414, 2, 5),
(1021, 2415, 3, 5),
(1023, 2416, 1, 5),
(1023, 2417, 2, 5),
(1023, 2418, 3, 5),
(1024, 2419, 1, 5),
(1024, 2420, 2, 5),
(1024, 2421, 3, 5),
(1025, 2422, 1, 4),
(1025, 2423, 2, 5),
(1025, 2424, 3, 2),
(1026, 2425, 1, 5),
(1026, 2426, 2, 5),
(1026, 2427, 3, 5),
(1030, 2428, 1, 5),
(1030, 2429, 2, 5),
(1030, 2430, 3, 5),
(1031, 2431, 1, 5),
(1031, 2432, 2, 5),
(1031, 2433, 3, 5),
(1032, 2434, 1, 4),
(1032, 2435, 2, 4),
(1032, 2436, 3, 4),
(1033, 2437, 1, 4),
(1033, 2438, 2, 4),
(1033, 2439, 3, 4),
(1034, 2440, 1, 5),
(1034, 2441, 3, 5),
(1035, 2442, 1, 5),
(1035, 2443, 2, 5),
(1035, 2444, 3, 5),
(1036, 2445, 1, 5),
(1036, 2446, 2, 5),
(1036, 2447, 3, 5),
(1038, 2448, 1, 5),
(1038, 2449, 2, 5),
(1038, 2450, 3, 5),
(1039, 2451, 1, 5),
(1039, 2452, 2, 5),
(1039, 2453, 3, 5),
(1040, 2454, 1, 5),
(1040, 2455, 2, 3),
(1040, 2456, 3, 3),
(1041, 2457, 1, 4),
(1041, 2458, 2, 4),
(1041, 2459, 3, 4),
(1042, 2460, 1, 5),
(1042, 2461, 2, 5),
(1042, 2462, 3, 5),
(1043, 2463, 1, 4),
(1043, 2464, 2, 4),
(1043, 2465, 3, 4),
(1044, 2466, 1, 5),
(1044, 2467, 2, 5),
(1044, 2468, 3, 5),
(1045, 2469, 1, 5),
(1045, 2470, 2, 5),
(1045, 2471, 3, 5),
(1046, 2472, 1, 4),
(1046, 2473, 2, 4),
(1046, 2474, 3, 4),
(1048, 2475, 1, 5),
(1048, 2476, 2, 5),
(1048, 2477, 3, 5),
(1049, 2478, 1, 4),
(1049, 2479, 2, 4),
(1049, 2480, 3, 4),
(1050, 2481, 1, 5),
(1050, 2482, 2, 5),
(1050, 2483, 3, 5),
(1051, 2484, 1, 5),
(1051, 2485, 2, 5),
(1051, 2486, 3, 5),
(1052, 2487, 1, 3),
(1052, 2488, 2, 3),
(1052, 2489, 3, 3),
(1053, 2490, 1, 4),
(1053, 2491, 2, 4),
(1053, 2492, 3, 4),
(1054, 2493, 1, 5),
(1054, 2494, 2, 5),
(1054, 2495, 3, 5),
(1055, 2496, 1, 5),
(1055, 2497, 2, 5),
(1055, 2498, 3, 5),
(1056, 2499, 1, 4),
(1056, 2500, 2, 4),
(1056, 2501, 3, 4),
(1057, 2502, 1, 5),
(1057, 2503, 2, 5),
(1057, 2504, 3, 5),
(1058, 2505, 1, 3),
(1058, 2506, 2, 2),
(1058, 2507, 3, 3),
(1059, 2508, 1, 3),
(1059, 2509, 2, 3),
(1059, 2510, 3, 3),
(1060, 2511, 1, 5),
(1060, 2512, 2, 5),
(1060, 2513, 3, 5),
(1061, 2514, 1, 5),
(1061, 2515, 2, 5),
(1061, 2516, 3, 5),
(1062, 2517, 1, 5),
(1062, 2518, 2, 5),
(1062, 2519, 3, 5),
(1063, 2520, 1, 5),
(1063, 2521, 2, 5),
(1063, 2522, 3, 5),
(1064, 2523, 1, 5),
(1064, 2524, 2, 4),
(1064, 2525, 3, 5),
(1065, 2526, 1, 4),
(1065, 2527, 2, 4),
(1065, 2528, 3, 4),
(1067, 2529, 1, 5),
(1067, 2530, 2, 5),
(1067, 2531, 3, 5),
(1070, 2532, 1, 5),
(1070, 2533, 2, 5),
(1070, 2534, 3, 5),
(1072, 2535, 1, 4),
(1072, 2536, 2, 3),
(1072, 2537, 3, 4),
(1073, 2538, 1, 5),
(1073, 2539, 2, 1),
(1073, 2540, 3, 1),
(1074, 2541, 1, 4),
(1074, 2542, 2, 4),
(1074, 2543, 3, 4),
(1075, 2544, 1, 5),
(1075, 2545, 2, 5),
(1075, 2546, 3, 5),
(1077, 2547, 1, 5),
(1077, 2548, 2, 4),
(1077, 2549, 3, 4),
(1078, 2550, 1, 4),
(1078, 2551, 2, 3),
(1078, 2552, 3, 4),
(1080, 2553, 1, 4),
(1080, 2554, 2, 4),
(1080, 2555, 3, 4),
(1083, 2556, 1, 5),
(1083, 2557, 2, 5),
(1083, 2558, 3, 5),
(1084, 2559, 1, 4),
(1084, 2560, 2, 4),
(1084, 2561, 3, 4),
(1085, 2562, 1, 4),
(1085, 2563, 2, 4),
(1085, 2564, 3, 3),
(1086, 2565, 1, 4),
(1086, 2566, 2, 4),
(1086, 2567, 3, 4),
(1088, 2568, 1, 5),
(1088, 2569, 2, 5),
(1088, 2570, 3, 5),
(1091, 2571, 1, 3),
(1091, 2572, 2, 3),
(1091, 2573, 3, 3),
(1092, 2574, 1, 3),
(1092, 2575, 2, 3),
(1092, 2576, 3, 3),
(1093, 2577, 1, 5),
(1093, 2578, 2, 5),
(1093, 2579, 3, 5),
(1094, 2580, 1, 5),
(1094, 2581, 2, 5),
(1094, 2582, 3, 5),
(1095, 2583, 1, 5),
(1095, 2584, 2, 5),
(1095, 2585, 3, 5),
(1096, 2586, 1, 5),
(1096, 2587, 3, 1),
(1097, 2588, 1, 5),
(1097, 2589, 2, 5),
(1098, 2590, 1, 5),
(1098, 2591, 2, 5),
(1099, 2592, 1, 5),
(1099, 2593, 2, 5),
(1099, 2594, 3, 5),
(1100, 2595, 1, 5),
(1100, 2596, 2, 5),
(1100, 2597, 3, 5),
(1101, 2598, 1, 5),
(1101, 2599, 2, 5),
(1101, 2600, 3, 5),
(1104, 2601, 1, 3),
(1104, 2602, 2, 5),
(1104, 2603, 3, 4),
(1106, 2604, 1, 4),
(1106, 2605, 2, 5),
(1106, 2606, 3, 5),
(1107, 2607, 1, 5),
(1107, 2608, 2, 5),
(1107, 2609, 3, 5),
(1111, 2610, 1, 5),
(1111, 2611, 2, 5),
(1111, 2612, 3, 5),
(1112, 2613, 1, 5),
(1112, 2614, 2, 5),
(1112, 2615, 3, 5),
(1113, 2616, 1, 5),
(1113, 2617, 2, 5),
(1113, 2618, 3, 5),
(1115, 2619, 1, 5),
(1115, 2620, 2, 5),
(1115, 2621, 3, 5),
(1116, 2622, 1, 5),
(1116, 2623, 2, 5),
(1116, 2624, 3, 5),
(1118, 2625, 1, 5),
(1118, 2626, 2, 5),
(1118, 2627, 3, 5),
(1119, 2628, 1, 5),
(1119, 2629, 2, 5),
(1119, 2630, 3, 5),
(1120, 2631, 1, 5),
(1120, 2632, 2, 5),
(1120, 2633, 3, 5),
(1122, 2634, 1, 5),
(1122, 2635, 2, 4),
(1122, 2636, 3, 5),
(1123, 2637, 1, 5),
(1123, 2638, 2, 4),
(1123, 2639, 3, 4),
(1124, 2640, 1, 4),
(1124, 2641, 2, 4),
(1124, 2642, 3, 4),
(1125, 2643, 1, 5),
(1125, 2644, 2, 5),
(1125, 2645, 3, 5),
(1126, 2646, 1, 5),
(1126, 2647, 2, 5),
(1126, 2648, 3, 5),
(1127, 2649, 1, 5),
(1127, 2650, 2, 5),
(1127, 2651, 3, 5),
(1128, 2652, 1, 5),
(1128, 2653, 2, 5),
(1128, 2654, 3, 5),
(1129, 2655, 1, 5),
(1129, 2656, 2, 5),
(1129, 2657, 3, 5),
(1130, 2658, 1, 4),
(1130, 2659, 2, 4),
(1130, 2660, 3, 4),
(1131, 2661, 1, 5),
(1131, 2662, 2, 5),
(1131, 2663, 3, 5),
(1132, 2664, 1, 4),
(1132, 2665, 2, 4),
(1132, 2666, 3, 4),
(1133, 2667, 1, 5),
(1133, 2668, 2, 5),
(1133, 2669, 3, 5),
(1135, 2670, 1, 5),
(1135, 2671, 2, 5),
(1135, 2672, 3, 5),
(1136, 2673, 1, 5),
(1136, 2674, 2, 5),
(1136, 2675, 3, 5),
(1137, 2676, 1, 5),
(1137, 2677, 2, 5),
(1137, 2678, 3, 5),
(1138, 2679, 1, 5),
(1138, 2680, 2, 5),
(1138, 2681, 3, 5),
(1140, 2682, 1, 5),
(1140, 2683, 2, 5),
(1140, 2684, 3, 5),
(1142, 2685, 1, 5),
(1142, 2686, 2, 5),
(1142, 2687, 3, 5),
(1143, 2688, 1, 5),
(1143, 2689, 2, 5),
(1143, 2690, 3, 5),
(1145, 2691, 1, 5),
(1145, 2692, 2, 5),
(1145, 2693, 3, 5),
(1146, 2694, 1, 4),
(1146, 2695, 2, 4),
(1146, 2696, 3, 4),
(1147, 2697, 1, 5),
(1147, 2698, 2, 5),
(1147, 2699, 3, 5),
(1148, 2700, 1, 5),
(1148, 2701, 2, 5),
(1148, 2702, 3, 5),
(1149, 2703, 1, 5),
(1149, 2704, 2, 5),
(1149, 2705, 3, 5),
(1150, 2706, 1, 5),
(1150, 2707, 2, 5),
(1150, 2708, 3, 5),
(1151, 2709, 1, 5),
(1151, 2710, 2, 5),
(1151, 2711, 3, 5),
(1153, 2712, 1, 5),
(1153, 2713, 2, 4),
(1153, 2714, 3, 3),
(1154, 2715, 1, 5),
(1154, 2716, 2, 5),
(1154, 2717, 3, 5),
(1155, 2718, 1, 5),
(1155, 2719, 2, 5),
(1155, 2720, 3, 5),
(1156, 2721, 1, 5),
(1156, 2722, 2, 5),
(1156, 2723, 3, 5),
(1157, 2724, 1, 5),
(1157, 2725, 2, 5),
(1157, 2726, 3, 5),
(1158, 2727, 1, 5),
(1158, 2728, 2, 5),
(1158, 2729, 3, 5),
(1160, 2730, 1, 5),
(1160, 2731, 2, 5),
(1160, 2732, 3, 5),
(1161, 2733, 1, 5),
(1161, 2734, 2, 5),
(1161, 2735, 3, 5),
(1163, 2736, 1, 5),
(1163, 2737, 2, 5),
(1163, 2738, 3, 5),
(1164, 2739, 1, 5),
(1164, 2740, 2, 5),
(1164, 2741, 3, 5),
(1165, 2742, 1, 5),
(1165, 2743, 2, 5),
(1165, 2744, 3, 5),
(1166, 2745, 1, 5),
(1166, 2746, 2, 5),
(1166, 2747, 3, 5),
(1168, 2748, 1, 5),
(1168, 2749, 2, 5),
(1168, 2750, 3, 5),
(1169, 2751, 1, 5),
(1169, 2752, 2, 5),
(1169, 2753, 3, 5),
(1170, 2754, 1, 5),
(1170, 2755, 2, 5),
(1170, 2756, 3, 5),
(1171, 2757, 1, 5),
(1171, 2758, 2, 5),
(1171, 2759, 3, 5),
(1172, 2760, 1, 5),
(1172, 2761, 2, 5),
(1172, 2762, 3, 5),
(1174, 2763, 1, 5),
(1174, 2764, 2, 5),
(1174, 2765, 3, 5),
(1175, 2766, 1, 4),
(1175, 2767, 2, 4),
(1175, 2768, 3, 4),
(1176, 2769, 1, 5),
(1176, 2770, 2, 5),
(1176, 2771, 3, 5),
(1177, 2772, 1, 5),
(1177, 2773, 2, 5),
(1177, 2774, 3, 5),
(1178, 2775, 1, 5),
(1178, 2776, 2, 5),
(1178, 2777, 3, 5),
(1179, 2778, 1, 5),
(1179, 2779, 2, 5),
(1179, 2780, 3, 5),
(1182, 2781, 1, 5),
(1182, 2782, 2, 5),
(1185, 2783, 1, 5),
(1185, 2784, 2, 5),
(1185, 2785, 3, 5),
(1186, 2786, 1, 5),
(1186, 2787, 2, 5),
(1186, 2788, 3, 5),
(1187, 2789, 1, 5),
(1187, 2790, 2, 5),
(1187, 2791, 3, 5),
(1188, 2792, 1, 5),
(1188, 2793, 2, 5),
(1188, 2794, 3, 5),
(1189, 2795, 1, 5),
(1189, 2796, 2, 5),
(1189, 2797, 3, 5),
(1190, 2798, 1, 5),
(1190, 2799, 2, 5),
(1190, 2800, 3, 5),
(1192, 2801, 1, 2),
(1192, 2802, 2, 2),
(1192, 2803, 3, 2),
(1194, 2804, 1, 5),
(1194, 2805, 2, 5),
(1194, 2806, 3, 5),
(1195, 2807, 1, 5),
(1195, 2808, 2, 5),
(1196, 2809, 1, 4),
(1196, 2810, 2, 5),
(1196, 2811, 3, 4),
(1199, 2812, 1, 5),
(1199, 2813, 2, 5),
(1199, 2814, 3, 5),
(1200, 2815, 1, 5),
(1200, 2816, 2, 5),
(1200, 2817, 3, 5),
(1201, 2818, 1, 5),
(1201, 2819, 2, 5),
(1201, 2820, 3, 5),
(1202, 2821, 1, 5),
(1202, 2822, 2, 5),
(1202, 2823, 3, 5),
(1203, 2824, 1, 5),
(1203, 2825, 2, 5),
(1203, 2826, 3, 5),
(1205, 2827, 1, 4),
(1205, 2828, 2, 4),
(1205, 2829, 3, 4),
(1206, 2830, 1, 5),
(1206, 2831, 2, 5),
(1206, 2832, 3, 5),
(1207, 2833, 1, 5),
(1207, 2834, 2, 5),
(1207, 2835, 3, 5),
(1208, 2836, 1, 5),
(1208, 2837, 2, 5),
(1208, 2838, 3, 5),
(1213, 2839, 1, 5),
(1213, 2840, 2, 5),
(1213, 2841, 3, 5),
(1214, 2842, 1, 5),
(1214, 2843, 2, 5),
(1214, 2844, 3, 5),
(1215, 2845, 1, 5),
(1215, 2846, 2, 5),
(1215, 2847, 3, 5),
(1217, 2848, 1, 5),
(1217, 2849, 2, 5),
(1217, 2850, 3, 5),
(1219, 2851, 1, 5),
(1219, 2852, 2, 5),
(1219, 2853, 3, 5),
(1221, 2854, 1, 5),
(1221, 2855, 2, 5),
(1221, 2856, 3, 5),
(1223, 2857, 1, 5),
(1223, 2858, 2, 5),
(1223, 2859, 3, 5),
(1226, 2860, 1, 5),
(1226, 2861, 2, 5),
(1226, 2862, 3, 5),
(1228, 2863, 1, 5),
(1228, 2864, 2, 5),
(1228, 2865, 3, 5),
(1229, 2866, 1, 5),
(1229, 2867, 2, 5),
(1229, 2868, 3, 5),
(1231, 2869, 1, 5),
(1231, 2870, 2, 5),
(1231, 2871, 3, 5),
(60, 2875, 1, 5),
(60, 2876, 2, 5),
(60, 2877, 3, 5),
(63, 2878, 1, 5),
(63, 2879, 2, 5),
(63, 2880, 3, 5),
(64, 2881, 1, 5),
(64, 2882, 2, 5),
(64, 2883, 3, 5),
(70, 2884, 1, 5),
(70, 2885, 2, 5),
(70, 2886, 3, 5),
(78, 2887, 1, 4),
(78, 2888, 2, 4),
(78, 2889, 3, 4),
(80, 2890, 1, 5),
(80, 2891, 2, 5),
(80, 2892, 3, 5),
(83, 2893, 1, 5),
(83, 2894, 2, 5),
(83, 2895, 3, 5),
(84, 2896, 1, 4),
(84, 2897, 2, 1),
(84, 2898, 3, 1),
(85, 2899, 1, 5),
(85, 2900, 2, 3),
(85, 2901, 3, 5),
(86, 2902, 1, 4),
(86, 2903, 2, 3),
(86, 2904, 3, 4),
(87, 2905, 1, 5),
(87, 2906, 2, 5),
(87, 2907, 3, 5),
(89, 2908, 1, 5),
(89, 2909, 2, 5),
(89, 2910, 3, 5),
(90, 2911, 1, 5),
(90, 2912, 2, 5),
(90, 2913, 3, 5),
(92, 2914, 1, 5),
(92, 2915, 2, 5),
(92, 2916, 3, 5),
(93, 2917, 1, 5),
(93, 2918, 2, 5),
(93, 2919, 3, 5),
(94, 2920, 1, 5),
(94, 2921, 2, 4),
(94, 2922, 3, 3),
(95, 2923, 1, 5),
(95, 2924, 2, 5),
(95, 2925, 3, 5),
(96, 2926, 1, 4),
(96, 2927, 2, 4),
(96, 2928, 3, 4),
(97, 2929, 1, 4),
(97, 2930, 2, 4),
(97, 2931, 3, 4),
(98, 2932, 1, 5),
(98, 2933, 2, 5),
(98, 2934, 3, 5),
(99, 2935, 1, 5),
(99, 2936, 2, 5),
(99, 2937, 3, 5),
(100, 2938, 1, 5),
(100, 2939, 2, 5),
(100, 2940, 3, 5),
(101, 2941, 1, 5),
(101, 2942, 2, 5),
(101, 2943, 3, 5),
(103, 2944, 1, 5),
(103, 2945, 2, 5),
(103, 2946, 3, 5),
(104, 2947, 1, 5),
(104, 2948, 2, 5),
(104, 2949, 3, 5),
(105, 2950, 1, 5),
(105, 2951, 2, 5),
(105, 2952, 3, 5),
(106, 2953, 1, 5),
(106, 2954, 2, 5),
(106, 2955, 3, 5),
(107, 2956, 1, 5),
(107, 2957, 2, 5),
(107, 2958, 3, 5),
(108, 2959, 1, 5),
(108, 2960, 2, 5),
(108, 2961, 3, 5),
(109, 2962, 1, 5),
(109, 2963, 2, 5),
(109, 2964, 3, 5),
(110, 2965, 1, 5),
(110, 2966, 2, 5),
(110, 2967, 3, 5),
(111, 2968, 1, 5),
(111, 2969, 2, 5),
(111, 2970, 3, 5),
(113, 2971, 1, 3),
(113, 2972, 2, 3),
(113, 2973, 3, 4),
(114, 2974, 1, 5),
(114, 2975, 2, 5),
(114, 2976, 3, 5),
(116, 2977, 1, 5),
(116, 2978, 2, 5),
(116, 2979, 3, 5),
(117, 2980, 1, 5),
(117, 2981, 2, 5);
INSERT INTO `support_ratings` (`support_id`, `id`, `support_question_id`, `value`) VALUES
(117, 2982, 3, 5),
(118, 2983, 1, 5),
(118, 2984, 2, 5),
(118, 2985, 3, 5),
(119, 2986, 1, 5),
(119, 2987, 2, 5),
(119, 2988, 3, 5),
(120, 2989, 1, 5),
(120, 2990, 2, 5),
(120, 2991, 3, 5),
(122, 2992, 1, 5),
(122, 2993, 2, 5),
(122, 2994, 3, 5),
(129, 2995, 1, 5),
(129, 2996, 2, 5),
(129, 2997, 3, 5),
(131, 2998, 1, 5),
(131, 2999, 2, 5),
(131, 3000, 3, 5),
(132, 3001, 1, 5),
(132, 3002, 2, 5),
(132, 3003, 3, 5),
(134, 3004, 1, 5),
(134, 3005, 2, 5),
(134, 3006, 3, 5),
(135, 3007, 1, 5),
(135, 3008, 2, 5),
(135, 3009, 3, 5),
(136, 3010, 1, 5),
(136, 3011, 2, 5),
(136, 3012, 3, 5),
(137, 3013, 1, 5),
(137, 3014, 2, 5),
(137, 3015, 3, 5),
(139, 3016, 1, 5),
(139, 3017, 2, 5),
(139, 3018, 3, 5),
(140, 3019, 1, 5),
(140, 3020, 2, 4),
(140, 3021, 3, 4),
(141, 3022, 1, 5),
(141, 3023, 2, 5),
(141, 3024, 3, 5),
(142, 3025, 1, 5),
(142, 3026, 2, 5),
(142, 3027, 3, 5),
(143, 3028, 1, 5),
(143, 3029, 2, 5),
(143, 3030, 3, 5),
(144, 3031, 1, 4),
(144, 3032, 2, 4),
(144, 3033, 3, 4),
(145, 3034, 1, 5),
(145, 3035, 2, 5),
(145, 3036, 3, 5),
(146, 3037, 1, 5),
(146, 3038, 2, 5),
(146, 3039, 3, 5),
(147, 3040, 1, 5),
(147, 3041, 2, 5),
(147, 3042, 3, 5),
(148, 3043, 1, 5),
(148, 3044, 2, 5),
(148, 3045, 3, 5),
(149, 3046, 1, 4),
(149, 3047, 2, 4),
(149, 3048, 3, 4),
(150, 3049, 1, 5),
(150, 3050, 2, 5),
(150, 3051, 3, 5),
(151, 3052, 1, 5),
(151, 3053, 2, 3),
(151, 3054, 3, 5),
(152, 3055, 1, 5),
(152, 3056, 2, 5),
(152, 3057, 3, 5),
(153, 3058, 1, 5),
(153, 3059, 2, 5),
(153, 3060, 3, 5),
(154, 3061, 1, 4),
(154, 3062, 2, 4),
(154, 3063, 3, 4),
(156, 3064, 1, 5),
(156, 3065, 2, 5),
(156, 3066, 3, 5),
(157, 3067, 1, 1),
(157, 3068, 2, 1),
(157, 3069, 3, 1),
(158, 3070, 1, 1),
(158, 3071, 2, 1),
(158, 3072, 3, 1),
(159, 3073, 1, 5),
(159, 3074, 2, 5),
(159, 3075, 3, 5),
(160, 3076, 1, 5),
(160, 3077, 2, 5),
(160, 3078, 3, 5),
(161, 3079, 1, 4),
(161, 3080, 2, 4),
(161, 3081, 3, 4),
(162, 3082, 1, 5),
(162, 3083, 2, 5),
(162, 3084, 3, 5),
(163, 3085, 1, 5),
(163, 3086, 2, 5),
(163, 3087, 3, 5),
(164, 3088, 1, 5),
(164, 3089, 2, 5),
(164, 3090, 3, 5),
(165, 3091, 1, 5),
(165, 3092, 2, 5),
(165, 3093, 3, 5),
(166, 3094, 1, 5),
(166, 3095, 2, 5),
(166, 3096, 3, 5),
(167, 3097, 1, 5),
(167, 3098, 2, 5),
(167, 3099, 3, 5),
(168, 3100, 1, 5),
(168, 3101, 2, 5),
(168, 3102, 3, 5),
(169, 3103, 1, 5),
(169, 3104, 2, 5),
(169, 3105, 3, 5),
(170, 3106, 1, 5),
(170, 3107, 2, 5),
(170, 3108, 3, 5),
(171, 3109, 1, 5),
(171, 3110, 2, 5),
(171, 3111, 3, 5),
(172, 3112, 1, 5),
(172, 3113, 2, 5),
(172, 3114, 3, 5),
(173, 3115, 1, 5),
(173, 3116, 2, 5),
(173, 3117, 3, 5),
(174, 3118, 1, 5),
(174, 3119, 2, 5),
(174, 3120, 3, 5),
(175, 3121, 1, 5),
(175, 3122, 2, 2),
(175, 3123, 3, 2),
(176, 3124, 1, 5),
(176, 3125, 2, 5),
(176, 3126, 3, 5),
(177, 3127, 1, 4),
(177, 3128, 2, 4),
(177, 3129, 3, 4),
(178, 3130, 1, 5),
(178, 3131, 2, 5),
(178, 3132, 3, 5),
(179, 3133, 1, 5),
(179, 3134, 2, 5),
(179, 3135, 3, 5),
(180, 3136, 1, 5),
(180, 3137, 2, 5),
(180, 3138, 3, 5),
(181, 3139, 1, 5),
(181, 3140, 2, 5),
(181, 3141, 3, 5),
(182, 3142, 1, 5),
(182, 3143, 2, 3),
(182, 3144, 3, 5),
(183, 3145, 1, 5),
(183, 3146, 2, 5),
(183, 3147, 3, 5),
(184, 3148, 1, 5),
(184, 3149, 2, 5),
(184, 3150, 3, 5),
(185, 3151, 1, 5),
(185, 3152, 2, 5),
(185, 3153, 3, 5),
(186, 3154, 1, 5),
(186, 3155, 2, 5),
(186, 3156, 3, 5),
(187, 3157, 1, 5),
(187, 3158, 2, 5),
(187, 3159, 3, 5),
(188, 3160, 1, 5),
(188, 3161, 2, 5),
(188, 3162, 3, 5),
(189, 3163, 1, 5),
(189, 3164, 2, 5),
(189, 3165, 3, 5),
(190, 3166, 1, 5),
(190, 3167, 2, 5),
(190, 3168, 3, 5),
(191, 3169, 1, 4),
(191, 3170, 2, 4),
(191, 3171, 3, 4),
(193, 3172, 1, 5),
(193, 3173, 2, 5),
(193, 3174, 3, 5),
(194, 3175, 1, 5),
(194, 3176, 2, 5),
(194, 3177, 3, 5),
(195, 3178, 1, 5),
(195, 3179, 2, 5),
(195, 3180, 3, 5),
(196, 3181, 1, 5),
(196, 3182, 2, 5),
(196, 3183, 3, 5),
(198, 3184, 1, 5),
(198, 3185, 2, 5),
(198, 3186, 3, 5),
(203, 3187, 1, 5),
(203, 3188, 2, 5),
(203, 3189, 3, 5),
(204, 3190, 1, 5),
(204, 3191, 2, 5),
(204, 3192, 3, 5),
(205, 3193, 1, 5),
(205, 3194, 2, 5),
(205, 3195, 3, 5),
(206, 3196, 1, 5),
(206, 3197, 2, 5),
(206, 3198, 3, 5),
(207, 3199, 1, 5),
(207, 3200, 2, 5),
(207, 3201, 3, 5),
(208, 3202, 1, 5),
(208, 3203, 2, 5),
(208, 3204, 3, 5),
(209, 3205, 1, 5),
(209, 3206, 2, 5),
(209, 3207, 3, 5),
(210, 3208, 1, 5),
(210, 3209, 2, 5),
(210, 3210, 3, 5),
(211, 3211, 1, 5),
(211, 3212, 2, 5),
(211, 3213, 3, 5),
(212, 3214, 1, 5),
(212, 3215, 2, 5),
(212, 3216, 3, 5),
(215, 3217, 1, 4),
(215, 3218, 2, 4),
(215, 3219, 3, 3),
(216, 3220, 1, 5),
(216, 3221, 2, 5),
(216, 3222, 3, 5),
(217, 3223, 1, 5),
(217, 3224, 2, 5),
(217, 3225, 3, 5),
(218, 3226, 1, 5),
(218, 3227, 2, 5),
(218, 3228, 3, 5),
(219, 3229, 1, 5),
(219, 3230, 2, 5),
(219, 3231, 3, 5),
(220, 3232, 1, 5),
(220, 3233, 2, 5),
(220, 3234, 3, 5),
(221, 3235, 1, 5),
(221, 3236, 2, 2),
(221, 3237, 3, 2),
(222, 3238, 1, 5),
(222, 3239, 2, 5),
(222, 3240, 3, 5),
(223, 3241, 1, 5),
(223, 3242, 2, 5),
(223, 3243, 3, 5),
(224, 3244, 1, 5),
(224, 3245, 2, 5),
(224, 3246, 3, 5),
(225, 3247, 1, 5),
(225, 3248, 2, 5),
(225, 3249, 3, 5),
(226, 3250, 1, 5),
(226, 3251, 2, 5),
(226, 3252, 3, 5),
(227, 3253, 1, 5),
(227, 3254, 2, 2),
(227, 3255, 3, 4),
(228, 3256, 1, 5),
(228, 3257, 2, 5),
(228, 3258, 3, 5),
(229, 3259, 1, 5),
(229, 3260, 2, 5),
(229, 3261, 3, 5),
(230, 3262, 1, 5),
(230, 3263, 2, 5),
(230, 3264, 3, 5),
(231, 3265, 1, 5),
(231, 3266, 2, 5),
(231, 3267, 3, 5),
(234, 3268, 1, 5),
(234, 3269, 2, 5),
(234, 3270, 3, 2),
(235, 3271, 1, 5),
(235, 3272, 2, 5),
(235, 3273, 3, 5),
(236, 3274, 1, 5),
(236, 3275, 2, 5),
(236, 3276, 3, 5),
(237, 3277, 1, 5),
(237, 3278, 2, 5),
(237, 3279, 3, 2),
(238, 3280, 1, 5),
(238, 3281, 2, 5),
(238, 3282, 3, 5),
(241, 3283, 1, 5),
(241, 3284, 2, 4),
(241, 3285, 3, 3),
(245, 3286, 1, 5),
(245, 3287, 2, 5),
(245, 3288, 3, 5),
(247, 3289, 1, 5),
(247, 3290, 2, 5),
(247, 3291, 3, 5),
(249, 3292, 1, 5),
(249, 3293, 2, 5),
(249, 3294, 3, 5),
(250, 3295, 1, 5),
(250, 3296, 2, 5),
(250, 3297, 3, 5),
(251, 3298, 1, 5),
(251, 3299, 2, 5),
(251, 3300, 3, 5),
(252, 3301, 1, 5),
(252, 3302, 2, 5),
(252, 3303, 3, 5),
(253, 3304, 1, 5),
(253, 3305, 2, 5),
(253, 3306, 3, 5),
(254, 3307, 1, 5),
(254, 3308, 2, 5),
(254, 3309, 3, 5),
(255, 3310, 1, 5),
(255, 3311, 2, 5),
(255, 3312, 3, 5),
(256, 3313, 1, 5),
(256, 3314, 2, 5),
(256, 3315, 3, 5),
(257, 3316, 1, 5),
(257, 3317, 2, 5),
(257, 3318, 3, 5),
(258, 3319, 1, 1),
(258, 3320, 2, 1),
(258, 3321, 3, 1),
(259, 3322, 1, 5),
(259, 3323, 2, 5),
(259, 3324, 3, 5),
(260, 3325, 1, 5),
(260, 3326, 2, 5),
(260, 3327, 3, 5),
(261, 3328, 1, 5),
(261, 3329, 2, 5),
(261, 3330, 3, 5),
(262, 3331, 1, 5),
(262, 3332, 2, 2),
(262, 3333, 3, 2),
(263, 3334, 1, 5),
(263, 3335, 2, 5),
(263, 3336, 3, 5),
(264, 3337, 1, 5),
(264, 3338, 2, 5),
(264, 3339, 3, 5),
(265, 3340, 1, 5),
(265, 3341, 2, 5),
(265, 3342, 3, 5),
(266, 3343, 1, 5),
(266, 3344, 2, 5),
(266, 3345, 3, 5),
(269, 3346, 1, 5),
(269, 3347, 2, 5),
(269, 3348, 3, 5),
(270, 3349, 1, 1),
(270, 3350, 2, 1),
(270, 3351, 3, 1),
(271, 3352, 1, 5),
(271, 3353, 2, 5),
(271, 3354, 3, 5),
(272, 3355, 1, 1),
(272, 3356, 2, 1),
(272, 3357, 3, 1),
(273, 3358, 1, 5),
(273, 3359, 2, 5),
(273, 3360, 3, 5),
(278, 3361, 1, 5),
(278, 3362, 2, 5),
(278, 3363, 3, 5),
(279, 3364, 1, 5),
(279, 3365, 2, 5),
(279, 3366, 3, 5),
(280, 3367, 1, 5),
(280, 3368, 2, 5),
(280, 3369, 3, 5),
(281, 3370, 1, 5),
(281, 3371, 2, 5),
(281, 3372, 3, 5),
(282, 3373, 1, 5),
(282, 3374, 2, 5),
(282, 3375, 3, 5),
(283, 3376, 1, 5),
(283, 3377, 2, 5),
(283, 3378, 3, 5),
(284, 3379, 1, 5),
(284, 3380, 2, 5),
(284, 3381, 3, 5),
(285, 3382, 1, 5),
(285, 3383, 2, 5),
(285, 3384, 3, 5),
(287, 3385, 1, 5),
(287, 3386, 2, 5),
(287, 3387, 3, 5),
(288, 3388, 1, 5),
(288, 3389, 2, 5),
(288, 3390, 3, 5),
(289, 3391, 1, 5),
(289, 3392, 2, 5),
(289, 3393, 3, 4),
(290, 3394, 1, 5),
(290, 3395, 2, 5),
(290, 3396, 3, 5),
(291, 3397, 1, 5),
(291, 3398, 2, 5),
(291, 3399, 3, 5),
(292, 3400, 1, 5),
(292, 3401, 2, 5),
(292, 3402, 3, 5),
(293, 3403, 1, 5),
(293, 3404, 2, 5),
(293, 3405, 3, 5),
(294, 3406, 1, 5),
(294, 3407, 2, 5),
(294, 3408, 3, 5),
(295, 3409, 1, 4),
(295, 3410, 2, 4),
(295, 3411, 3, 4),
(296, 3412, 1, 5),
(296, 3413, 2, 5),
(296, 3414, 3, 5),
(297, 3415, 1, 5),
(297, 3416, 2, 5),
(297, 3417, 3, 5),
(298, 3418, 1, 5),
(298, 3419, 2, 5),
(298, 3420, 3, 5),
(299, 3421, 1, 5),
(299, 3422, 2, 3),
(299, 3423, 3, 5),
(300, 3424, 1, 5),
(300, 3425, 2, 5),
(300, 3426, 3, 5),
(301, 3427, 1, 5),
(301, 3428, 2, 5),
(301, 3429, 3, 5),
(302, 3430, 1, 5),
(302, 3431, 2, 5),
(302, 3432, 3, 5),
(303, 3433, 1, 5),
(303, 3434, 2, 5),
(303, 3435, 3, 5),
(304, 3436, 1, 5),
(304, 3437, 2, 5),
(304, 3438, 3, 5),
(305, 3439, 1, 5),
(305, 3440, 2, 5),
(305, 3441, 3, 5),
(306, 3442, 1, 5),
(306, 3443, 2, 5),
(306, 3444, 3, 5),
(307, 3445, 1, 5),
(307, 3446, 2, 4),
(307, 3447, 3, 5),
(308, 3448, 1, 5),
(308, 3449, 2, 5),
(308, 3450, 3, 5),
(309, 3451, 1, 5),
(309, 3452, 2, 5),
(309, 3453, 3, 5),
(313, 3454, 1, 5),
(313, 3455, 2, 5),
(313, 3456, 3, 5),
(314, 3457, 1, 5),
(314, 3458, 2, 5),
(314, 3459, 3, 5),
(315, 3460, 1, 5),
(315, 3461, 2, 4),
(315, 3462, 3, 2),
(316, 3463, 1, 5),
(316, 3464, 2, 4),
(316, 3465, 3, 5),
(317, 3466, 1, 5),
(317, 3467, 3, 5),
(318, 3468, 1, 5),
(318, 3469, 2, 5),
(318, 3470, 3, 5),
(320, 3471, 1, 5),
(320, 3472, 2, 5),
(320, 3473, 3, 5),
(321, 3474, 1, 5),
(321, 3475, 2, 5),
(321, 3476, 3, 5),
(322, 3477, 1, 5),
(322, 3478, 2, 5),
(322, 3479, 3, 5),
(323, 3480, 1, 5),
(323, 3481, 2, 5),
(323, 3482, 3, 5),
(324, 3483, 1, 2),
(324, 3484, 2, 2),
(324, 3485, 3, 5),
(325, 3486, 1, 5),
(325, 3487, 2, 5),
(325, 3488, 3, 5),
(326, 3489, 1, 4),
(326, 3490, 2, 4),
(326, 3491, 3, 4),
(327, 3492, 1, 5),
(327, 3493, 2, 5),
(327, 3494, 3, 5),
(328, 3495, 1, 5),
(328, 3496, 2, 5),
(328, 3497, 3, 5),
(329, 3498, 1, 5),
(329, 3499, 2, 5),
(329, 3500, 3, 5),
(331, 3501, 1, 5),
(331, 3502, 2, 5),
(331, 3503, 3, 5),
(332, 3504, 1, 5),
(332, 3505, 2, 5),
(332, 3506, 3, 5),
(333, 3507, 1, 5),
(333, 3508, 2, 5),
(333, 3509, 3, 5),
(334, 3510, 1, 5),
(334, 3511, 2, 5),
(334, 3512, 3, 5),
(335, 3513, 1, 5),
(335, 3514, 2, 5),
(335, 3515, 3, 5),
(336, 3516, 1, 5),
(336, 3517, 2, 5),
(336, 3518, 3, 5),
(337, 3519, 1, 5),
(337, 3520, 2, 5),
(337, 3521, 3, 5),
(338, 3522, 1, 5),
(338, 3523, 2, 5),
(338, 3524, 3, 5),
(339, 3525, 1, 5),
(339, 3526, 2, 5),
(339, 3527, 3, 5),
(340, 3528, 1, 5),
(340, 3529, 2, 5),
(340, 3530, 3, 5),
(341, 3531, 1, 5),
(341, 3532, 2, 5),
(341, 3533, 3, 5),
(342, 3534, 1, 5),
(342, 3535, 2, 5),
(342, 3536, 3, 5),
(344, 3537, 1, 5),
(344, 3538, 2, 5),
(344, 3539, 3, 5),
(345, 3540, 1, 4),
(345, 3541, 2, 4),
(345, 3542, 3, 4),
(346, 3543, 1, 5),
(346, 3544, 2, 5),
(346, 3545, 3, 5),
(347, 3546, 1, 5),
(347, 3547, 2, 5),
(347, 3548, 3, 5),
(348, 3549, 1, 5),
(348, 3550, 2, 5),
(348, 3551, 3, 5),
(349, 3552, 1, 5),
(349, 3553, 2, 5),
(349, 3554, 3, 5),
(350, 3555, 1, 5),
(350, 3556, 2, 5),
(350, 3557, 3, 5),
(351, 3558, 1, 5),
(351, 3559, 2, 5),
(351, 3560, 3, 5),
(352, 3561, 1, 5),
(352, 3562, 2, 5),
(352, 3563, 3, 5),
(353, 3564, 1, 5),
(353, 3565, 2, 5),
(353, 3566, 3, 5),
(354, 3567, 1, 5),
(354, 3568, 2, 5),
(354, 3569, 3, 5),
(355, 3570, 1, 5),
(355, 3571, 2, 5),
(355, 3572, 3, 5),
(356, 3573, 1, 5),
(356, 3574, 2, 5),
(356, 3575, 3, 5),
(357, 3576, 1, 5),
(357, 3577, 2, 5),
(357, 3578, 3, 5),
(358, 3579, 1, 5),
(358, 3580, 2, 5),
(358, 3581, 3, 4),
(359, 3582, 1, 5),
(359, 3583, 2, 5),
(359, 3584, 3, 5),
(360, 3585, 1, 5),
(360, 3586, 2, 5),
(360, 3587, 3, 5),
(361, 3588, 1, 5),
(361, 3589, 2, 5),
(361, 3590, 3, 5),
(362, 3591, 1, 5),
(362, 3592, 2, 5),
(362, 3593, 3, 5),
(363, 3594, 1, 5),
(363, 3595, 2, 5),
(363, 3596, 3, 5),
(364, 3597, 1, 5),
(364, 3598, 2, 5),
(364, 3599, 3, 3),
(365, 3600, 1, 5),
(365, 3601, 2, 5),
(365, 3602, 3, 5),
(366, 3603, 1, 5),
(366, 3604, 2, 5),
(366, 3605, 3, 5),
(367, 3606, 1, 5),
(367, 3607, 2, 5),
(367, 3608, 3, 5),
(368, 3609, 1, 5),
(368, 3610, 2, 5),
(368, 3611, 3, 5),
(369, 3612, 1, 5),
(369, 3613, 2, 5),
(369, 3614, 3, 5),
(370, 3615, 1, 5),
(370, 3616, 2, 5),
(370, 3617, 3, 5),
(371, 3618, 1, 5),
(371, 3619, 2, 5),
(371, 3620, 3, 5),
(372, 3621, 1, 5),
(372, 3622, 2, 5),
(372, 3623, 3, 5),
(373, 3624, 1, 5),
(373, 3625, 2, 5),
(373, 3626, 3, 5),
(374, 3627, 1, 5),
(374, 3628, 2, 5),
(374, 3629, 3, 5),
(375, 3630, 1, 5),
(375, 3631, 2, 5),
(375, 3632, 3, 5),
(376, 3633, 1, 5),
(376, 3634, 2, 5),
(376, 3635, 3, 5),
(377, 3636, 1, 5),
(377, 3637, 2, 5),
(377, 3638, 3, 5),
(378, 3639, 1, 5),
(378, 3640, 2, 5),
(378, 3641, 3, 5),
(379, 3642, 1, 5),
(379, 3643, 2, 5),
(379, 3644, 3, 5),
(382, 3645, 1, 5),
(382, 3646, 2, 5),
(382, 3647, 3, 5),
(383, 3648, 1, 5),
(383, 3649, 2, 5),
(383, 3650, 3, 5),
(384, 3651, 1, 5),
(384, 3652, 2, 5),
(384, 3653, 3, 5),
(386, 3654, 1, 5),
(386, 3655, 2, 5),
(386, 3656, 3, 5),
(387, 3657, 1, 5),
(387, 3658, 2, 5),
(387, 3659, 3, 5),
(388, 3660, 1, 5),
(388, 3661, 2, 5),
(388, 3662, 3, 5),
(389, 3663, 1, 5),
(389, 3664, 2, 5),
(389, 3665, 3, 5),
(390, 3666, 1, 5),
(390, 3667, 2, 4),
(390, 3668, 3, 5),
(391, 3669, 1, 5),
(391, 3670, 2, 5),
(391, 3671, 3, 5),
(392, 3672, 1, 5),
(392, 3673, 2, 5),
(392, 3674, 3, 5),
(393, 3675, 1, 5),
(393, 3676, 2, 5),
(393, 3677, 3, 5),
(394, 3678, 1, 5),
(394, 3679, 2, 5),
(394, 3680, 3, 5),
(395, 3681, 1, 5),
(395, 3682, 2, 5),
(395, 3683, 3, 5),
(396, 3684, 1, 5),
(396, 3685, 2, 4),
(396, 3686, 3, 4),
(398, 3687, 1, 4),
(398, 3688, 2, 4),
(398, 3689, 3, 4),
(399, 3690, 1, 5),
(399, 3691, 2, 5),
(399, 3692, 3, 5),
(401, 3693, 1, 3),
(401, 3694, 2, 3),
(401, 3695, 3, 3),
(405, 3696, 1, 5),
(405, 3697, 2, 5),
(405, 3698, 3, 5),
(406, 3699, 1, 5),
(406, 3700, 2, 5),
(406, 3701, 3, 5),
(407, 3702, 1, 5),
(407, 3703, 2, 5),
(407, 3704, 3, 5),
(408, 3705, 1, 5),
(408, 3706, 2, 5),
(408, 3707, 3, 5),
(409, 3708, 1, 5),
(409, 3709, 2, 5),
(409, 3710, 3, 5),
(410, 3711, 1, 3),
(410, 3712, 2, 3),
(410, 3713, 3, 3),
(411, 3714, 1, 5),
(411, 3715, 2, 5),
(411, 3716, 3, 1),
(412, 3717, 1, 4),
(412, 3718, 2, 5),
(412, 3719, 3, 5),
(413, 3720, 1, 3),
(413, 3721, 2, 3),
(413, 3722, 3, 3),
(414, 3723, 1, 5),
(414, 3724, 2, 5),
(414, 3725, 3, 5),
(415, 3726, 1, 5),
(415, 3727, 2, 5),
(415, 3728, 3, 5),
(416, 3729, 1, 5),
(416, 3730, 2, 5),
(416, 3731, 3, 5),
(417, 3732, 1, 5),
(417, 3733, 2, 5),
(417, 3734, 3, 5),
(418, 3735, 1, 5),
(418, 3736, 2, 5),
(418, 3737, 3, 5),
(419, 3738, 1, 5),
(419, 3739, 2, 5),
(419, 3740, 3, 5),
(420, 3741, 1, 5),
(420, 3742, 2, 5),
(420, 3743, 3, 5),
(421, 3744, 1, 5),
(421, 3745, 2, 5),
(421, 3746, 3, 5),
(422, 3747, 1, 5),
(422, 3748, 2, 5),
(422, 3749, 3, 5),
(423, 3750, 1, 5),
(423, 3751, 2, 5),
(423, 3752, 3, 5),
(425, 3753, 1, 5),
(425, 3754, 2, 5),
(425, 3755, 3, 5),
(426, 3756, 1, 5),
(426, 3757, 2, 5),
(426, 3758, 3, 5),
(427, 3759, 1, 5),
(427, 3760, 2, 5),
(428, 3761, 1, 5),
(428, 3762, 2, 5),
(428, 3763, 3, 5),
(429, 3764, 1, 5),
(429, 3765, 2, 3),
(429, 3766, 3, 5),
(430, 3767, 1, 5),
(430, 3768, 2, 4),
(430, 3769, 3, 4),
(431, 3770, 1, 5),
(431, 3771, 2, 5),
(431, 3772, 3, 5),
(432, 3773, 1, 5),
(432, 3774, 2, 5),
(432, 3775, 3, 5),
(433, 3776, 1, 5),
(433, 3777, 2, 5),
(433, 3778, 3, 5),
(434, 3779, 1, 5),
(434, 3780, 2, 5),
(434, 3781, 3, 5),
(435, 3782, 1, 5),
(435, 3783, 2, 5),
(435, 3784, 3, 5),
(436, 3785, 1, 5),
(436, 3786, 2, 5),
(436, 3787, 3, 5),
(437, 3788, 1, 5),
(437, 3789, 2, 5),
(437, 3790, 3, 5),
(438, 3791, 1, 5),
(438, 3792, 2, 5),
(438, 3793, 3, 5),
(440, 3794, 1, 5),
(440, 3795, 2, 5),
(440, 3796, 3, 5),
(441, 3797, 1, 4),
(441, 3798, 2, 4),
(441, 3799, 3, 4),
(442, 3800, 1, 5),
(442, 3801, 2, 5),
(442, 3802, 3, 5),
(444, 3803, 1, 5),
(444, 3804, 2, 5),
(444, 3805, 3, 5),
(445, 3806, 1, 5),
(445, 3807, 2, 4),
(445, 3808, 3, 3),
(446, 3809, 1, 5),
(446, 3810, 2, 5),
(446, 3811, 3, 5),
(447, 3812, 1, 5),
(447, 3813, 2, 5),
(447, 3814, 3, 5),
(449, 3815, 1, 5),
(449, 3816, 2, 5),
(449, 3817, 3, 5),
(450, 3818, 1, 5),
(450, 3819, 2, 5),
(450, 3820, 3, 5),
(452, 3821, 1, 5),
(452, 3822, 2, 3),
(452, 3823, 3, 3),
(453, 3824, 1, 5),
(453, 3825, 2, 5),
(453, 3826, 3, 5),
(454, 3827, 1, 5),
(454, 3828, 2, 5),
(454, 3829, 3, 5),
(455, 3830, 1, 5),
(455, 3831, 2, 5),
(455, 3832, 3, 5),
(456, 3833, 1, 5),
(456, 3834, 2, 5),
(456, 3835, 3, 5),
(457, 3836, 1, 4),
(457, 3837, 2, 4),
(457, 3838, 3, 4),
(458, 3839, 1, 4),
(458, 3840, 2, 4),
(458, 3841, 3, 4),
(459, 3842, 1, 5),
(459, 3843, 2, 5),
(459, 3844, 3, 5),
(460, 3845, 1, 5),
(460, 3846, 2, 5),
(460, 3847, 3, 5),
(461, 3848, 1, 5),
(461, 3849, 2, 5),
(461, 3850, 3, 5),
(462, 3851, 1, 5),
(462, 3852, 2, 5),
(462, 3853, 3, 5),
(463, 3854, 1, 5),
(463, 3855, 2, 4),
(463, 3856, 3, 3),
(464, 3857, 1, 5),
(464, 3858, 2, 5),
(464, 3859, 3, 5),
(465, 3860, 1, 5),
(465, 3861, 2, 4),
(465, 3862, 3, 2),
(466, 3863, 1, 5),
(466, 3864, 2, 5),
(466, 3865, 3, 5),
(467, 3866, 1, 5),
(467, 3867, 2, 2),
(467, 3868, 3, 4),
(469, 3869, 1, 5),
(469, 3870, 2, 5),
(469, 3871, 3, 5),
(470, 3872, 1, 5),
(470, 3873, 2, 5),
(470, 3874, 3, 5),
(471, 3875, 1, 5),
(471, 3876, 2, 5),
(471, 3877, 3, 5),
(472, 3878, 1, 4),
(472, 3879, 2, 4),
(472, 3880, 3, 4),
(473, 3881, 1, 5),
(473, 3882, 2, 5),
(473, 3883, 3, 5),
(474, 3884, 1, 5),
(474, 3885, 2, 5),
(474, 3886, 3, 5),
(475, 3887, 1, 5),
(475, 3888, 2, 5),
(475, 3889, 3, 5),
(476, 3890, 1, 5),
(476, 3891, 2, 5),
(476, 3892, 3, 5),
(477, 3893, 1, 5),
(477, 3894, 2, 5),
(477, 3895, 3, 5),
(478, 3896, 1, 5),
(478, 3897, 2, 5),
(478, 3898, 3, 5),
(479, 3899, 1, 5),
(479, 3900, 2, 5),
(479, 3901, 3, 5),
(481, 3902, 1, 5),
(481, 3903, 2, 5),
(481, 3904, 3, 5),
(482, 3905, 1, 5),
(482, 3906, 2, 5),
(482, 3907, 3, 5),
(483, 3908, 1, 5),
(483, 3909, 2, 5),
(483, 3910, 3, 5),
(484, 3911, 1, 5),
(484, 3912, 2, 5),
(484, 3913, 3, 5),
(485, 3914, 1, 5),
(485, 3915, 2, 5),
(485, 3916, 3, 4),
(486, 3917, 1, 4),
(486, 3918, 2, 4),
(486, 3919, 3, 4),
(487, 3920, 1, 5),
(487, 3921, 2, 5),
(487, 3922, 3, 5),
(488, 3923, 1, 5),
(488, 3924, 2, 5),
(488, 3925, 3, 5),
(489, 3926, 1, 5),
(489, 3927, 2, 5),
(489, 3928, 3, 5),
(490, 3929, 1, 5),
(490, 3930, 2, 5),
(490, 3931, 3, 5),
(491, 3932, 1, 5),
(491, 3933, 2, 5),
(491, 3934, 3, 5),
(492, 3935, 1, 5),
(492, 3936, 2, 5),
(492, 3937, 3, 5),
(493, 3938, 1, 5),
(493, 3939, 2, 5),
(493, 3940, 3, 5),
(494, 3941, 1, 5),
(494, 3942, 2, 5),
(494, 3943, 3, 5),
(495, 3944, 1, 5),
(495, 3945, 2, 5),
(495, 3946, 3, 5),
(497, 3947, 1, 5),
(497, 3948, 2, 5),
(497, 3949, 3, 5),
(498, 3950, 1, 4),
(498, 3951, 2, 4),
(498, 3952, 3, 4),
(500, 3953, 1, 5),
(500, 3954, 2, 5),
(500, 3955, 3, 5),
(501, 3956, 1, 4),
(501, 3957, 2, 4),
(501, 3958, 3, 4),
(502, 3959, 1, 5),
(502, 3960, 2, 5),
(502, 3961, 3, 5),
(503, 3962, 1, 5),
(503, 3963, 2, 5),
(503, 3964, 3, 5),
(504, 3965, 1, 5),
(504, 3966, 2, 5),
(504, 3967, 3, 5),
(505, 3968, 1, 5),
(505, 3969, 2, 5),
(505, 3970, 3, 5),
(506, 3971, 1, 5),
(506, 3972, 2, 5),
(506, 3973, 3, 5),
(507, 3974, 1, 5),
(507, 3975, 2, 3),
(507, 3976, 3, 1),
(508, 3977, 1, 5),
(508, 3978, 2, 5),
(508, 3979, 3, 5),
(509, 3980, 1, 5),
(509, 3981, 2, 5),
(509, 3982, 3, 5),
(510, 3983, 1, 5),
(510, 3984, 2, 5),
(510, 3985, 3, 5),
(511, 3986, 1, 4),
(511, 3987, 2, 3),
(511, 3988, 3, 3),
(512, 3989, 1, 5),
(512, 3990, 2, 5),
(512, 3991, 3, 5),
(513, 3992, 1, 5),
(513, 3993, 2, 5),
(513, 3994, 3, 5),
(514, 3995, 1, 5),
(514, 3996, 2, 2),
(514, 3997, 3, 1),
(515, 3998, 1, 5),
(515, 3999, 2, 5),
(515, 4000, 3, 3),
(516, 4001, 1, 5),
(516, 4002, 2, 5),
(516, 4003, 3, 5),
(517, 4004, 1, 5),
(517, 4005, 2, 5),
(517, 4006, 3, 5),
(518, 4007, 1, 4),
(518, 4008, 2, 4),
(518, 4009, 3, 4),
(519, 4010, 1, 5),
(519, 4011, 2, 5),
(519, 4012, 3, 5),
(520, 4013, 1, 5),
(520, 4014, 2, 5),
(520, 4015, 3, 5),
(521, 4016, 1, 4),
(521, 4017, 3, 4),
(522, 4018, 1, 5),
(522, 4019, 2, 5),
(522, 4020, 3, 5),
(523, 4021, 1, 5),
(523, 4022, 2, 5),
(523, 4023, 3, 5),
(524, 4024, 1, 5),
(524, 4025, 2, 4),
(524, 4026, 3, 5),
(525, 4027, 1, 5),
(525, 4028, 2, 5),
(525, 4029, 3, 5),
(526, 4030, 1, 5),
(526, 4031, 2, 5),
(526, 4032, 3, 5),
(527, 4033, 1, 5),
(527, 4034, 2, 5),
(527, 4035, 3, 5),
(528, 4036, 1, 5),
(528, 4037, 2, 5),
(528, 4038, 3, 5),
(531, 4039, 1, 5),
(531, 4040, 2, 5),
(531, 4041, 3, 5),
(532, 4042, 1, 4),
(532, 4043, 2, 4),
(532, 4044, 3, 4),
(533, 4045, 1, 5),
(533, 4046, 2, 5),
(533, 4047, 3, 5),
(534, 4048, 1, 5),
(534, 4049, 2, 1),
(534, 4050, 3, 1),
(535, 4051, 1, 4),
(535, 4052, 2, 4),
(535, 4053, 3, 4),
(536, 4054, 1, 5),
(536, 4055, 2, 5),
(536, 4056, 3, 5),
(537, 4057, 1, 4),
(537, 4058, 2, 4),
(537, 4059, 3, 4),
(538, 4060, 1, 5),
(538, 4061, 2, 5),
(538, 4062, 3, 5),
(539, 4063, 1, 4),
(539, 4064, 2, 4),
(539, 4065, 3, 4),
(541, 4066, 1, 5),
(541, 4067, 2, 5),
(541, 4068, 3, 5),
(542, 4069, 1, 5),
(542, 4070, 2, 5),
(542, 4071, 3, 5),
(543, 4072, 1, 5),
(543, 4073, 2, 4),
(543, 4074, 3, 3),
(544, 4075, 1, 5),
(544, 4076, 2, 5),
(544, 4077, 3, 5),
(545, 4078, 1, 4),
(545, 4079, 2, 4),
(545, 4080, 3, 4),
(546, 4081, 1, 4),
(546, 4082, 2, 4),
(546, 4083, 3, 4),
(547, 4084, 1, 5),
(547, 4085, 2, 5),
(547, 4086, 3, 5),
(548, 4087, 1, 5),
(548, 4088, 2, 5),
(548, 4089, 3, 5),
(549, 4090, 1, 1),
(549, 4091, 2, 1),
(549, 4092, 3, 1),
(550, 4093, 1, 5),
(550, 4094, 2, 5),
(550, 4095, 3, 5),
(551, 4096, 1, 5),
(551, 4097, 2, 5),
(551, 4098, 3, 5),
(553, 4099, 1, 5),
(553, 4100, 2, 5),
(553, 4101, 3, 5),
(554, 4102, 1, 5),
(554, 4103, 2, 5),
(554, 4104, 3, 5),
(555, 4105, 1, 5),
(555, 4106, 2, 5),
(555, 4107, 3, 5),
(556, 4108, 1, 5),
(556, 4109, 2, 5),
(556, 4110, 3, 5),
(557, 4111, 1, 5),
(557, 4112, 2, 5),
(557, 4113, 3, 5),
(558, 4114, 1, 5),
(558, 4115, 2, 5),
(558, 4116, 3, 5),
(559, 4117, 1, 5),
(559, 4118, 2, 5),
(559, 4119, 3, 5),
(560, 4120, 1, 5),
(560, 4121, 2, 4),
(560, 4122, 3, 5),
(561, 4123, 1, 1),
(561, 4124, 2, 1),
(561, 4125, 3, 5),
(563, 4126, 1, 5),
(563, 4127, 2, 5),
(563, 4128, 3, 5),
(564, 4129, 1, 5),
(564, 4130, 2, 5),
(564, 4131, 3, 5),
(565, 4132, 1, 4),
(565, 4133, 2, 4),
(565, 4134, 3, 4),
(566, 4135, 1, 5),
(566, 4136, 2, 5),
(566, 4137, 3, 5),
(569, 4138, 1, 4),
(569, 4139, 2, 4),
(569, 4140, 3, 4),
(570, 4141, 1, 5),
(570, 4142, 2, 5),
(570, 4143, 3, 5),
(571, 4144, 1, 5),
(571, 4145, 2, 3),
(571, 4146, 3, 4),
(572, 4147, 1, 5),
(572, 4148, 2, 5),
(572, 4149, 3, 5),
(574, 4150, 1, 5),
(574, 4151, 2, 5),
(574, 4152, 3, 5),
(575, 4153, 1, 4),
(575, 4154, 2, 4),
(575, 4155, 3, 4),
(576, 4156, 1, 5),
(576, 4157, 2, 5),
(576, 4158, 3, 5),
(578, 4159, 1, 5),
(578, 4160, 2, 5),
(578, 4161, 3, 5),
(579, 4162, 1, 4),
(579, 4163, 2, 4),
(579, 4164, 3, 4),
(580, 4165, 1, 5),
(580, 4166, 2, 5),
(580, 4167, 3, 5),
(581, 4168, 1, 5),
(581, 4169, 2, 5),
(581, 4170, 3, 5),
(582, 4171, 1, 5),
(582, 4172, 2, 5),
(582, 4173, 3, 5),
(584, 4174, 1, 3),
(584, 4175, 2, 3),
(584, 4176, 3, 3),
(585, 4177, 1, 4),
(585, 4178, 2, 4),
(585, 4179, 3, 4),
(586, 4180, 1, 5),
(586, 4181, 2, 5),
(586, 4182, 3, 5),
(587, 4183, 1, 5),
(587, 4184, 2, 5),
(587, 4185, 3, 5),
(588, 4186, 1, 5),
(588, 4187, 2, 5),
(588, 4188, 3, 5),
(589, 4189, 1, 5),
(589, 4190, 2, 5),
(589, 4191, 3, 5),
(590, 4192, 1, 5),
(590, 4193, 2, 3),
(590, 4194, 3, 1),
(591, 4195, 1, 5),
(591, 4196, 2, 5),
(591, 4197, 3, 5),
(592, 4198, 1, 5),
(592, 4199, 2, 5),
(592, 4200, 3, 5),
(593, 4201, 1, 5),
(593, 4202, 2, 5),
(593, 4203, 3, 5),
(594, 4204, 1, 5),
(594, 4205, 2, 5),
(594, 4206, 3, 5),
(596, 4207, 1, 5),
(596, 4208, 2, 5),
(596, 4209, 3, 5),
(598, 4210, 1, 5),
(598, 4211, 2, 5),
(598, 4212, 3, 5),
(599, 4213, 1, 5),
(599, 4214, 2, 5),
(599, 4215, 3, 5),
(600, 4216, 1, 4),
(600, 4217, 2, 4),
(600, 4218, 3, 4),
(601, 4219, 1, 5),
(601, 4220, 2, 5),
(601, 4221, 3, 5),
(602, 4222, 1, 5),
(602, 4223, 2, 5),
(602, 4224, 3, 5),
(603, 4225, 1, 5),
(603, 4226, 2, 5),
(603, 4227, 3, 5),
(604, 4228, 1, 5),
(604, 4229, 2, 5),
(604, 4230, 3, 5),
(605, 4231, 1, 5),
(605, 4232, 2, 5),
(605, 4233, 3, 5),
(606, 4234, 1, 5),
(606, 4235, 2, 5),
(606, 4236, 3, 5),
(607, 4237, 1, 5),
(607, 4238, 2, 5),
(607, 4239, 3, 5),
(608, 4240, 1, 3),
(608, 4241, 2, 3),
(608, 4242, 3, 3),
(609, 4243, 1, 5),
(609, 4244, 2, 5),
(609, 4245, 3, 3),
(610, 4246, 1, 5),
(610, 4247, 2, 5),
(610, 4248, 3, 5),
(618, 4249, 1, 5),
(618, 4250, 2, 5),
(618, 4251, 3, 5),
(619, 4252, 1, 4),
(619, 4253, 2, 4),
(619, 4254, 3, 4),
(620, 4255, 1, 5),
(620, 4256, 2, 5),
(620, 4257, 3, 5),
(621, 4258, 1, 4),
(621, 4259, 2, 4),
(621, 4260, 3, 4),
(622, 4261, 1, 5),
(622, 4262, 2, 5),
(622, 4263, 3, 5),
(624, 4264, 1, 5),
(624, 4265, 2, 5),
(624, 4266, 3, 5),
(625, 4267, 1, 5),
(625, 4268, 2, 5),
(625, 4269, 3, 5),
(626, 4270, 1, 5),
(626, 4271, 2, 5),
(626, 4272, 3, 5),
(627, 4273, 1, 5),
(627, 4274, 2, 5),
(627, 4275, 3, 5),
(628, 4276, 1, 5),
(628, 4277, 2, 5),
(628, 4278, 3, 5),
(629, 4279, 1, 5),
(629, 4280, 2, 4),
(629, 4281, 3, 5),
(630, 4282, 1, 5),
(630, 4283, 2, 5),
(630, 4284, 3, 5),
(631, 4285, 1, 5),
(631, 4286, 2, 5),
(631, 4287, 3, 5),
(632, 4288, 1, 5),
(632, 4289, 2, 5),
(632, 4290, 3, 5),
(633, 4291, 1, 4),
(633, 4292, 2, 4),
(633, 4293, 3, 4),
(635, 4294, 1, 5),
(635, 4295, 2, 5),
(635, 4296, 3, 5),
(636, 4297, 1, 5),
(636, 4298, 2, 4),
(636, 4299, 3, 4),
(638, 4300, 1, 5),
(638, 4301, 2, 5),
(638, 4302, 3, 5),
(639, 4303, 1, 5),
(639, 4304, 2, 5),
(639, 4305, 3, 5),
(640, 4306, 1, 5),
(640, 4307, 2, 5),
(640, 4308, 3, 5),
(641, 4309, 1, 4),
(641, 4310, 2, 3),
(641, 4311, 3, 4),
(642, 4312, 1, 4),
(642, 4313, 2, 4),
(642, 4314, 3, 4),
(643, 4315, 1, 5),
(643, 4316, 2, 5),
(643, 4317, 3, 5),
(644, 4318, 1, 5),
(644, 4319, 2, 5),
(644, 4320, 3, 5),
(645, 4321, 1, 5),
(645, 4322, 2, 4),
(645, 4323, 3, 4),
(646, 4324, 1, 5),
(646, 4325, 2, 5),
(646, 4326, 3, 5),
(647, 4327, 1, 4),
(647, 4328, 2, 4),
(647, 4329, 3, 4),
(648, 4330, 1, 4),
(648, 4331, 2, 4),
(648, 4332, 3, 4),
(649, 4333, 1, 4),
(649, 4334, 2, 4),
(649, 4335, 3, 4),
(650, 4336, 1, 4),
(650, 4337, 2, 4),
(650, 4338, 3, 4),
(651, 4339, 1, 5),
(651, 4340, 2, 5),
(651, 4341, 3, 5),
(652, 4342, 1, 5),
(652, 4343, 2, 5),
(652, 4344, 3, 5),
(653, 4345, 1, 5),
(653, 4346, 2, 5),
(653, 4347, 3, 5),
(654, 4348, 1, 5),
(654, 4349, 2, 5),
(654, 4350, 3, 5),
(655, 4351, 1, 5),
(655, 4352, 2, 5),
(655, 4353, 3, 5),
(656, 4354, 1, 5),
(656, 4355, 2, 5),
(656, 4356, 3, 5),
(657, 4357, 1, 5),
(657, 4358, 2, 5),
(657, 4359, 3, 5),
(658, 4360, 1, 5),
(658, 4361, 2, 5),
(658, 4362, 3, 5),
(659, 4363, 1, 4),
(659, 4364, 2, 4),
(659, 4365, 3, 5),
(660, 4366, 1, 5),
(660, 4367, 2, 5),
(660, 4368, 3, 5),
(661, 4369, 1, 4),
(661, 4370, 2, 4),
(661, 4371, 3, 4),
(662, 4372, 1, 5),
(662, 4373, 2, 5),
(662, 4374, 3, 5),
(663, 4375, 1, 5),
(663, 4376, 2, 5),
(663, 4377, 3, 5),
(664, 4378, 1, 5),
(664, 4379, 2, 5),
(664, 4380, 3, 5),
(665, 4381, 1, 5),
(665, 4382, 2, 5),
(665, 4383, 3, 5),
(666, 4384, 1, 4),
(666, 4385, 2, 5),
(666, 4386, 3, 5),
(667, 4387, 1, 5),
(667, 4388, 2, 5),
(667, 4389, 3, 5),
(668, 4390, 1, 5),
(668, 4391, 2, 5),
(668, 4392, 3, 5),
(669, 4393, 1, 5),
(669, 4394, 2, 5),
(669, 4395, 3, 5),
(670, 4396, 1, 5),
(670, 4397, 2, 5),
(670, 4398, 3, 5),
(671, 4399, 1, 5),
(671, 4400, 2, 5),
(671, 4401, 3, 5),
(672, 4402, 1, 5),
(672, 4403, 2, 5),
(672, 4404, 3, 5),
(673, 4405, 1, 5),
(673, 4406, 2, 5),
(673, 4407, 3, 5),
(674, 4408, 1, 5),
(674, 4409, 2, 5),
(674, 4410, 3, 5),
(675, 4411, 1, 5),
(675, 4412, 2, 5),
(675, 4413, 3, 5),
(676, 4414, 1, 4),
(676, 4415, 2, 4),
(676, 4416, 3, 4),
(677, 4417, 1, 5),
(677, 4418, 2, 5),
(677, 4419, 3, 5),
(679, 4420, 1, 5),
(679, 4421, 2, 5),
(679, 4422, 3, 5),
(680, 4423, 1, 5),
(680, 4424, 2, 5),
(680, 4425, 3, 5),
(681, 4426, 1, 3),
(681, 4427, 2, 3),
(681, 4428, 3, 3),
(682, 4429, 1, 4),
(682, 4430, 2, 3),
(682, 4431, 3, 5),
(683, 4432, 1, 5),
(683, 4433, 2, 5),
(683, 4434, 3, 5),
(684, 4435, 1, 5),
(684, 4436, 2, 5),
(684, 4437, 3, 5),
(685, 4438, 1, 4),
(685, 4439, 2, 4),
(685, 4440, 3, 5),
(686, 4441, 1, 5),
(686, 4442, 2, 5),
(686, 4443, 3, 5),
(687, 4444, 1, 5),
(687, 4445, 2, 5),
(687, 4446, 3, 5),
(688, 4447, 1, 5),
(688, 4448, 2, 5),
(688, 4449, 3, 5),
(689, 4450, 1, 5),
(689, 4451, 2, 5),
(689, 4452, 3, 5),
(690, 4453, 1, 5),
(690, 4454, 2, 5),
(690, 4455, 3, 5),
(691, 4456, 1, 4),
(691, 4457, 2, 3),
(691, 4458, 3, 2),
(692, 4459, 1, 5),
(692, 4460, 2, 5),
(692, 4461, 3, 5),
(693, 4462, 1, 5),
(693, 4463, 2, 5),
(693, 4464, 3, 5),
(694, 4465, 1, 5),
(694, 4466, 2, 5),
(694, 4467, 3, 5),
(695, 4468, 1, 5),
(695, 4469, 2, 5),
(695, 4470, 3, 5),
(696, 4471, 1, 3),
(696, 4472, 2, 3),
(696, 4473, 3, 3),
(697, 4474, 1, 4),
(697, 4475, 2, 4),
(699, 4476, 1, 4),
(699, 4477, 2, 4),
(699, 4478, 3, 4),
(700, 4479, 1, 4),
(700, 4480, 2, 4),
(700, 4481, 3, 4),
(701, 4482, 1, 5),
(701, 4483, 2, 3),
(701, 4484, 3, 4),
(703, 4485, 1, 5),
(703, 4486, 2, 5),
(703, 4487, 3, 5),
(704, 4488, 1, 1),
(704, 4489, 2, 1),
(704, 4490, 3, 1),
(705, 4491, 1, 5),
(705, 4492, 2, 5),
(705, 4493, 3, 5),
(706, 4494, 1, 5),
(706, 4495, 2, 5),
(706, 4496, 3, 5),
(707, 4497, 1, 5),
(707, 4498, 2, 5),
(707, 4499, 3, 5),
(708, 4500, 1, 5),
(708, 4501, 2, 5),
(708, 4502, 3, 5),
(709, 4503, 1, 5),
(709, 4504, 2, 5),
(709, 4505, 3, 5),
(710, 4506, 1, 5),
(710, 4507, 2, 5),
(710, 4508, 3, 5),
(712, 4509, 1, 5),
(712, 4510, 2, 5),
(712, 4511, 3, 5),
(714, 4512, 1, 5),
(714, 4513, 2, 5),
(714, 4514, 3, 5),
(716, 4515, 1, 5),
(716, 4516, 2, 5),
(716, 4517, 3, 5),
(717, 4518, 1, 5),
(717, 4519, 2, 5),
(717, 4520, 3, 5),
(718, 4521, 1, 5),
(718, 4522, 2, 5),
(718, 4523, 3, 5),
(720, 4524, 1, 5),
(720, 4525, 2, 5),
(720, 4526, 3, 5),
(721, 4527, 1, 5),
(721, 4528, 2, 5),
(721, 4529, 3, 5),
(722, 4530, 1, 5),
(722, 4531, 2, 5),
(722, 4532, 3, 5),
(724, 4533, 1, 5),
(724, 4534, 2, 5),
(724, 4535, 3, 5),
(725, 4536, 1, 5),
(725, 4537, 2, 5),
(725, 4538, 3, 5),
(726, 4539, 1, 5),
(726, 4540, 2, 5),
(726, 4541, 3, 5),
(727, 4542, 1, 5),
(727, 4543, 2, 5),
(727, 4544, 3, 5),
(728, 4545, 1, 5),
(728, 4546, 2, 5),
(728, 4547, 3, 2),
(729, 4548, 1, 5),
(729, 4549, 2, 5),
(729, 4550, 3, 5),
(730, 4551, 1, 5),
(730, 4552, 2, 5),
(730, 4553, 3, 5),
(732, 4554, 1, 3),
(732, 4555, 2, 3),
(732, 4556, 3, 3),
(733, 4557, 1, 5),
(733, 4558, 2, 5),
(733, 4559, 3, 5),
(734, 4560, 1, 4),
(734, 4561, 2, 4),
(734, 4562, 3, 4),
(735, 4563, 1, 5),
(735, 4564, 2, 5),
(735, 4565, 3, 4),
(736, 4566, 1, 5),
(736, 4567, 2, 5),
(736, 4568, 3, 5),
(737, 4569, 1, 4),
(737, 4570, 2, 4),
(737, 4571, 3, 4),
(738, 4572, 1, 4),
(738, 4573, 2, 4),
(738, 4574, 3, 4),
(739, 4575, 1, 5),
(739, 4576, 2, 5),
(739, 4577, 3, 5),
(740, 4578, 1, 5),
(740, 4579, 2, 5),
(740, 4580, 3, 5),
(741, 4581, 1, 5),
(741, 4582, 2, 5),
(741, 4583, 3, 5),
(742, 4584, 1, 4),
(742, 4585, 2, 4),
(742, 4586, 3, 4),
(743, 4587, 1, 5),
(743, 4588, 2, 5),
(743, 4589, 3, 5),
(744, 4590, 1, 5),
(744, 4591, 2, 5),
(744, 4592, 3, 5),
(745, 4593, 1, 5),
(745, 4594, 2, 5),
(745, 4595, 3, 5),
(746, 4596, 1, 5),
(746, 4597, 2, 5),
(746, 4598, 3, 5),
(747, 4599, 1, 5),
(747, 4600, 2, 5),
(747, 4601, 3, 5),
(749, 4602, 1, 5),
(749, 4603, 2, 5),
(749, 4604, 3, 5),
(750, 4605, 1, 5),
(750, 4606, 2, 5),
(750, 4607, 3, 1),
(751, 4608, 1, 5),
(751, 4609, 2, 5),
(751, 4610, 3, 5),
(752, 4611, 1, 5),
(752, 4612, 2, 5),
(752, 4613, 3, 5),
(754, 4614, 1, 5),
(754, 4615, 2, 5),
(754, 4616, 3, 5),
(755, 4617, 1, 5),
(755, 4618, 2, 5),
(755, 4619, 3, 5),
(756, 4620, 1, 5),
(756, 4621, 2, 3),
(756, 4622, 3, 5),
(757, 4623, 1, 5),
(757, 4624, 2, 5),
(757, 4625, 3, 5),
(758, 4626, 1, 5),
(758, 4627, 2, 5),
(758, 4628, 3, 5),
(759, 4629, 1, 5),
(759, 4630, 2, 5),
(759, 4631, 3, 5),
(761, 4632, 1, 5),
(761, 4633, 2, 5),
(761, 4634, 3, 5),
(762, 4635, 1, 5),
(762, 4636, 2, 5),
(762, 4637, 3, 5),
(763, 4638, 1, 5),
(763, 4639, 2, 5),
(763, 4640, 3, 5),
(764, 4641, 1, 5),
(764, 4642, 2, 5),
(764, 4643, 3, 5),
(765, 4644, 1, 4),
(765, 4645, 2, 4),
(765, 4646, 3, 4),
(766, 4647, 1, 4),
(766, 4648, 2, 4),
(766, 4649, 3, 4),
(767, 4650, 1, 5),
(767, 4651, 2, 3),
(767, 4652, 3, 5),
(769, 4653, 1, 5),
(769, 4654, 2, 5),
(769, 4655, 3, 5),
(770, 4656, 1, 4),
(770, 4657, 2, 4),
(770, 4658, 3, 4),
(772, 4659, 1, 5),
(772, 4660, 2, 5),
(772, 4661, 3, 5),
(773, 4662, 1, 5),
(773, 4663, 2, 5),
(773, 4664, 3, 5),
(774, 4665, 1, 5),
(774, 4666, 2, 5),
(774, 4667, 3, 5),
(775, 4668, 1, 5),
(775, 4669, 2, 5),
(775, 4670, 3, 5),
(776, 4671, 1, 5),
(776, 4672, 2, 5),
(776, 4673, 3, 5),
(778, 4674, 1, 5),
(778, 4675, 2, 5),
(778, 4676, 3, 5),
(780, 4677, 1, 5),
(780, 4678, 2, 5),
(780, 4679, 3, 5),
(781, 4680, 1, 5),
(781, 4681, 2, 5),
(781, 4682, 3, 5),
(782, 4683, 1, 5),
(782, 4684, 2, 5),
(782, 4685, 3, 5),
(783, 4686, 1, 5),
(783, 4687, 2, 5),
(783, 4688, 3, 4),
(785, 4689, 1, 5),
(785, 4690, 2, 5),
(785, 4691, 3, 5),
(786, 4692, 1, 5),
(786, 4693, 2, 5),
(786, 4694, 3, 5),
(787, 4695, 1, 5),
(787, 4696, 2, 5),
(787, 4697, 3, 5),
(788, 4698, 1, 5),
(788, 4699, 2, 5),
(788, 4700, 3, 5),
(789, 4701, 1, 4),
(789, 4702, 2, 2),
(789, 4703, 3, 1),
(790, 4704, 1, 5),
(790, 4705, 2, 5),
(790, 4706, 3, 5),
(791, 4707, 1, 5),
(791, 4708, 2, 5),
(791, 4709, 3, 5),
(793, 4710, 1, 5),
(793, 4711, 2, 5),
(793, 4712, 3, 5),
(794, 4713, 1, 5),
(794, 4714, 2, 5),
(794, 4715, 3, 5),
(795, 4716, 1, 5),
(795, 4717, 2, 5),
(795, 4718, 3, 5),
(796, 4719, 1, 5),
(796, 4720, 2, 5),
(796, 4721, 3, 5),
(797, 4722, 1, 5),
(797, 4723, 2, 5),
(797, 4724, 3, 5),
(798, 4725, 1, 5),
(798, 4726, 2, 5),
(798, 4727, 3, 5),
(799, 4728, 1, 5),
(799, 4729, 2, 5),
(799, 4730, 3, 5),
(800, 4731, 1, 5),
(800, 4732, 2, 5),
(800, 4733, 3, 5),
(801, 4734, 1, 5),
(801, 4735, 2, 5),
(801, 4736, 3, 5),
(803, 4737, 1, 5),
(803, 4738, 2, 5),
(803, 4739, 3, 5),
(804, 4740, 1, 5),
(804, 4741, 2, 5),
(804, 4742, 3, 5),
(805, 4743, 1, 5),
(805, 4744, 2, 5),
(805, 4745, 3, 5),
(807, 4746, 1, 5),
(807, 4747, 2, 5),
(807, 4748, 3, 5),
(808, 4749, 3, 5),
(809, 4750, 1, 5),
(809, 4751, 2, 5),
(809, 4752, 3, 5),
(810, 4753, 1, 5),
(810, 4754, 2, 5),
(810, 4755, 3, 5),
(811, 4756, 1, 5),
(811, 4757, 2, 5),
(811, 4758, 3, 5),
(812, 4759, 1, 5),
(812, 4760, 2, 5),
(812, 4761, 3, 5),
(814, 4762, 1, 5),
(814, 4763, 2, 5),
(814, 4764, 3, 5),
(815, 4765, 1, 5),
(815, 4766, 2, 5),
(815, 4767, 3, 5),
(816, 4768, 1, 5),
(816, 4769, 2, 5),
(816, 4770, 3, 5),
(817, 4771, 1, 5),
(817, 4772, 2, 5),
(817, 4773, 3, 5),
(818, 4774, 1, 5),
(818, 4775, 2, 5),
(818, 4776, 3, 5),
(819, 4777, 1, 5),
(819, 4778, 2, 5),
(819, 4779, 3, 5),
(820, 4780, 1, 5),
(820, 4781, 2, 5),
(820, 4782, 3, 5),
(822, 4783, 1, 5),
(822, 4784, 2, 4),
(822, 4785, 3, 1),
(823, 4786, 1, 5),
(823, 4787, 2, 5),
(823, 4788, 3, 5),
(824, 4789, 1, 5),
(824, 4790, 2, 5),
(824, 4791, 3, 5),
(825, 4792, 1, 5),
(825, 4793, 2, 5),
(825, 4794, 3, 5),
(826, 4795, 1, 5),
(826, 4796, 2, 5),
(826, 4797, 3, 5),
(828, 4798, 1, 5),
(828, 4799, 2, 5),
(828, 4800, 3, 5),
(829, 4801, 1, 4),
(829, 4802, 2, 4),
(829, 4803, 3, 4),
(830, 4804, 1, 5),
(830, 4805, 2, 5),
(830, 4806, 3, 5),
(831, 4807, 1, 5),
(831, 4808, 2, 5),
(831, 4809, 3, 5),
(832, 4810, 1, 5),
(832, 4811, 2, 5),
(832, 4812, 3, 4),
(833, 4813, 1, 4),
(833, 4814, 2, 2),
(833, 4815, 3, 1),
(834, 4816, 1, 5),
(834, 4817, 2, 5),
(834, 4818, 3, 5),
(835, 4819, 1, 5),
(835, 4820, 2, 5),
(835, 4821, 3, 3),
(836, 4822, 1, 5),
(836, 4823, 2, 3),
(836, 4824, 3, 5),
(837, 4825, 1, 5),
(837, 4826, 2, 4),
(837, 4827, 3, 4),
(839, 4828, 1, 5),
(839, 4829, 2, 5),
(839, 4830, 3, 1),
(840, 4831, 1, 5),
(840, 4832, 2, 5),
(840, 4833, 3, 5),
(841, 4834, 1, 5),
(841, 4835, 2, 5),
(841, 4836, 3, 5),
(842, 4837, 1, 5),
(842, 4838, 2, 5),
(842, 4839, 3, 5),
(843, 4840, 1, 5),
(843, 4841, 2, 5),
(843, 4842, 3, 5),
(844, 4843, 1, 5),
(844, 4844, 2, 5),
(844, 4845, 3, 5),
(845, 4846, 1, 4),
(845, 4847, 2, 3),
(845, 4848, 3, 3),
(846, 4849, 1, 5),
(846, 4850, 2, 5),
(846, 4851, 3, 5),
(848, 4852, 1, 5),
(848, 4853, 2, 4),
(848, 4854, 3, 3),
(849, 4855, 1, 5),
(849, 4856, 2, 5),
(849, 4857, 3, 5),
(850, 4858, 1, 5),
(850, 4859, 2, 5),
(850, 4860, 3, 5),
(852, 4861, 1, 5),
(852, 4862, 2, 5),
(852, 4863, 3, 5),
(853, 4864, 1, 5),
(853, 4865, 2, 5),
(853, 4866, 3, 5),
(854, 4867, 1, 5),
(854, 4868, 2, 5),
(854, 4869, 3, 5),
(855, 4870, 1, 5),
(855, 4871, 2, 5),
(855, 4872, 3, 4),
(856, 4873, 1, 5),
(856, 4874, 3, 5),
(857, 4875, 1, 5),
(857, 4876, 2, 5),
(857, 4877, 3, 5),
(858, 4878, 1, 5),
(858, 4879, 2, 5),
(858, 4880, 3, 5),
(859, 4881, 1, 5),
(859, 4882, 2, 5),
(859, 4883, 3, 5),
(861, 4884, 1, 5),
(861, 4885, 2, 5),
(861, 4886, 3, 5),
(862, 4887, 1, 5),
(862, 4888, 2, 5),
(862, 4889, 3, 5),
(863, 4890, 1, 5),
(863, 4891, 2, 5),
(863, 4892, 3, 5),
(864, 4893, 1, 4),
(864, 4894, 2, 2),
(864, 4895, 3, 2),
(865, 4896, 1, 4),
(865, 4897, 2, 4),
(865, 4898, 3, 4),
(866, 4899, 1, 5),
(866, 4900, 2, 5),
(866, 4901, 3, 5),
(867, 4902, 1, 5),
(867, 4903, 2, 5),
(867, 4904, 3, 5),
(868, 4905, 1, 4),
(868, 4906, 2, 4),
(868, 4907, 3, 4),
(869, 4908, 1, 5),
(869, 4909, 2, 5),
(869, 4910, 3, 5),
(870, 4911, 1, 5),
(870, 4912, 2, 5),
(870, 4913, 3, 5),
(871, 4914, 1, 5),
(871, 4915, 2, 5),
(871, 4916, 3, 5),
(873, 4917, 1, 3),
(873, 4918, 2, 3),
(873, 4919, 3, 3),
(874, 4920, 1, 5),
(874, 4921, 2, 5),
(874, 4922, 3, 5),
(875, 4923, 1, 5),
(875, 4924, 2, 5),
(875, 4925, 3, 5),
(876, 4926, 1, 5),
(876, 4927, 2, 5),
(876, 4928, 3, 5),
(877, 4929, 1, 5),
(877, 4930, 2, 5),
(877, 4931, 3, 5),
(878, 4932, 1, 5),
(878, 4933, 2, 5),
(878, 4934, 3, 5),
(879, 4935, 1, 4),
(879, 4936, 2, 4),
(879, 4937, 3, 4),
(880, 4938, 1, 5),
(880, 4939, 2, 5),
(880, 4940, 3, 5),
(881, 4941, 1, 5),
(881, 4942, 2, 5),
(881, 4943, 3, 5),
(883, 4944, 1, 5),
(883, 4945, 2, 5),
(883, 4946, 3, 5),
(884, 4947, 1, 4),
(884, 4948, 2, 4),
(884, 4949, 3, 4),
(885, 4950, 1, 4),
(885, 4951, 2, 4),
(885, 4952, 3, 4),
(886, 4953, 1, 5),
(886, 4954, 2, 5),
(886, 4955, 3, 5),
(887, 4956, 1, 5),
(887, 4957, 2, 4),
(887, 4958, 3, 1),
(888, 4959, 1, 5),
(888, 4960, 2, 5),
(888, 4961, 3, 5),
(889, 4962, 1, 5),
(889, 4963, 2, 5),
(889, 4964, 3, 5),
(890, 4965, 1, 5),
(890, 4966, 2, 5),
(890, 4967, 3, 5),
(891, 4968, 1, 5),
(891, 4969, 2, 5),
(891, 4970, 3, 5),
(892, 4971, 1, 5),
(893, 4972, 1, 5),
(893, 4973, 2, 5),
(893, 4974, 3, 5),
(894, 4975, 1, 5),
(894, 4976, 2, 5),
(894, 4977, 3, 5),
(895, 4978, 1, 5),
(895, 4979, 2, 5),
(895, 4980, 3, 5),
(896, 4981, 1, 5),
(896, 4982, 2, 5),
(898, 4983, 2, 5),
(898, 4984, 3, 5),
(899, 4985, 1, 5),
(899, 4986, 2, 5),
(899, 4987, 3, 5),
(900, 4988, 1, 5),
(900, 4989, 2, 5),
(900, 4990, 3, 5),
(901, 4991, 1, 5),
(901, 4992, 2, 5),
(901, 4993, 3, 5),
(902, 4994, 1, 5),
(902, 4995, 2, 5),
(902, 4996, 3, 5),
(904, 4997, 1, 5),
(904, 4998, 2, 5),
(904, 4999, 3, 5),
(905, 5000, 1, 5),
(905, 5001, 2, 5),
(905, 5002, 3, 5),
(906, 5003, 1, 5),
(906, 5004, 2, 5),
(906, 5005, 3, 5),
(907, 5006, 1, 5),
(907, 5007, 2, 5),
(907, 5008, 3, 5),
(908, 5009, 1, 5),
(908, 5010, 2, 5),
(908, 5011, 3, 5),
(909, 5012, 1, 5),
(909, 5013, 2, 5),
(910, 5014, 1, 5),
(910, 5015, 2, 5),
(910, 5016, 3, 5),
(912, 5017, 1, 5),
(912, 5018, 2, 5),
(912, 5019, 3, 5),
(913, 5020, 1, 5),
(913, 5021, 2, 5),
(913, 5022, 3, 5),
(914, 5023, 1, 5),
(914, 5024, 2, 5),
(914, 5025, 3, 5),
(915, 5026, 1, 5),
(915, 5027, 2, 5),
(915, 5028, 3, 5),
(916, 5029, 1, 5),
(916, 5030, 2, 5),
(916, 5031, 3, 5),
(917, 5032, 1, 1),
(917, 5033, 2, 1),
(917, 5034, 3, 1),
(918, 5035, 1, 5),
(918, 5036, 2, 5),
(918, 5037, 3, 5),
(919, 5038, 1, 5),
(919, 5039, 2, 5),
(919, 5040, 3, 5),
(920, 5041, 1, 5),
(920, 5042, 2, 5),
(920, 5043, 3, 5),
(921, 5044, 1, 5),
(921, 5045, 2, 5),
(921, 5046, 3, 1),
(922, 5047, 1, 5),
(922, 5048, 2, 5),
(922, 5049, 3, 5),
(923, 5050, 1, 5),
(923, 5051, 2, 5),
(923, 5052, 3, 5),
(924, 5053, 1, 5),
(924, 5054, 2, 5),
(924, 5055, 3, 5),
(925, 5056, 1, 5),
(925, 5057, 2, 4),
(925, 5058, 3, 5),
(926, 5059, 1, 5),
(926, 5060, 2, 5),
(926, 5061, 3, 5),
(927, 5062, 1, 5),
(927, 5063, 2, 5),
(927, 5064, 3, 5),
(928, 5065, 1, 5),
(928, 5066, 2, 5),
(928, 5067, 3, 5),
(929, 5068, 1, 5),
(929, 5069, 2, 5),
(929, 5070, 3, 5),
(930, 5071, 1, 5),
(930, 5072, 2, 5),
(930, 5073, 3, 5),
(931, 5074, 1, 5),
(931, 5075, 2, 5),
(931, 5076, 3, 5),
(933, 5077, 1, 2),
(933, 5078, 2, 1),
(933, 5079, 3, 1),
(934, 5080, 1, 5),
(934, 5081, 2, 5),
(934, 5082, 3, 5),
(935, 5083, 1, 4),
(935, 5084, 2, 4),
(935, 5085, 3, 4),
(938, 5086, 1, 5),
(938, 5087, 2, 5),
(938, 5088, 3, 5),
(940, 5089, 1, 5),
(940, 5090, 2, 5),
(940, 5091, 3, 5),
(941, 5092, 1, 5),
(941, 5093, 2, 5),
(941, 5094, 3, 5),
(943, 5095, 1, 5),
(943, 5096, 2, 5),
(943, 5097, 3, 5),
(944, 5098, 1, 5),
(944, 5099, 2, 5),
(944, 5100, 3, 5),
(945, 5101, 1, 5),
(945, 5102, 2, 5),
(945, 5103, 3, 5),
(946, 5104, 1, 5),
(946, 5105, 2, 5),
(946, 5106, 3, 5),
(948, 5107, 1, 5),
(948, 5108, 2, 5),
(948, 5109, 3, 5),
(949, 5110, 1, 5),
(949, 5111, 2, 5),
(949, 5112, 3, 5),
(950, 5113, 1, 5),
(950, 5114, 2, 5),
(950, 5115, 3, 5),
(951, 5116, 1, 5),
(951, 5117, 2, 1),
(951, 5118, 3, 1),
(953, 5119, 1, 5),
(953, 5120, 2, 5),
(953, 5121, 3, 5),
(954, 5122, 1, 5),
(954, 5123, 2, 5),
(954, 5124, 3, 5),
(955, 5125, 1, 5),
(955, 5126, 2, 5),
(955, 5127, 3, 5),
(956, 5128, 1, 5),
(956, 5129, 2, 5),
(956, 5130, 3, 5),
(958, 5131, 1, 5),
(958, 5132, 2, 5),
(958, 5133, 3, 5),
(959, 5134, 1, 5),
(959, 5135, 2, 5),
(959, 5136, 3, 5),
(960, 5137, 1, 4),
(960, 5138, 2, 4),
(960, 5139, 3, 4),
(961, 5140, 1, 4),
(961, 5141, 2, 4),
(961, 5142, 3, 4),
(963, 5143, 1, 3),
(963, 5144, 2, 3),
(963, 5145, 3, 3),
(964, 5146, 1, 5),
(964, 5147, 2, 5),
(964, 5148, 3, 5),
(965, 5149, 1, 5),
(965, 5150, 2, 5),
(967, 5151, 1, 4),
(967, 5152, 2, 4),
(967, 5153, 3, 4),
(968, 5154, 1, 5),
(968, 5155, 2, 5),
(968, 5156, 3, 5),
(971, 5157, 1, 5),
(971, 5158, 2, 5),
(971, 5159, 3, 5),
(973, 5160, 1, 5),
(973, 5161, 2, 5),
(973, 5162, 3, 5),
(975, 5163, 1, 5),
(975, 5164, 2, 5),
(975, 5165, 3, 5),
(976, 5166, 1, 5),
(976, 5167, 2, 3),
(976, 5168, 3, 4),
(977, 5169, 1, 5),
(977, 5170, 2, 4),
(977, 5171, 3, 5),
(978, 5172, 1, 5),
(978, 5173, 2, 5),
(978, 5174, 3, 5),
(979, 5175, 1, 5),
(979, 5176, 2, 5),
(979, 5177, 3, 5),
(980, 5178, 1, 5),
(980, 5179, 2, 5),
(980, 5180, 3, 5),
(981, 5181, 1, 4),
(981, 5182, 2, 4),
(981, 5183, 3, 4),
(982, 5184, 1, 5),
(982, 5185, 2, 5),
(982, 5186, 3, 4),
(983, 5187, 1, 5),
(983, 5188, 2, 5),
(983, 5189, 3, 5),
(984, 5190, 1, 5),
(984, 5191, 2, 5),
(984, 5192, 3, 5),
(985, 5193, 1, 5),
(985, 5194, 2, 5),
(985, 5195, 3, 5),
(986, 5196, 1, 5),
(986, 5197, 2, 5),
(986, 5198, 3, 5),
(987, 5199, 1, 5),
(987, 5200, 2, 4),
(987, 5201, 3, 5),
(988, 5202, 1, 4),
(988, 5203, 2, 4),
(988, 5204, 3, 4),
(990, 5205, 1, 5),
(990, 5206, 2, 5),
(990, 5207, 3, 5),
(991, 5208, 1, 5),
(991, 5209, 2, 5),
(991, 5210, 3, 5),
(992, 5211, 1, 5),
(992, 5212, 2, 5),
(992, 5213, 3, 5),
(993, 5214, 1, 4),
(993, 5215, 2, 4),
(993, 5216, 3, 4),
(994, 5217, 1, 5),
(994, 5218, 2, 5),
(995, 5219, 1, 5),
(995, 5220, 2, 5),
(995, 5221, 3, 5),
(996, 5222, 1, 5),
(996, 5223, 2, 5),
(996, 5224, 3, 5),
(997, 5225, 1, 5),
(997, 5226, 2, 4),
(997, 5227, 3, 5),
(998, 5228, 1, 5),
(998, 5229, 2, 5),
(998, 5230, 3, 5),
(999, 5231, 1, 5),
(999, 5232, 2, 5),
(999, 5233, 3, 5),
(1000, 5234, 1, 5),
(1000, 5235, 2, 4),
(1000, 5236, 3, 2),
(1001, 5237, 1, 5),
(1001, 5238, 2, 5),
(1001, 5239, 3, 5),
(1002, 5240, 1, 5),
(1002, 5241, 2, 4),
(1002, 5242, 3, 4),
(1003, 5243, 1, 5),
(1003, 5244, 2, 5),
(1003, 5245, 3, 5),
(1004, 5246, 1, 5),
(1004, 5247, 2, 5),
(1004, 5248, 3, 5),
(1005, 5249, 2, 5),
(1005, 5250, 3, 5),
(1006, 5251, 1, 5),
(1006, 5252, 2, 5),
(1006, 5253, 3, 5),
(1007, 5254, 1, 5),
(1007, 5255, 2, 5),
(1007, 5256, 3, 5),
(1008, 5257, 1, 5),
(1008, 5258, 2, 5),
(1008, 5259, 3, 5),
(1010, 5260, 1, 5),
(1010, 5261, 2, 5),
(1010, 5262, 3, 5),
(1011, 5263, 1, 5),
(1011, 5264, 2, 4),
(1011, 5265, 3, 3),
(1013, 5266, 1, 5),
(1013, 5267, 2, 1),
(1013, 5268, 3, 1),
(1015, 5269, 1, 5),
(1015, 5270, 2, 5),
(1015, 5271, 3, 5),
(1016, 5272, 1, 5),
(1016, 5273, 2, 4),
(1016, 5274, 3, 5),
(1017, 5275, 1, 5),
(1017, 5276, 2, 5),
(1017, 5277, 3, 5),
(1018, 5278, 1, 4),
(1018, 5279, 2, 4),
(1018, 5280, 3, 4),
(1019, 5281, 1, 5),
(1019, 5282, 2, 1),
(1019, 5283, 3, 1),
(1020, 5284, 1, 5),
(1020, 5285, 2, 5),
(1020, 5286, 3, 5),
(1021, 5287, 1, 5),
(1021, 5288, 2, 5),
(1021, 5289, 3, 5),
(1023, 5290, 1, 5),
(1023, 5291, 2, 5),
(1023, 5292, 3, 5),
(1024, 5293, 1, 5),
(1024, 5294, 2, 5),
(1024, 5295, 3, 5),
(1025, 5296, 1, 4),
(1025, 5297, 2, 5),
(1025, 5298, 3, 2),
(1026, 5299, 1, 5),
(1026, 5300, 2, 5),
(1026, 5301, 3, 5),
(1030, 5302, 1, 5),
(1030, 5303, 2, 5),
(1030, 5304, 3, 5),
(1031, 5305, 1, 5),
(1031, 5306, 2, 5),
(1031, 5307, 3, 5),
(1032, 5308, 1, 4),
(1032, 5309, 2, 4),
(1032, 5310, 3, 4),
(1033, 5311, 1, 4),
(1033, 5312, 2, 4),
(1033, 5313, 3, 4),
(1034, 5314, 1, 5),
(1034, 5315, 3, 5),
(1035, 5316, 1, 5),
(1035, 5317, 2, 5),
(1035, 5318, 3, 5),
(1036, 5319, 1, 5),
(1036, 5320, 2, 5),
(1036, 5321, 3, 5),
(1038, 5322, 1, 5),
(1038, 5323, 2, 5),
(1038, 5324, 3, 5),
(1039, 5325, 1, 5),
(1039, 5326, 2, 5),
(1039, 5327, 3, 5),
(1040, 5328, 1, 5),
(1040, 5329, 2, 3),
(1040, 5330, 3, 3),
(1041, 5331, 1, 4),
(1041, 5332, 2, 4),
(1041, 5333, 3, 4),
(1042, 5334, 1, 5),
(1042, 5335, 2, 5),
(1042, 5336, 3, 5),
(1043, 5337, 1, 4),
(1043, 5338, 2, 4),
(1043, 5339, 3, 4),
(1044, 5340, 1, 5),
(1044, 5341, 2, 5),
(1044, 5342, 3, 5),
(1045, 5343, 1, 5),
(1045, 5344, 2, 5),
(1045, 5345, 3, 5),
(1046, 5346, 1, 4),
(1046, 5347, 2, 4),
(1046, 5348, 3, 4),
(1048, 5349, 1, 5),
(1048, 5350, 2, 5),
(1048, 5351, 3, 5),
(1049, 5352, 1, 4),
(1049, 5353, 2, 4),
(1049, 5354, 3, 4),
(1050, 5355, 1, 5),
(1050, 5356, 2, 5),
(1050, 5357, 3, 5),
(1051, 5358, 1, 5),
(1051, 5359, 2, 5),
(1051, 5360, 3, 5),
(1052, 5361, 1, 3),
(1052, 5362, 2, 3),
(1052, 5363, 3, 3),
(1053, 5364, 1, 4),
(1053, 5365, 2, 4),
(1053, 5366, 3, 4),
(1054, 5367, 1, 5),
(1054, 5368, 2, 5),
(1054, 5369, 3, 5),
(1055, 5370, 1, 5),
(1055, 5371, 2, 5),
(1055, 5372, 3, 5),
(1056, 5373, 1, 4),
(1056, 5374, 2, 4),
(1056, 5375, 3, 4),
(1057, 5376, 1, 5),
(1057, 5377, 2, 5),
(1057, 5378, 3, 5),
(1058, 5379, 1, 3),
(1058, 5380, 2, 2),
(1058, 5381, 3, 3),
(1059, 5382, 1, 3),
(1059, 5383, 2, 3),
(1059, 5384, 3, 3),
(1060, 5385, 1, 5),
(1060, 5386, 2, 5),
(1060, 5387, 3, 5),
(1061, 5388, 1, 5),
(1061, 5389, 2, 5),
(1061, 5390, 3, 5),
(1062, 5391, 1, 5),
(1062, 5392, 2, 5),
(1062, 5393, 3, 5),
(1063, 5394, 1, 5),
(1063, 5395, 2, 5),
(1063, 5396, 3, 5),
(1064, 5397, 1, 5),
(1064, 5398, 2, 4),
(1064, 5399, 3, 5),
(1065, 5400, 1, 4),
(1065, 5401, 2, 4),
(1065, 5402, 3, 4),
(1067, 5403, 1, 5),
(1067, 5404, 2, 5),
(1067, 5405, 3, 5),
(1070, 5406, 1, 5),
(1070, 5407, 2, 5),
(1070, 5408, 3, 5),
(1072, 5409, 1, 4),
(1072, 5410, 2, 3),
(1072, 5411, 3, 4),
(1073, 5412, 1, 5),
(1073, 5413, 2, 1),
(1073, 5414, 3, 1),
(1074, 5415, 1, 4),
(1074, 5416, 2, 4),
(1074, 5417, 3, 4),
(1075, 5418, 1, 5),
(1075, 5419, 2, 5),
(1075, 5420, 3, 5),
(1077, 5421, 1, 5),
(1077, 5422, 2, 4),
(1077, 5423, 3, 4),
(1078, 5424, 1, 4),
(1078, 5425, 2, 3),
(1078, 5426, 3, 4),
(1080, 5427, 1, 4),
(1080, 5428, 2, 4),
(1080, 5429, 3, 4),
(1083, 5430, 1, 5),
(1083, 5431, 2, 5),
(1083, 5432, 3, 5),
(1084, 5433, 1, 4),
(1084, 5434, 2, 4),
(1084, 5435, 3, 4),
(1085, 5436, 1, 4),
(1085, 5437, 2, 4),
(1085, 5438, 3, 3),
(1086, 5439, 1, 4),
(1086, 5440, 2, 4),
(1086, 5441, 3, 4),
(1088, 5442, 1, 5),
(1088, 5443, 2, 5),
(1088, 5444, 3, 5),
(1091, 5445, 1, 3),
(1091, 5446, 2, 3),
(1091, 5447, 3, 3),
(1092, 5448, 1, 3),
(1092, 5449, 2, 3),
(1092, 5450, 3, 3),
(1093, 5451, 1, 5),
(1093, 5452, 2, 5),
(1093, 5453, 3, 5),
(1094, 5454, 1, 5),
(1094, 5455, 2, 5),
(1094, 5456, 3, 5),
(1095, 5457, 1, 5),
(1095, 5458, 2, 5),
(1095, 5459, 3, 5),
(1096, 5460, 1, 5),
(1096, 5461, 3, 1),
(1097, 5462, 1, 5),
(1097, 5463, 2, 5),
(1098, 5464, 1, 5),
(1098, 5465, 2, 5),
(1099, 5466, 1, 5),
(1099, 5467, 2, 5),
(1099, 5468, 3, 5),
(1100, 5469, 1, 5),
(1100, 5470, 2, 5),
(1100, 5471, 3, 5),
(1101, 5472, 1, 5),
(1101, 5473, 2, 5),
(1101, 5474, 3, 5),
(1104, 5475, 1, 3),
(1104, 5476, 2, 5),
(1104, 5477, 3, 4),
(1106, 5478, 1, 4),
(1106, 5479, 2, 5),
(1106, 5480, 3, 5),
(1107, 5481, 1, 5),
(1107, 5482, 2, 5),
(1107, 5483, 3, 5),
(1111, 5484, 1, 5),
(1111, 5485, 2, 5),
(1111, 5486, 3, 5),
(1112, 5487, 1, 5),
(1112, 5488, 2, 5),
(1112, 5489, 3, 5),
(1113, 5490, 1, 5),
(1113, 5491, 2, 5),
(1113, 5492, 3, 5),
(1115, 5493, 1, 5),
(1115, 5494, 2, 5),
(1115, 5495, 3, 5),
(1116, 5496, 1, 5),
(1116, 5497, 2, 5),
(1116, 5498, 3, 5),
(1118, 5499, 1, 5),
(1118, 5500, 2, 5),
(1118, 5501, 3, 5),
(1119, 5502, 1, 5),
(1119, 5503, 2, 5),
(1119, 5504, 3, 5),
(1120, 5505, 1, 5),
(1120, 5506, 2, 5),
(1120, 5507, 3, 5),
(1122, 5508, 1, 5),
(1122, 5509, 2, 4),
(1122, 5510, 3, 5),
(1123, 5511, 1, 5),
(1123, 5512, 2, 4),
(1123, 5513, 3, 4),
(1124, 5514, 1, 4),
(1124, 5515, 2, 4),
(1124, 5516, 3, 4),
(1125, 5517, 1, 5),
(1125, 5518, 2, 5),
(1125, 5519, 3, 5),
(1126, 5520, 1, 5),
(1126, 5521, 2, 5),
(1126, 5522, 3, 5),
(1127, 5523, 1, 5),
(1127, 5524, 2, 5),
(1127, 5525, 3, 5),
(1128, 5526, 1, 5),
(1128, 5527, 2, 5),
(1128, 5528, 3, 5),
(1129, 5529, 1, 5),
(1129, 5530, 2, 5),
(1129, 5531, 3, 5),
(1130, 5532, 1, 4),
(1130, 5533, 2, 4),
(1130, 5534, 3, 4),
(1131, 5535, 1, 5),
(1131, 5536, 2, 5),
(1131, 5537, 3, 5),
(1132, 5538, 1, 4),
(1132, 5539, 2, 4),
(1132, 5540, 3, 4),
(1133, 5541, 1, 5),
(1133, 5542, 2, 5),
(1133, 5543, 3, 5),
(1135, 5544, 1, 5),
(1135, 5545, 2, 5),
(1135, 5546, 3, 5),
(1136, 5547, 1, 5),
(1136, 5548, 2, 5),
(1136, 5549, 3, 5),
(1137, 5550, 1, 5),
(1137, 5551, 2, 5),
(1137, 5552, 3, 5),
(1138, 5553, 1, 5),
(1138, 5554, 2, 5),
(1138, 5555, 3, 5),
(1140, 5556, 1, 5),
(1140, 5557, 2, 5),
(1140, 5558, 3, 5),
(1142, 5559, 1, 5),
(1142, 5560, 2, 5),
(1142, 5561, 3, 5),
(1143, 5562, 1, 5),
(1143, 5563, 2, 5),
(1143, 5564, 3, 5),
(1145, 5565, 1, 5),
(1145, 5566, 2, 5),
(1145, 5567, 3, 5),
(1146, 5568, 1, 4),
(1146, 5569, 2, 4),
(1146, 5570, 3, 4),
(1147, 5571, 1, 5),
(1147, 5572, 2, 5),
(1147, 5573, 3, 5),
(1148, 5574, 1, 5),
(1148, 5575, 2, 5),
(1148, 5576, 3, 5),
(1149, 5577, 1, 5),
(1149, 5578, 2, 5),
(1149, 5579, 3, 5),
(1150, 5580, 1, 5),
(1150, 5581, 2, 5),
(1150, 5582, 3, 5),
(1151, 5583, 1, 5),
(1151, 5584, 2, 5),
(1151, 5585, 3, 5),
(1153, 5586, 1, 5),
(1153, 5587, 2, 4),
(1153, 5588, 3, 3),
(1154, 5589, 1, 5),
(1154, 5590, 2, 5),
(1154, 5591, 3, 5),
(1155, 5592, 1, 5),
(1155, 5593, 2, 5),
(1155, 5594, 3, 5),
(1156, 5595, 1, 5),
(1156, 5596, 2, 5),
(1156, 5597, 3, 5),
(1157, 5598, 1, 5),
(1157, 5599, 2, 5),
(1157, 5600, 3, 5),
(1158, 5601, 1, 5),
(1158, 5602, 2, 5),
(1158, 5603, 3, 5),
(1160, 5604, 1, 5),
(1160, 5605, 2, 5),
(1160, 5606, 3, 5),
(1161, 5607, 1, 5),
(1161, 5608, 2, 5),
(1161, 5609, 3, 5),
(1163, 5610, 1, 5),
(1163, 5611, 2, 5),
(1163, 5612, 3, 5),
(1164, 5613, 1, 5),
(1164, 5614, 2, 5),
(1164, 5615, 3, 5),
(1165, 5616, 1, 5),
(1165, 5617, 2, 5),
(1165, 5618, 3, 5),
(1166, 5619, 1, 5),
(1166, 5620, 2, 5),
(1166, 5621, 3, 5),
(1168, 5622, 1, 5),
(1168, 5623, 2, 5),
(1168, 5624, 3, 5),
(1169, 5625, 1, 5),
(1169, 5626, 2, 5),
(1169, 5627, 3, 5),
(1170, 5628, 1, 5),
(1170, 5629, 2, 5),
(1170, 5630, 3, 5),
(1171, 5631, 1, 5),
(1171, 5632, 2, 5),
(1171, 5633, 3, 5),
(1172, 5634, 1, 5),
(1172, 5635, 2, 5),
(1172, 5636, 3, 5),
(1174, 5637, 1, 5),
(1174, 5638, 2, 5),
(1174, 5639, 3, 5),
(1175, 5640, 1, 4),
(1175, 5641, 2, 4),
(1175, 5642, 3, 4),
(1176, 5643, 1, 5),
(1176, 5644, 2, 5),
(1176, 5645, 3, 5),
(1177, 5646, 1, 5),
(1177, 5647, 2, 5),
(1177, 5648, 3, 5),
(1178, 5649, 1, 5),
(1178, 5650, 2, 5),
(1178, 5651, 3, 5),
(1179, 5652, 1, 5),
(1179, 5653, 2, 5),
(1179, 5654, 3, 5),
(1182, 5655, 1, 5),
(1182, 5656, 2, 5),
(1185, 5657, 1, 5),
(1185, 5658, 2, 5),
(1185, 5659, 3, 5),
(1186, 5660, 1, 5),
(1186, 5661, 2, 5),
(1186, 5662, 3, 5),
(1187, 5663, 1, 5),
(1187, 5664, 2, 5),
(1187, 5665, 3, 5),
(1188, 5666, 1, 5),
(1188, 5667, 2, 5),
(1188, 5668, 3, 5),
(1189, 5669, 1, 5),
(1189, 5670, 2, 5),
(1189, 5671, 3, 5),
(1190, 5672, 1, 5),
(1190, 5673, 2, 5),
(1190, 5674, 3, 5),
(1192, 5675, 1, 2),
(1192, 5676, 2, 2),
(1192, 5677, 3, 2),
(1194, 5678, 1, 5),
(1194, 5679, 2, 5),
(1194, 5680, 3, 5),
(1195, 5681, 1, 5),
(1195, 5682, 2, 5),
(1196, 5683, 1, 4),
(1196, 5684, 2, 5),
(1196, 5685, 3, 4),
(1199, 5686, 1, 5),
(1199, 5687, 2, 5),
(1199, 5688, 3, 5),
(1200, 5689, 1, 5),
(1200, 5690, 2, 5),
(1200, 5691, 3, 5),
(1201, 5692, 1, 5),
(1201, 5693, 2, 5),
(1201, 5694, 3, 5),
(1202, 5695, 1, 5),
(1202, 5696, 2, 5),
(1202, 5697, 3, 5),
(1203, 5698, 1, 5),
(1203, 5699, 2, 5),
(1203, 5700, 3, 5),
(1205, 5701, 1, 4),
(1205, 5702, 2, 4),
(1205, 5703, 3, 4),
(1206, 5704, 1, 5),
(1206, 5705, 2, 5),
(1206, 5706, 3, 5),
(1207, 5707, 1, 5),
(1207, 5708, 2, 5),
(1207, 5709, 3, 5),
(1208, 5710, 1, 5),
(1208, 5711, 2, 5),
(1208, 5712, 3, 5),
(1213, 5713, 1, 5),
(1213, 5714, 2, 5),
(1213, 5715, 3, 5),
(1214, 5716, 1, 5),
(1214, 5717, 2, 5),
(1214, 5718, 3, 5),
(1215, 5719, 1, 5),
(1215, 5720, 2, 5),
(1215, 5721, 3, 5),
(1217, 5722, 1, 5),
(1217, 5723, 2, 5),
(1217, 5724, 3, 5),
(1219, 5725, 1, 5),
(1219, 5726, 2, 5),
(1219, 5727, 3, 5),
(1221, 5728, 1, 5),
(1221, 5729, 2, 5),
(1221, 5730, 3, 5),
(1223, 5731, 1, 5),
(1223, 5732, 2, 5),
(1223, 5733, 3, 5),
(1226, 5734, 1, 5),
(1226, 5735, 2, 5),
(1226, 5736, 3, 5),
(1228, 5737, 1, 5),
(1228, 5738, 2, 5),
(1228, 5739, 3, 5),
(1229, 5740, 1, 5),
(1229, 5741, 2, 5),
(1229, 5742, 3, 5),
(1231, 5743, 1, 5),
(1231, 5744, 2, 5),
(1231, 5745, 3, 5),
(813, 5749, 1, 5),
(813, 5750, 2, 5),
(813, 5751, 3, 5),
(1442, 5872, 1, 5),
(1442, 5873, 2, 5),
(1442, 5874, 3, 5),
(1443, 5875, 1, 5),
(1443, 5876, 2, 5),
(1443, 5877, 3, 5),
(1444, 5878, 1, 5),
(1444, 5879, 2, 5),
(1444, 5880, 3, 5),
(1445, 5881, 1, 5),
(1445, 5882, 2, 5),
(1445, 5883, 3, 5),
(1446, 5884, 1, 5),
(1446, 5885, 2, 5),
(1446, 5886, 3, 5),
(1447, 5887, 1, 5),
(1447, 5888, 2, 5),
(1447, 5889, 3, 5),
(1448, 5890, 1, 5),
(1448, 5891, 2, 5),
(1448, 5892, 3, 5),
(1449, 5893, 1, 5),
(1449, 5894, 2, 5),
(1449, 5895, 3, 5),
(1450, 5896, 1, 5),
(1450, 5897, 2, 5),
(1450, 5898, 3, 5),
(1451, 5899, 1, 5),
(1451, 5900, 2, 5),
(1451, 5901, 3, 5),
(1222, 5902, 1, 5),
(1222, 5903, 2, 5),
(1222, 5904, 3, 5),
(1212, 5905, 1, 4),
(1212, 5906, 2, 4),
(1212, 5907, 3, 4),
(1452, 5908, 1, 1),
(1452, 5909, 2, 2),
(1452, 5910, 3, 3),
(1456, 5911, 1, 1),
(1456, 5912, 2, 1),
(1456, 5913, 3, 1),
(1457, 5914, 1, 5),
(1457, 5915, 2, 5),
(1457, 5916, 3, 5);

-- --------------------------------------------------------

--
-- Estructura de tabla para la tabla `support_statuses`
--

CREATE TABLE IF NOT EXISTS `support_statuses` (
`id` int(11) NOT NULL,
  `name` varchar(100) NOT NULL,
  `description` text NOT NULL,
  `created_at` datetime DEFAULT NULL,
  `update_at` datetime DEFAULT NULL
) ENGINE=InnoDB  DEFAULT CHARSET=utf8 AUTO_INCREMENT=7 ;

--
-- Volcado de datos para la tabla `support_statuses`
--

INSERT INTO `support_statuses` (`id`, `name`, `description`, `created_at`, `update_at`) VALUES
(1, 'abierto', 'La solicitud de soporte esta pendiente por solucionarse.', '2013-12-26 06:21:25', NULL),
(2, 'cerrado', 'La solicitud de soporte fue resulta.', '2013-12-26 10:26:24', NULL),
(3, 'rechazado', 'La solicitud de soporte fue rechazada por no cumplir con las características.', '2013-12-26 10:15:00', NULL),
(4, 'en curso', 'La solicitud de soporte está siendo atendida', '2014-02-04 05:13:16', NULL),
(5, 'escalada', 'La solicitud fue remitia a otra instancia', '2014-02-07 00:00:00', NULL),
(6, 'Anulado', 'Soporte anulado por el usuario, despues de solucionar por si mismo su problema!', '2014-10-21 05:21:12', '2014-10-21 05:21:12');

-- --------------------------------------------------------

--
-- Estructura de tabla para la tabla `support_traces`
--

CREATE TABLE IF NOT EXISTS `support_traces` (
`id_t` int(11) NOT NULL,
  `supports_id` int(11) NOT NULL,
  `observation` text NOT NULL,
  `scale` varchar(45) DEFAULT NULL,
  `consecutive` int(5) NOT NULL DEFAULT '0',
  `created_at` datetime DEFAULT NULL,
  `updated_at` datetime DEFAULT NULL,
  `modified` varchar(45) DEFAULT NULL,
  `user_id` int(11) DEFAULT NULL
) ENGINE=InnoDB  DEFAULT CHARSET=utf8 AUTO_INCREMENT=1308 ;

--
-- Volcado de datos para la tabla `support_traces`
--

INSERT INTO `support_traces` (`id_t`, `supports_id`, `observation`, `scale`, `consecutive`, `created_at`, `updated_at`, `modified`, `user_id`) VALUES
(1, 60, 'Buenos días,\nSe realizo el manual de creación de conexión remota y fue enviado via correo electrónico para que sea revisao', '0', 0, '0000-00-00 00:00:00', NULL, NULL, 131),
(2, 63, 'Se configuro el equipo Numero 3 para realizar labores de grabación, estas grabaciones están siendo almacenadas en disco local \n"D" del mismo equipo', '0', 0, '0000-00-00 00:00:00', NULL, NULL, 131),
(3, 64, 'Se hicieron las modificaciones de acuerdo a las sugerencias recibidas', '0', 0, '0000-00-00 00:00:00', NULL, NULL, 125),
(4, 70, 'Se extrajo el bk del vídeo y se dio copia al Arq Claudio', '0', 0, '0000-00-00 00:00:00', NULL, NULL, 125),
(5, 78, 'Se realizo el intercambio del computador y se verifico el funcionamiento del software solicitado y las contraseñas de usuario', '0', 0, '0000-00-00 00:00:00', NULL, NULL, 131),
(6, 80, 'Se realizo el respectivo cambio de Toner \nCaso resuelto a satisfacción del usuario', '0', 0, '0000-00-00 00:00:00', NULL, NULL, 131),
(7, 83, 'Se realizo la respectiva copia con funcionalidad', '0', 0, '0000-00-00 00:00:00', NULL, NULL, 128),
(8, 84, 'Se realizo la reinstalaron del sotfware', '0', 0, '0000-00-00 00:00:00', NULL, NULL, 125),
(9, 85, 'Se realizo la asignacion y configuracion de  un teléfono IP\nSe da por terminada la solicitud', '0', 0, '0000-00-00 00:00:00', NULL, NULL, 131),
(10, 86, 'Se realizo la configuración de la impresora Epson l800 en educación continuada en los equipos de Viviana Ortiz, Jeison Gonzalez y Julian Cortes, se probo su funcionamiento en cada maquina y la calidad de impresión.', '0', 0, '0000-00-00 00:00:00', NULL, NULL, 125),
(11, 87, 'Se realizo el intercambio del computador exitosamente', '0', 0, '0000-00-00 00:00:00', NULL, NULL, 131),
(12, 89, 'Se realizo la activación del office 2010, adicional se registro el equipo en el inventario y se firmo la hoja de vida tambien se cambio el antivirus', '0', 0, '0000-00-00 00:00:00', NULL, NULL, 125),
(13, 90, 'El reporte se saca para realizar las estadísticas mensuales', '0', 0, '0000-00-00 00:00:00', NULL, NULL, 125),
(14, 92, 'Se restablece el servicio de Internet en el área de educación continuada.', '0', 0, '0000-00-00 00:00:00', NULL, NULL, 131),
(15, 93, 'Se realizo la recarga respectiva del sistema de tintas.', '0', 0, '0000-00-00 00:00:00', NULL, NULL, 125),
(16, 94, 'Se realizo las configuraciones de software de acuerdo a la solicitud.', '0', 0, '0000-00-00 00:00:00', NULL, NULL, 125),
(17, 95, 'Se realizo la configuración de la Red Inalambrica en el celular, sin embargo la intensidad de señal es baja debido al tipo de tecnología usada por blackberry', '0', 0, '0000-00-00 00:00:00', NULL, NULL, 131),
(18, 96, 'Se realizo la configuración de la impresora en red de acuerdo a la solicitud.', '0', 0, '0000-00-00 00:00:00', NULL, NULL, 125),
(19, 97, '', '0', 0, '0000-00-00 00:00:00', NULL, NULL, 131),
(20, 98, 'Buenos días,\nSe conecta el computador a otro punto de red físico y se establece el servicio de Internet', '0', 0, '0000-00-00 00:00:00', NULL, NULL, 131),
(21, 99, '', '0', 0, '0000-00-00 00:00:00', NULL, NULL, 125),
(22, 100, 'Se reviso la configuración de las cuentas de correos', '0', 0, '0000-00-00 00:00:00', NULL, NULL, 125),
(23, 101, 'Se verifican semana a semana para sacar informe mensual', '0', 0, '0000-00-00 00:00:00', NULL, NULL, 125),
(24, 103, 'se actualizo correo de funcionario', '0', 0, '0000-00-00 00:00:00', NULL, NULL, 126),
(25, 104, 'Se realizo la configuración de las impresoras del Área Académica y Recepción en el equipo de Andrea Vega ', '0', 0, '0000-00-00 00:00:00', NULL, NULL, 131),
(26, 105, '', '0', 0, '0000-00-00 00:00:00', NULL, NULL, 128),
(27, 106, 'Jimmy de acuerdo a lo que le comento Angela', '1', 0, '0000-00-00 00:00:00', '0000-00-00 00:00:00', NULL, 126),
(28, 106, 'se revisaron y se resolvió el mismo día.', '0', 0, '0000-00-00 00:00:00', NULL, NULL, 126),
(29, 107, '', '0', 0, '0000-00-00 00:00:00', NULL, NULL, 127),
(30, 108, 'Se realizo la configuración de la impresora de tesorería en red y se configuro el escaner en red.', '0', 0, '0000-00-00 00:00:00', NULL, NULL, 125),
(31, 109, 'Se coloco la impresora y se probo su funcionamiento.', '0', 0, '0000-00-00 00:00:00', NULL, NULL, 125),
(32, 110, 'Se colocaron los archivos en la carpeta compartida ya existente.\nSe configuro la carpeta en los equipos de gestión humana', '0', 0, '0000-00-00 00:00:00', NULL, NULL, 125),
(33, 111, 'Se realizo la solicitud de compra por un tablero de 120 * 100.\nse remite  al departamento de compras.\n', '0', 0, '0000-00-00 00:00:00', NULL, NULL, 131),
(34, 113, 'Se configuro la carpeta compartida en el equipo de Olga chaparro', '0', 0, '0000-00-00 00:00:00', NULL, NULL, 125),
(35, 114, 'Se realiza la configuración de conexión con el programa SIIGO\nSe da por cerrado el ticket', '0', 0, '0000-00-00 00:00:00', NULL, NULL, 131),
(36, 116, '', '1', 0, '0000-00-00 00:00:00', '0000-00-00 00:00:00', NULL, 131),
(37, 116, 'Ya se le se remplazo el calendario al jefe Daniel por el nuevo.', '0', 0, '0000-00-00 00:00:00', NULL, NULL, 130),
(38, 117, '', '0', 0, '0000-00-00 00:00:00', NULL, NULL, 131),
(39, 118, '', '0', 0, '0000-00-00 00:00:00', NULL, NULL, 127),
(40, 119, 'Se retiro el cable instalado en ese punto', '0', 0, '0000-00-00 00:00:00', NULL, NULL, 125),
(41, 120, 'Se Realizo el debido procedimiento de una nueva instalación de spark debido a errores', '0', 0, '0000-00-00 00:00:00', NULL, NULL, 128),
(42, 122, '', '0', 0, '0000-00-00 00:00:00', NULL, NULL, 127),
(43, 129, '', '0', 0, '0000-00-00 00:00:00', NULL, NULL, 125),
(44, 131, 'Se cambia la memoria RAM de 4GB y se verifica su funcionamiento', '0', 0, '0000-00-00 00:00:00', NULL, NULL, 131),
(45, 132, 'Se configuro las cámaras y quedaron en sus posiciones iniciales', '0', 0, '0000-00-00 00:00:00', NULL, NULL, 125),
(46, 134, 'Se realiza la configuracion de las siguientes cuentas de correo electronico en el equipo d de emma carrion\n\nInfo@icaft.edu.co\nmaria.ocampo@icaft.edu.co', '0', 0, '0000-00-00 00:00:00', NULL, NULL, 131),
(47, 135, 'Se realiza la entrega de contraseñas y una breve explicación a los usuarios , queda pendiente el usuario de Dina Causil (Posible Incompatibilidad) y Wilson Hernandez (Ausente)', '0', 0, '0000-00-00 00:00:00', NULL, NULL, 131),
(48, 136, 'Se realiza la configuración de la impresora en el computador de Angélica Puerto, ser realizaron pruebas de impresión siendo exitosas', '0', 0, '0000-00-00 00:00:00', NULL, NULL, 131),
(49, 137, 'Se configuro un portátil toshiba y se dejo funcionado de acuerdo a los requerimientos', '0', 0, '0000-00-00 00:00:00', NULL, NULL, 125),
(50, 139, '', '0', 0, '0000-00-00 00:00:00', NULL, NULL, 127),
(51, 140, '', '0', 0, '0000-00-00 00:00:00', NULL, NULL, 131),
(52, 141, 'Este soporte es una prueba sobre la información de la plataforma de Help Desk', '0', 0, '0000-00-00 00:00:00', NULL, NULL, 128),
(53, 142, 'Se realizo la verificación del teléfono y su adecuado su funcionamiento \nSe da por cerrado el caso.', '0', 0, '0000-00-00 00:00:00', NULL, NULL, 131),
(54, 143, '', '0', 0, '0000-00-00 00:00:00', NULL, NULL, 125),
(55, 144, 'Se actualizo el mac y se soluciono la parte del ingreso al sistema help desk', '0', 0, '0000-00-00 00:00:00', NULL, NULL, 125),
(56, 145, '', '1', 0, '0000-00-00 00:00:00', '0000-00-00 00:00:00', NULL, 128),
(57, 145, 'Se realizo el respectivo Cambio de equipo e instalación del pc', '0', 0, '0000-00-00 00:00:00', NULL, NULL, 128),
(58, 146, 'Se cambio la versión del office y se dejo configurado los correos', '0', 0, '0000-00-00 00:00:00', NULL, NULL, 125),
(59, 147, 'Se da información vía telefónica al usuario.', '0', 0, '0000-00-00 00:00:00', NULL, NULL, 127),
(60, 148, '', '1', 0, '0000-00-00 00:00:00', '0000-00-00 00:00:00', NULL, 125),
(61, 148, 'Después de lo comentado cierro el caso y tan pronto la Doctora  me envié el correo le daré copia para quedar atento gracias', '0', 0, '0000-00-00 00:00:00', NULL, NULL, 128),
(62, 149, '', '1', 0, '0000-00-00 00:00:00', '0000-00-00 00:00:00', NULL, 125),
(63, 149, 'Se Realizo el respectivo soporte dando solución al problema presentado', '0', 0, '0000-00-00 00:00:00', NULL, NULL, 128),
(64, 150, '', '0', 0, '0000-00-00 00:00:00', NULL, NULL, 125),
(65, 151, 'Esto es urgente  Deiby Por favor.', '1', 0, '0000-00-00 00:00:00', '0000-00-00 00:00:00', NULL, 128),
(66, 151, 'Se configuro la impresora en el punto PAE y se realizaron pruebas de funcionamiento.', '0', 0, '0000-00-00 00:00:00', NULL, NULL, 125),
(67, 152, 'Se verifico y configuro la impresora de acuerdo a los requerimientos', '0', 0, '0000-00-00 00:00:00', NULL, NULL, 125),
(68, 153, 'Se realizo la configuración IP en el equipo.\nSe realizaron pruebas exitosas de conectividad a Internet \n\nSe da por cerrado el caso', '0', 0, '0000-00-00 00:00:00', NULL, NULL, 131),
(69, 154, 'Se realizo la revisión respectiva y se dio solución al inconveniente', '0', 0, '0000-00-00 00:00:00', NULL, NULL, 125),
(70, 156, 'Se realizo actualización en pagina web de talleres ', '0', 0, '0000-00-00 00:00:00', NULL, NULL, 126),
(71, 157, '', '1', 0, '0000-00-00 00:00:00', '0000-00-00 00:00:00', NULL, 126),
(72, 157, '', '0', 0, '0000-00-00 00:00:00', NULL, NULL, 127),
(73, 158, '', '1', 0, '0000-00-00 00:00:00', '0000-00-00 00:00:00', NULL, 126),
(74, 158, '', '0', 0, '0000-00-00 00:00:00', NULL, NULL, 127),
(75, 159, 'Se reviso la configuración del explorador, y se impartieron las recomendaciones del caso', '0', 0, '0000-00-00 00:00:00', NULL, NULL, 125),
(76, 160, 'Se re configuro el correo para que quedara con el servicio de envió de masivos. ', '0', 0, '0000-00-00 00:00:00', NULL, NULL, 125),
(77, 161, 'Se reviso y se configuro de nuevos los servidores, se descarta daño interno, se espero un tiempo para confirmar daño temporal del provevedor', '0', 0, '0000-00-00 00:00:00', NULL, NULL, 125),
(78, 162, '', '1', 0, '0000-00-00 00:00:00', '0000-00-00 00:00:00', NULL, 131),
(79, 162, 'Se configuraron las carpetas en red que tenían los usuarios de servidor.', '0', 0, '0000-00-00 00:00:00', NULL, NULL, 125),
(80, 163, 'Se realizo la configuración del usuario de Aida Hernandez y se verifico que la información estuviera completa', '0', 0, '0000-00-00 00:00:00', NULL, NULL, 131),
(81, 164, 'Se realizo la configuración de un equipo nuevo y se respaldo la información en un HDD externo', '0', 0, '0000-00-00 00:00:00', NULL, NULL, 131),
(82, 165, 'Se realizo la configuracion de impresoras de PAE  y Gerencia ', '0', 0, '0000-00-00 00:00:00', NULL, NULL, 131),
(83, 166, 'Se reviso la configuración en red y se dejo el acceso a internet', '0', 0, '0000-00-00 00:00:00', NULL, NULL, 125),
(84, 167, 'Este caso quedo a mano de deiby ', '0', 0, '0000-00-00 00:00:00', NULL, NULL, 130),
(85, 168, 'Se realizo el respectivo soporte de compartir las carpetas de aunsentismos', '0', 0, '0000-00-00 00:00:00', NULL, NULL, 128),
(86, 169, 'se envió la base de datos el día 27 de febrero', '0', 0, '0000-00-00 00:00:00', NULL, NULL, 126),
(87, 170, '', '0', 0, '0000-00-00 00:00:00', NULL, NULL, 128),
(88, 171, '', '0', 0, '0000-00-00 00:00:00', NULL, NULL, 125),
(89, 172, 'Se realizo informe no. 75 para dar de baja portátil por obsolescencia. ', '0', 0, '0000-00-00 00:00:00', NULL, NULL, 125),
(90, 173, '', '0', 0, '0000-00-00 00:00:00', NULL, NULL, 131),
(91, 174, 'Se realizo la búsqueda de equipos con las características definidas por el ing Daniel Zarate, se envía correo soportando esta informacion', '0', 0, '0000-00-00 00:00:00', NULL, NULL, 131),
(92, 175, 'De acuerdo a lo conversado con Cristiam Rey ya se realizo la compra de los radios walkie Talkie Motorola\n\nSe da por cerrado el caso', '0', 0, '0000-00-00 00:00:00', NULL, NULL, 131),
(93, 176, 'Se realiza la orden de compra por 14 Toners.\nPendiente aprobacion del  Ing Daniel Zarate', '0', 0, '0000-00-00 00:00:00', NULL, NULL, 131),
(94, 177, 'Se realiza contacto con la persona de koah.\nenvío  correo electrónico a Alexander Gonzalez y Daniel Zarate con la información recogida', '0', 0, '0000-00-00 00:00:00', NULL, NULL, 131),
(95, 178, 'Se realiza la configuración y se restablece el servicio de internet en el computador administrativo de biblioteca', '0', 0, '0000-00-00 00:00:00', NULL, NULL, 131),
(96, 179, 'El usuario no se encontraba en el puesto\nSe realiza la configuración de la impresora.', '0', 0, '0000-00-00 00:00:00', NULL, NULL, 131),
(97, 180, 'El usuario no se encontraba en el puesto de trabajo\nSe realiza la configuración de la impresora asignada a la secretaria Academica y se verifica su adecuado  funcionamiento', '0', 0, '0000-00-00 00:00:00', NULL, NULL, 131),
(98, 181, 'se realizo el respectivo soporte y el agregar impresora del pae', '0', 0, '0000-00-00 00:00:00', NULL, NULL, 128),
(99, 182, 'Se realiza la configuración de la carpeta compartida y se verifica su correcto funcionamiento. se da por cerrado el caso', '0', 0, '0000-00-00 00:00:00', NULL, NULL, 131),
(100, 183, 'Se reviso el paso de fibra que llega a la casa bombardier y se revisaron que los equipos de edu continuada, talleres y biblioteca tuvieran conexión a Internet.', '0', 0, '0000-00-00 00:00:00', NULL, NULL, 125),
(101, 184, 'Se realiza cambio de teclado por uno con las teclas funcionales', '0', 0, '0000-00-00 00:00:00', NULL, NULL, 131),
(102, 185, 'Se revisaron las configuraciones de la impresora instalada en cada equipo, se realizo recarga de sistema de recarga y se realizaron pruebas de impresión.', '0', 0, '0000-00-00 00:00:00', NULL, NULL, 125),
(103, 186, 'Se realiza la conversión de 5  archivos .pdf a .Pptx.\nSe envía correo a Auxiliar de Dirección Académico con los respectivos archivos.\n\nSe da por cerrado el caso', '0', 0, '0000-00-00 00:00:00', NULL, NULL, 131),
(104, 187, '', '0', 0, '0000-00-00 00:00:00', NULL, NULL, 128),
(105, 188, '', '0', 0, '0000-00-00 00:00:00', NULL, NULL, 128),
(106, 189, '', '0', 0, '0000-00-00 00:00:00', NULL, NULL, 125),
(107, 190, 'Se realiza la configuración de las carpetas compartidas en los equipos de Aux audiovisuales y Auxdiseño, se realiza el cambio de cable de red por uno nuevo.\nSe da por cerrado el caso.', '0', 0, '0000-00-00 00:00:00', NULL, NULL, 131),
(108, 191, 'se realizo el respectivo soporte', '0', 0, '0000-00-00 00:00:00', NULL, NULL, 128),
(109, 193, 'Se realizo el traslado de los equipos y se realizaron pruebas de funcionamiento de los mismos.', '0', 0, '0000-00-00 00:00:00', NULL, NULL, 125),
(110, 194, 'Se realizo la configuración del archivo de contactos en el teléfono ', '0', 0, '0000-00-00 00:00:00', NULL, NULL, 125),
(111, 195, 'Su solicitud sera atendida en los próximos 15 minutos.', '0', 0, '0000-00-00 00:00:00', NULL, NULL, 131),
(112, 196, '', '0', 0, '0000-00-00 00:00:00', NULL, NULL, 127),
(113, 198, 'Se verifica el  funcionamiento del navegador Google Chrome y se crean los accesos directos para acceder al mismo.\n\nSe da por cerrado el caso.', '0', 0, '0000-00-00 00:00:00', NULL, NULL, 131),
(114, 203, '', '1', 0, '0000-00-00 00:00:00', '0000-00-00 00:00:00', NULL, 131),
(115, 203, 'Se realizo el reset de chip contador y se realizo la limpieza y recarga de la impresora', '0', 0, '0000-00-00 00:00:00', NULL, NULL, 125),
(116, 204, 'Se cambio la contraseña y se reconfiguro el correo.', '0', 0, '0000-00-00 00:00:00', NULL, NULL, 125),
(117, 205, 'Se verifica la disponibilidad y el acceso a la carpeta compartida.\n\nSe da por cerrado el caso', '0', 0, '0000-00-00 00:00:00', NULL, NULL, 131),
(118, 206, 'SE REALIZO LA RECONFIGURACIÓN DE LA IMPRESORA POR QUE SE ENCONTRABA EN ERROR', '0', 0, '0000-00-00 00:00:00', NULL, NULL, 125),
(119, 207, 'Se realizo el respectivo proceso de cambio de formato e impresión de ello ', '0', 0, '0000-00-00 00:00:00', NULL, NULL, 128),
(120, 208, 'Se realizo la conexion de la impresora en red', '0', 0, '0000-00-00 00:00:00', NULL, NULL, 125),
(121, 209, 'se realiza la configuración de la impresora de académica en el computador del Coordinador DPA', '0', 0, '0000-00-00 00:00:00', NULL, NULL, 131),
(122, 210, 'Se realizo la revisión y la correccional del caso', '0', 0, '0000-00-00 00:00:00', NULL, NULL, 125),
(123, 211, 'Se realizo la revision y las correcciones del caso', '0', 0, '0000-00-00 00:00:00', NULL, NULL, 125),
(124, 212, 'Se realizo el soporte, revisando el nivel de tinta y re configurando calidad de impresion.', '0', 0, '0000-00-00 00:00:00', NULL, NULL, 125),
(125, 215, 'Se instalo el software  y se dejo configurado en sistema de acceso en el equipo de la Doctora Alba Castañeda', '0', 0, '0000-00-00 00:00:00', NULL, NULL, 125),
(126, 216, 'se le instalo correctamente la impresora y equipo ', '0', 0, '0000-00-00 00:00:00', NULL, NULL, 128),
(127, 217, 'Se enviaron vía correo electronico los reportes de llamadas y navegación de biblioteca del mes de febrero y la primera semana de marzo.\n\nSe da por cerrado el caso', '0', 0, '0000-00-00 00:00:00', NULL, NULL, 131),
(128, 218, '', '1', 0, '0000-00-00 00:00:00', '0000-00-00 00:00:00', NULL, 125),
(129, 218, 'De acuerdo  a lo conversado por el usuario ya no aparecen los avisos de spam, el computador esta funcionando conrrectamente.\n\nSe da por cerrado el caso', '0', 0, '0000-00-00 00:00:00', NULL, NULL, 131),
(130, 219, 'El usuario encontró la solución de manera autónoma , no fue necesaria la intervención del técnico.\nSe da por cerrado el caso', '0', 0, '0000-00-00 00:00:00', NULL, NULL, 131),
(131, 220, 'Se realizo la re configuración y la activación del producto de office.', '0', 0, '0000-00-00 00:00:00', NULL, NULL, 125),
(132, 221, 'Se realiza el respectivo soporte de falla en imprimir impresora', '0', 0, '0000-00-00 00:00:00', NULL, NULL, 128),
(133, 222, 'Se realizo la configuración del correo de acuerdo al requerimiento', '0', 0, '0000-00-00 00:00:00', NULL, NULL, 125),
(134, 223, 'Se re configuro la licencia de office y se dejo activada', '0', 0, '0000-00-00 00:00:00', NULL, NULL, 125),
(135, 224, 'Se realizo la reviso la configuración de la cuenta y se dio tramite a la solicitud.', '0', 0, '0000-00-00 00:00:00', NULL, NULL, 125),
(136, 225, 'Se realizo el debido soporte en donde la quedo solucionado el problema de configurar y cambio de contraseña', '0', 0, '0000-00-00 00:00:00', NULL, NULL, 128),
(137, 226, 'Se verifican las siguientes funciones en el datáfono:\n\n-Verificación de Conexión.\n-Verificación de Impresiones.\n-Verificación de Banda Magnética.\n\n\nLas pruebas fueron exitosas.\nSe da por cerrado el caso.', '0', 0, '0000-00-00 00:00:00', NULL, NULL, 131),
(138, 227, 'Después del debido soporte doy por cerrado al caso cualquier cosa quedo atento', '0', 0, '0000-00-00 00:00:00', NULL, NULL, 128),
(139, 228, 'De acuerdo a lo conversado con el usuario no se presetaron mas los apagones repentinos del computador.\nSe da por cerrado el caso', '0', 0, '0000-00-00 00:00:00', NULL, NULL, 131),
(140, 229, '', '0', 0, '0000-00-00 00:00:00', NULL, NULL, 125),
(141, 230, 'Se configura la impresora de Dirección Contable.\nSe dan instrucciones de uso del Escaner al Usuario.\n\nSe da por cerrado el caso.', '0', 0, '0000-00-00 00:00:00', NULL, NULL, 131),
(142, 231, 'Se configura el acceso a las carpetas compartidas del área comercial y se crean accesos directos en el escritorio de cada usuario.\nSe da por cerrado el caso.\n', '0', 0, '0000-00-00 00:00:00', NULL, NULL, 131),
(143, 234, '', '0', 0, '0000-00-00 00:00:00', NULL, NULL, 125),
(144, 235, '', '0', 0, '0000-00-00 00:00:00', NULL, NULL, 125),
(145, 236, 'Se realiza la Actualización del Directorio', '0', 0, '0000-00-00 00:00:00', NULL, NULL, 127),
(146, 237, 'Se instala Spark y se reinicia el PC para verificar el correcto  funcionamiento.\nSe da por cerrado el caso.', '0', 0, '0000-00-00 00:00:00', NULL, NULL, 131),
(147, 238, 'Se revisaron las configuraciones de red y se libero la ip', '0', 0, '0000-00-00 00:00:00', NULL, NULL, 125),
(148, 241, 'Se instalo la impresora y el driver en donde quedo funcionando correctamente', '0', 0, '0000-00-00 00:00:00', NULL, NULL, 128),
(149, 245, '', '0', 0, '0000-00-00 00:00:00', NULL, NULL, 131),
(150, 247, 'se realizo el respectivo soporte de instalación de impresora en donde su funcionalidad fue exitosa ', '0', 0, '0000-00-00 00:00:00', NULL, NULL, 128),
(151, 249, 'Se realizo el respectivo traslado del punto de la oficina', '0', 0, '0000-00-00 00:00:00', NULL, NULL, 128),
(152, 250, '', '0', 0, '0000-00-00 00:00:00', NULL, NULL, 125),
(153, 251, 'se envía correo con la información solicitada', '0', 0, '0000-00-00 00:00:00', NULL, NULL, 127),
(154, 252, 'Correos enviados', '0', 0, '0000-00-00 00:00:00', NULL, NULL, 168),
(155, 253, 'El correo ya fue creado', '0', 0, '0000-00-00 00:00:00', NULL, NULL, 127),
(156, 254, '', '0', 0, '0000-00-00 00:00:00', NULL, NULL, 125),
(157, 255, 'Se realiza la configuración de correo electrónico en el equipo del Asistente de Compras. \n\nSe da por cerrado el caso.', '0', 0, '0000-00-00 00:00:00', NULL, NULL, 131),
(158, 256, '', '0', 0, '0000-00-00 00:00:00', NULL, NULL, 127),
(159, 257, '', '0', 0, '0000-00-00 00:00:00', NULL, NULL, 125),
(160, 258, 'Se realizo la re conexión del punto y se verifico el funcionamiento del internet.', '0', 0, '0000-00-00 00:00:00', NULL, NULL, 125),
(161, 259, '', '0', 0, '0000-00-00 00:00:00', NULL, NULL, 131),
(162, 260, 'El programa adobe reader se encuentra instalado en el PC.\nSe verifica que los archivos PDF abran de manera predeterminada con Adobe Reader.\n\nSe da por cerrado el caso', '0', 0, '0000-00-00 00:00:00', NULL, NULL, 131),
(163, 261, 'Aviso Eliminado', '0', 0, '0000-00-00 00:00:00', NULL, NULL, 168),
(164, 262, 'Se realizo una verificación y se evidencia que es un archivo el que coloca el equipo lento, se aconseja bajar el peso del archivo y se desinstala software utilitario del equipo.', '0', 0, '0000-00-00 00:00:00', NULL, NULL, 125),
(165, 263, 'se da el Acceso a la pagina solicitada.', '0', 0, '0000-00-00 00:00:00', NULL, NULL, 127),
(166, 264, '', '0', 0, '0000-00-00 00:00:00', NULL, NULL, 127),
(167, 265, 'Se realiza la recarga de las tintas en la impresora Epson, \nSe verifica que la impresora imprima de manera adecuada.\n\nSe da por cerrado el caso.', '0', 0, '0000-00-00 00:00:00', NULL, NULL, 131),
(168, 266, 'Se verifican las conexiones físicas y  se prueba el adecuado acceso a Internet  desde el PC . \n\nSe da por cerrado el caso', '0', 0, '0000-00-00 00:00:00', NULL, NULL, 131),
(169, 268, 'Se restableció la contraseña del usuario wpoveda.', '0', 0, '0000-00-00 00:00:00', NULL, NULL, 174),
(170, 269, 'Se realizo la configuración de un nuevo usuario para la configuración de este correo en el equipo de Carlos Mancilla', '0', 0, '0000-00-00 00:00:00', NULL, NULL, 125),
(171, 270, 'el caso ya lo había colocado Olga, ya fue asignado a uno de los Técnicos.', '0', 0, '0000-00-00 00:00:00', NULL, NULL, 127),
(172, 271, '', '0', 0, '0000-00-00 00:00:00', NULL, NULL, 131),
(173, 272, '', '0', 0, '0000-00-00 00:00:00', NULL, NULL, 127),
(174, 273, 'se realizo el reseteo de chip de impresora, se realizaron pruebas de funcionamiento.', '0', 0, '0000-00-00 00:00:00', NULL, NULL, 125),
(175, 278, '', '0', 0, '0000-00-00 00:00:00', NULL, NULL, 131),
(176, 279, 'se descargo el vídeo y se verifico que se reprodujera en el equipo del Doctor Ravelo.', '0', 0, '0000-00-00 00:00:00', NULL, NULL, 125),
(177, 280, 'Se realizo la actualización de Java  que es una dependencia de spark.\nSe configuro la cuenta del usuario nuevamente.\nSe deja el caso en seguimiento ', '0', 0, '0000-00-00 00:00:00', NULL, NULL, 131),
(178, 281, '', '0', 0, '0000-00-00 00:00:00', NULL, NULL, 127),
(179, 282, 'Se Realizo El Respectivo Cambio Del Toner', '0', 0, '0000-00-00 00:00:00', NULL, NULL, 128),
(180, 283, 'Se hablo con John Suarez y el problema radica en falla de la plataforma de acceso al sistema academico', '0', 0, '0000-00-00 00:00:00', NULL, NULL, 125),
(181, 284, '', '0', 0, '0000-00-00 00:00:00', NULL, NULL, 127),
(182, 285, 'Se realiza la provisión de direcciones IP para los equipo en sala de profesores, así mismo se dejan estas direcciones IP sin restricciones de navegación.\nSe da por cerrado el caso', '0', 0, '0000-00-00 00:00:00', NULL, NULL, 131),
(183, 287, '', '0', 0, '0000-00-00 00:00:00', NULL, NULL, 131),
(184, 288, 'se realizo la edición del video', '0', 0, '0000-00-00 00:00:00', NULL, NULL, 126),
(185, 289, 'Se realizo el respectiva instalación de canaleta', '0', 0, '0000-00-00 00:00:00', NULL, NULL, 128),
(186, 290, 'Se realizo la instalación del Escaner en el equipo del Usuario Jose Moreno, se realizan pruebas de escaneo para verificar el correcto del funcionamiento del mismo\n\nSe da por cerrado el caso', '0', 0, '0000-00-00 00:00:00', NULL, NULL, 131),
(187, 291, 'se realizo el respectivo soporte', '0', 0, '0000-00-00 00:00:00', NULL, NULL, 128),
(188, 292, 'Se realiza el levantamiento de información solicitada por Corin Artunduaga, se valida la información con el Ing Daniel Zarate\n\nSe cierra el caso el día 14 de Marzo de 2014', '0', 0, '0000-00-00 00:00:00', NULL, NULL, 131),
(189, 293, 'Se envió vía correo electrónico el archivo con el reporte del mes de febrero para el usuario solicitado.\n\nSe da por finalizada la tarea', '0', 0, '0000-00-00 00:00:00', NULL, NULL, 131),
(190, 294, '', '0', 0, '0000-00-00 00:00:00', NULL, NULL, 125),
(191, 295, 'Se realiza el cambio del tóner de impresora LEXMARK E260.\nSe da por cerrado el caso.\n', '0', 0, '0000-00-00 00:00:00', NULL, NULL, 131),
(192, 296, 'se realizo el respectivo soporte', '0', 0, '0000-00-00 00:00:00', NULL, NULL, 128),
(193, 297, 'Se realizo la configuración de la red cei-administrativos para las pruebas de funcionamiento', '0', 0, '0000-00-00 00:00:00', NULL, NULL, 125),
(194, 298, 'Se desbloquean las paginas solicitadas en el firewall de estudiantes, se verifica el adecuado acceso a las mismas.\nSe da por terminada la tarea', '0', 0, '0000-00-00 00:00:00', NULL, NULL, 131),
(195, 299, 'Se configuraron las impresoras de la casa Piper ', '0', 0, '0000-00-00 00:00:00', NULL, NULL, 125),
(196, 300, '', '0', 0, '0000-00-00 00:00:00', NULL, NULL, 131),
(197, 301, 'Se realiza la copia de información y se entrega a el usuario final en un DVD.\nSe cierra el caso el día 14 de Marzo de 2014 en horas de la mañana', '0', 0, '0000-00-00 00:00:00', NULL, NULL, 131),
(198, 302, 'El teléfono estaba desconectado de la electricidad por lo que el servicio de Internet no funcionaba, Se realizan las respectivas correcciones y se verifica el correcto funcionamiento del servico', '0', 0, '0000-00-00 00:00:00', NULL, NULL, 131),
(199, 303, 'Se establece y se verifica la conexión remota de SNIES\nSe da por cerrado el caso el día 14 de Marzo de 2014', '0', 0, '0000-00-00 00:00:00', NULL, NULL, 131),
(200, 304, 'Se realiza la instalación del controlador de la impresora EPSON LX-300 y se realiza la impresión que fue solicitada.\n\nSe da por cerrado el caso', '0', 0, '0000-00-00 00:00:00', NULL, NULL, 131),
(201, 305, 'Se instala y se comparte la impresora de egresados.\nSe verifica su correcto funcionamiento con pruebas de impresión\n\nSe cierra el caso el día 14 de Marzo de 2014  en horas de la mañana', '0', 0, '0000-00-00 00:00:00', NULL, NULL, 131),
(202, 306, 'se  conecto y verifico la conexión a Internet del portátil prestado a contabilidad el día 15 de Marzo de 2014 en horas de la mañana', '0', 0, '0000-00-00 00:00:00', NULL, NULL, 131),
(203, 307, 'se realizo la respectiva activación del paquete de office', '0', 0, '0000-00-00 00:00:00', NULL, NULL, 128),
(204, 308, '', '1', 0, '0000-00-00 00:00:00', '0000-00-00 00:00:00', NULL, 125),
(205, 308, '', '0', 0, '0000-00-00 00:00:00', NULL, NULL, 125),
(206, 309, 'Se realiza el envió de los pantallazos requeridos a el Ing Diego Muñoz.\n\nSe da por terminada la solicitud', '0', 0, '0000-00-00 00:00:00', NULL, NULL, 131),
(207, 313, 'Se realiza la revisión del la conexión y la impresora.\nSe determina que la impresora estaba apagada\n\nSe da por cerrado el caso', '0', 0, '0000-00-00 00:00:00', NULL, NULL, 131),
(208, 314, 'Se realizo el respectivo proceso y verificacion', '0', 0, '0000-00-00 00:00:00', NULL, NULL, 128),
(209, 315, 'Se creo y se configuro la respectiva carpeta comparida para el grupo bienestar', '0', 0, '0000-00-00 00:00:00', NULL, NULL, 125),
(210, 316, 'Se realiza la revisión respectiva y se coloca en lista de espera para actualización de equipo', '0', 0, '0000-00-00 00:00:00', NULL, NULL, 125),
(211, 317, '', '0', 0, '0000-00-00 00:00:00', NULL, NULL, 127),
(212, 318, 'Se realizo el reporte de snies y se tomaron pantallasos,  queda pendiente finalizar esta labor. ', '0', 0, '0000-00-00 00:00:00', NULL, NULL, 131),
(213, 320, '', '1', 0, '0000-00-00 00:00:00', '0000-00-00 00:00:00', NULL, 131),
(214, 320, 'Se realizo el acompañamiento para revisar temas de soporte y fallas en la plataforma(Internet y equipos).', '0', 0, '0000-00-00 00:00:00', NULL, NULL, 125),
(215, 321, 'Se realizo el acompañamiento para revisar temas de soporte y fallas en la plataforma.', '0', 0, '0000-00-00 00:00:00', NULL, NULL, 125),
(216, 322, 'Se actualizaron los usuarios de la plataform', '0', 0, '0000-00-00 00:00:00', NULL, NULL, 174),
(217, 323, '', '0', 0, '0000-00-00 00:00:00', NULL, NULL, 168),
(218, 324, 'Se realizo el respectivo soporte y configuración de la carpeta', '0', 0, '0000-00-00 00:00:00', NULL, NULL, 128),
(219, 325, 'Se realiza la revisión de los permiso de la carpeta.\nSe toma la copia que estaba en servidor para que sea reemplazada por la del equipo local.', '0', 0, '0000-00-00 00:00:00', NULL, NULL, 131),
(220, 326, 'Se realizo la respectiva verificación en donde se la da solución al soporte satisfactoriamente ', '0', 0, '0000-00-00 00:00:00', NULL, NULL, 128),
(221, 327, 'Se configura impresora de secretaria académica y se verifica el soporte', '0', 0, '0000-00-00 00:00:00', NULL, NULL, 128),
(222, 328, 'Se realizaron las llamadas y se estableció contacto con el operador ETB, quien informo que la linea telefónica estaba asignada a una persona natural y no a ICAFT como se presume, ademas informa que si se realiza el traslado puede cambiar el numero, el caso paso a manos de Corin quien también se contacto con ETB e informara a el Ing. Justo Murcia lo acontecido ', '0', 0, '0000-00-00 00:00:00', NULL, NULL, 131),
(223, 329, '', '0', 0, '0000-00-00 00:00:00', NULL, NULL, 128),
(224, 331, 'Se realizo la verificación y se hicieron los cambios correspondientes', '0', 0, '0000-00-00 00:00:00', NULL, NULL, 125),
(225, 332, 'Se realizo la instalación de Nero Express 11 en el computador del usuario.\nSe da por cerrado el caso', '0', 0, '0000-00-00 00:00:00', NULL, NULL, 131),
(226, 333, 'Se realiza la configuracion de la impresora de biblioteca para que pueda imprimir el archivo solicitado.\n\nSe da por cerrado el caso.', '0', 0, '0000-00-00 00:00:00', NULL, NULL, 131),
(227, 334, 'Se realizo el traslado de los equipos al laboratorio de informática nuevo con monitores, teclados y mouses', '0', 0, '0000-00-00 00:00:00', NULL, NULL, 131),
(228, 335, 'Se realizo el traslado y el montaje de las maquinas en el laboratorio tres', '0', 0, '0000-00-00 00:00:00', NULL, NULL, 125),
(229, 336, 'se realzo el respectivo montaje y organización de la sala', '0', 0, '0000-00-00 00:00:00', NULL, NULL, 128),
(230, 337, 'Se realizo la instalación del tv en el aula nueva', '0', 0, '0000-00-00 00:00:00', NULL, NULL, 125),
(231, 338, '', '0', 0, '0000-00-00 00:00:00', NULL, NULL, 131),
(232, 339, 'La llamada no se puede hacer desde la ext del usuario por lo que se sugiere que sea hecha desde un celular.', '0', 0, '0000-00-00 00:00:00', NULL, NULL, 131),
(233, 340, 'Se realizo la creación de las carpetas que están ubicadas en la oficina de sistemas.\n\nSe da por terminada la tarea', '0', 0, '0000-00-00 00:00:00', NULL, NULL, 131),
(234, 341, 'Se le entregaron 2 portátiles toshiba y dos pistolas lectoras de código de barras.', '0', 0, '0000-00-00 00:00:00', NULL, NULL, 125),
(235, 342, 'Se instalo el equipo en el lugar indicado por la solicitud', '0', 0, '0000-00-00 00:00:00', NULL, NULL, 125),
(236, 343, 'Se realizo la configuración de la impresora en red de auxacademico', '0', 0, '0000-00-00 00:00:00', NULL, NULL, 125),
(237, 344, 'Se reviso la configuración y no se encontraron anomalías , se hacen pruebas e imprime bien.', '0', 0, '0000-00-00 00:00:00', NULL, NULL, 125),
(238, 345, 'Se reviso la configuración y no se encontraron anomalías , se hacen pruebas e imprime bien.', '0', 0, '0000-00-00 00:00:00', NULL, NULL, 125),
(239, 346, '', '0', 0, '0000-00-00 00:00:00', NULL, NULL, 127),
(240, 347, 'Se hizo el préstamo de un portátil Toshiba ', '0', 0, '0000-00-00 00:00:00', NULL, NULL, 125),
(241, 348, 'El cable de red estaba desconectado, se conecta y se verifica el acceso a Internet.\n\nSe da por cerrado el caso', '0', 0, '0000-00-00 00:00:00', NULL, NULL, 131),
(242, 349, 'Se converso con el arquitecto respecto al arreglo de las mesas, se realiza la solicitud  vía correo electrónico .\n\nSe da por terminad la tarea', '0', 0, '0000-00-00 00:00:00', NULL, NULL, 131),
(243, 350, '', '1', 0, '0000-00-00 00:00:00', '0000-00-00 00:00:00', NULL, 168),
(244, 350, 'Se corrigió la plataforma', '0', 0, '0000-00-00 00:00:00', NULL, NULL, 174),
(245, 351, 'Se realizo la configuración del outlook con el correo de Carlos Mario Pinzón ', '0', 0, '0000-00-00 00:00:00', NULL, NULL, 125),
(246, 352, 'Se realizo la verificación del nivel del cartucho y se realizo el respectivo cambio ', '0', 0, '0000-00-00 00:00:00', NULL, NULL, 125),
(247, 353, 'Se realizo la configuración del software y se realizo las pruebas de funcionamiento. ', '0', 0, '0000-00-00 00:00:00', NULL, NULL, 125),
(248, 354, '', '0', 0, '0000-00-00 00:00:00', NULL, NULL, 168),
(249, 355, 'Se realizo el inventario y solicitud de compra de toners, \n\nQueda pendiente la aprobación del Ing. Daniel Zarate', '0', 0, '0000-00-00 00:00:00', NULL, NULL, 131),
(250, 356, 'Se realiza la configuración de la impresora, y reinicio de los cartuchos.\nSe verifica con pruebas de impresión el correcto funcionamiento de la impresora \n\nSe da por cerrado el caso.', '0', 0, '0000-00-00 00:00:00', NULL, NULL, 131),
(251, 357, 'Se entrega copia de los vídeos para que sean revisados.', '0', 0, '0000-00-00 00:00:00', NULL, NULL, 125),
(252, 358, 'Se reviso que no tuviera software publicitario instalado en el equipo, se reinstalaron los navegadores web y se bloqueo las paginas emergentes. Se le indica al usuario que no debe realizar descarga de archivos de paginas no conocidas o de correos que no sean de confianza.', '0', 0, '0000-00-00 00:00:00', NULL, NULL, 125),
(253, 359, '', '0', 0, '0000-00-00 00:00:00', NULL, NULL, 125),
(254, 360, 'Cable de red desconectado.\nSe conecta y se verifica el servicio de internet\n\nSe da por cerrado el caso', '0', 0, '0000-00-00 00:00:00', NULL, NULL, 131),
(255, 361, 'Se realiza la verificación del servidor untangle.\nSe configurar los parámetros de red y se restablece servicio de internet\n\nSe da por cerrado el caso', '0', 0, '0000-00-00 00:00:00', NULL, NULL, 131),
(256, 362, 'Se realizo el reemplazo de los toners por uno nuevos, se configura la impresora en modo eco para optimizar el rendimiento de los consumibles.\n\nSe realiza la impresión requerida par probar el correcto funcionamiento de la impresora .\n\nSe da por cerrado el caso', '0', 0, '0000-00-00 00:00:00', NULL, NULL, 131),
(257, 363, 'Se entrega copia de los vídeos para que sean revisados.', '0', 0, '0000-00-00 00:00:00', NULL, NULL, 125),
(258, 364, 'Se realiza el traslado de la impresora al taller de sistemas para mantenimiento, \n\nSe deja el caso en seguimiento', '0', 0, '0000-00-00 00:00:00', NULL, NULL, 131),
(259, 365, 'Se reviso la configuración de la impresora y no se encontró falla, se realizan pruebas de funcionamiento', '0', 0, '0000-00-00 00:00:00', NULL, NULL, 125),
(260, 366, 'Se realiza la configuración del Iphone en la red inalambrica, \nde acuerdo a lo conversado con el usuario no se están presentando problemas de conexión.\n\nSe cierra el caso  quedando al pendiente de la situación.', '0', 0, '0000-00-00 00:00:00', NULL, NULL, 131),
(261, 367, 'se realizo la revisión y se verifica el funcionamiento del equipo, se le coloca otro disco duro para que se guarde la información en esta unidad.', '0', 0, '0000-00-00 00:00:00', NULL, NULL, 125),
(262, 368, 'Se restablece la configuración del teléfono,se verifica el funcionamiento del mismo.\n\nSe da por cerrado el caso', '0', 0, '0000-00-00 00:00:00', NULL, NULL, 131),
(263, 369, 'Se reviso el archivo que se intento abrir y se reinicio el software.', '0', 0, '0000-00-00 00:00:00', NULL, NULL, 125),
(264, 370, 'Se imprimieron las hojas y se llevaron al lugar indicado', '0', 0, '0000-00-00 00:00:00', NULL, NULL, 125),
(265, 371, 'Se realizo la configuración del disco duro extraible para borrar archivos.\n\nSe da por cerrado el caso', '0', 0, '0000-00-00 00:00:00', NULL, NULL, 131),
(266, 372, 'Se realiza la configuración de la cuenta de correo electrónico y se verifica su funcionamiento.\n', '0', 0, '0000-00-00 00:00:00', NULL, NULL, 131),
(267, 373, 'se verificaron las carpetas y se elimino la que no corresponde al archivo', '0', 0, '0000-00-00 00:00:00', NULL, NULL, 125),
(268, 374, '#¿NOMBRE?', '0', 0, '0000-00-00 00:00:00', NULL, NULL, 131),
(269, 375, '', '1', 0, '0000-00-00 00:00:00', '0000-00-00 00:00:00', NULL, 131),
(270, 375, 'Se realizo la configuración y se dejo funcionando el equipo', '0', 0, '0000-00-00 00:00:00', NULL, NULL, 125),
(271, 376, 'Se realiza el retiro de la impresora de para una revisión técnica.', '0', 0, '0000-00-00 00:00:00', NULL, NULL, 131),
(272, 377, '', '0', 0, '0000-00-00 00:00:00', NULL, NULL, 131),
(273, 378, 'Se extrae el backUp del vídeo y se guarda en cd''s para su revisión. ', '0', 0, '0000-00-00 00:00:00', NULL, NULL, 125),
(274, 379, '', '0', 0, '0000-00-00 00:00:00', NULL, NULL, 131),
(275, 382, 'Se realizo el cambio de toner y se verifico el funcionamiento', '0', 0, '0000-00-00 00:00:00', NULL, NULL, 125),
(276, 383, 'Se realizo la conexión a al carpeta de imágenes del servidor', '0', 0, '0000-00-00 00:00:00', NULL, NULL, 125),
(277, 384, 'se hizo el tramite respectivo', '0', 0, '0000-00-00 00:00:00', NULL, NULL, 125),
(278, 386, 'Se realiza y se imprime el acta de reunion No 33', '0', 0, '0000-00-00 00:00:00', NULL, NULL, 131),
(279, 387, 'El caso esta en cola y  sera atendido en las próximos 20 Minutos', '0', 0, '0000-00-00 00:00:00', NULL, NULL, 131),
(280, 388, 'Se realizo la verificación de las conexiones y de realizaron pruebas de funcionamiento', '0', 0, '0000-00-00 00:00:00', NULL, NULL, 125),
(281, 389, 'Se realizo la configuración de la impresora de Biblioteca en el Equipo de Salud Ocupacional.', '0', 0, '0000-00-00 00:00:00', NULL, NULL, 131),
(282, 390, 'Se realizo la revisión de las configuraciones en red del equipo y se dejo configurado. se realizaron pruebas de funcionamiento', '0', 0, '0000-00-00 00:00:00', NULL, NULL, 125),
(283, 391, '', '0', 0, '0000-00-00 00:00:00', NULL, NULL, 127),
(284, 392, '', '0', 0, '0000-00-00 00:00:00', NULL, NULL, 127),
(285, 393, 'Se le entrega el backup del outlook para su revision', '0', 0, '0000-00-00 00:00:00', NULL, NULL, 125),
(286, 394, 'Se realizo la verificación de los usuarios y se dejo configurado el programa', '0', 0, '0000-00-00 00:00:00', NULL, NULL, 125),
(287, 395, 'Se realizo la revisión del funcionamiento del servicio y de los puntos de conexión de llegada, se realizaron pruebas de funcionamiento de entrada y salida de llamadas y quedo funcionando .', '0', 0, '0000-00-00 00:00:00', NULL, NULL, 125),
(288, 396, 'Se realizo cambio de pila interna y se realizaron pruebas de funcionamiento. ', '0', 0, '0000-00-00 00:00:00', NULL, NULL, 125),
(289, 398, 'Se reviso y no se encontró desconexion, se coloco papel y se realizaron pruebas.', '0', 0, '0000-00-00 00:00:00', NULL, NULL, 125),
(290, 399, 'Se reinicio el Access Point de Gerencia. \n\nSe realizan pruebas de conexión inalambrica desde el Blackberry\n\nSe da por cerrado el caso', '0', 0, '0000-00-00 00:00:00', NULL, NULL, 131),
(291, 401, 'Se reseteo el Access Point que cubre el area administrativa.\n\nSe realizaron pruebas de conexión a internet desde el blackberry.\nSe da por cerrado el caso', '0', 0, '0000-00-00 00:00:00', NULL, NULL, 131),
(292, 405, 'Prueba', '0', 0, '0000-00-00 00:00:00', NULL, NULL, 127),
(293, 406, '', '1', 0, '0000-00-00 00:00:00', '0000-00-00 00:00:00', NULL, 131),
(294, 406, '', '0', 0, '0000-00-00 00:00:00', NULL, NULL, 125),
(295, 407, 'Se realiza el desbloqueo de la pagina web y se verifica que se puedan subir fotos desde la red inalambrica hacia la red social instagram ', '0', 0, '0000-00-00 00:00:00', NULL, NULL, 131),
(296, 408, 'Se realizo el cambio de contraseña de SABRE en los 22 computadores del laboratorio 2, queda pendiente el cambio de contraseñas en el laboratorio1', '0', 0, '0000-00-00 00:00:00', NULL, NULL, 131),
(297, 409, 'El sonido esta deshabilitado porque no hay un dispositivo multimedia como audífonos o parlantes conectados a la PC.\n\nSe da por cerrado el caso\n', '0', 0, '0000-00-00 00:00:00', NULL, NULL, 131),
(298, 410, 'El equipo estaba bloqueado por Office 2013, se reinicia el Software y se verifica su correcto funcionamiento', '0', 0, '0000-00-00 00:00:00', NULL, NULL, 131),
(299, 411, 'se va a realizar el cargue de la imagen de mes de abril para que las configuraciones hechas suban de manera adecuada ', '0', 0, '0000-00-00 00:00:00', NULL, NULL, 125),
(300, 412, 'PRUEBA', '0', 0, '0000-00-00 00:00:00', NULL, NULL, 127),
(301, 413, 'se realizo el respectivo soporte (el equipo se arregla en cuanto la velocidad pero recomen-dacio como del usuario como el técnico cambio de equipo tan pronto haya uno libre)', '0', 0, '0000-00-00 00:00:00', NULL, NULL, 128),
(302, 414, 'La capacitación fue realizada y se le entrego usuario y contraseña', '0', 0, '0000-00-00 00:00:00', NULL, NULL, 125),
(303, 415, 'Se realiza el cambio de Toner  de la Impresora HP LJ 1212.\n se realiza una prueba de impresión para verificar el funcionamiento.\n\nSe da por cerrado el caso.', '0', 0, '0000-00-00 00:00:00', NULL, NULL, 131),
(304, 416, 'se escalo el soporte con Andres Gonzalez para su revision.', '0', 0, '0000-00-00 00:00:00', NULL, NULL, 125),
(305, 417, 'Se realizo el respectivo soporte de configuración de impresora tanto la de académica como la del servidor', '0', 0, '0000-00-00 00:00:00', NULL, NULL, 128),
(306, 418, 'Se realizo la configuración  y arreglo de la unidad de DVD y instalación de Driver de sonido dando como resultado funcionamiento cualquier cosa que daré atento a sus sugerencias ', '0', 0, '0000-00-00 00:00:00', NULL, NULL, 128),
(307, 419, 'Se realizo la verificación y se comprueba que el correo si esta en el buzón de recibidos.', '0', 0, '0000-00-00 00:00:00', NULL, NULL, 125),
(308, 420, 'Ok, se envia por correo electrónico a Jaime la nueva contraseña.', '0', 0, '0000-00-00 00:00:00', NULL, NULL, 174),
(309, 421, 'Se colocaron los acceso en el escritorio de acuerdo a la solicitud', '0', 0, '0000-00-00 00:00:00', NULL, NULL, 125),
(310, 422, 'Se realizo la configuración de las dos cuentas de correo de acuerdo al requerimiento.', '0', 0, '0000-00-00 00:00:00', NULL, NULL, 125),
(311, 423, 'Se realizo la conexión de impresora, se bajo el firewall para permitir impresiones. se realizo una prueba de impresion exitosa.\nSe da por cerrado el caso', '0', 0, '0000-00-00 00:00:00', NULL, NULL, 131),
(312, 425, 'Se le envió por correo el usuario y la contraseña para ingresar a el correo institucional.', '0', 0, '0000-00-00 00:00:00', NULL, NULL, 125),
(313, 426, 'Se realizo el cambio de teclado del computador en cuestion.\nSe da por cerrado el caso', '0', 0, '0000-00-00 00:00:00', NULL, NULL, 131),
(314, 427, '', '0', 0, '0000-00-00 00:00:00', NULL, NULL, 131),
(315, 428, 'Se definió que los masivos lo enviaría el Ing Daniel Zarate.\n\nSe da por cerrado el caso', '0', 0, '0000-00-00 00:00:00', NULL, NULL, 131),
(316, 429, 'Se solicita la restauración de la contraseña para el usuario Jose Moreno.\nSe verifica que pueda entrar sin ningún problema a la plataforma.\n\nse da por cerrado el caso', '0', 0, '0000-00-00 00:00:00', NULL, NULL, 131),
(317, 430, 'Se realizo la reinstalacion  de Acrobat X  y se verifico el adecuado funcionamiento del programa. \n\nSe da por cerrado el caso', '0', 0, '0000-00-00 00:00:00', NULL, NULL, 131),
(318, 431, 'Se dejo el equipo en el la oficina', '0', 0, '0000-00-00 00:00:00', NULL, NULL, 125),
(319, 432, 'Se realizo la instalación y se brindo una explicación del funcionamiento', '0', 0, '0000-00-00 00:00:00', NULL, NULL, 125),
(320, 433, 'Se realizo la llamada y la detective Luz Angela Davila pasa a recoger el vídeo el día viernes 04-abril  ', '0', 0, '0000-00-00 00:00:00', NULL, NULL, 125),
(321, 434, 'Se realizo el respectivo soporte', '0', 0, '0000-00-00 00:00:00', NULL, NULL, 128),
(322, 435, 'Se realizo la configuración de la unidad de red para compartir las carpetas solicitadas.\n\nSe da por cerrado el caso', '0', 0, '0000-00-00 00:00:00', NULL, NULL, 131),
(323, 436, 'Debido a inconvenientes con la configuración de la impresora no se pudo imprimir a doble cara automáticamente si no manualmente.\n\nSe da por cerrado el caso', '0', 0, '0000-00-00 00:00:00', NULL, NULL, 131),
(324, 437, 'Se realiza reemplazo de los toners negro y azul que corresponden a la impresora de dirección general', '0', 0, '0000-00-00 00:00:00', NULL, NULL, 125),
(325, 438, 'Se soluciono el problema del archivo de pdf', '0', 0, '0000-00-00 00:00:00', NULL, NULL, 128),
(326, 440, 'De acuerdo a su requerimiento se dio tramite de reservar la dirección IP y MAC en la red wifi de estudiantes.', '0', 0, '0000-00-00 00:00:00', NULL, NULL, 131),
(327, 441, 'No valida', '0', 0, '0000-00-00 00:00:00', NULL, NULL, 131),
(328, 442, 'Se realizo la configuración del servidor, se envió el correo electrónico con el reporte.\n\nSe da por cerrado el caso', '0', 0, '0000-00-00 00:00:00', NULL, NULL, 131),
(329, 444, 'se realizo la conexión a la carpeta compartida en el servidor', '0', 0, '0000-00-00 00:00:00', NULL, NULL, 125),
(330, 445, 'El departamento de Bienestar Institucional les invita a ver los dibujos que se encuentran participando en el concurso INDO-DIBUJO\n\nPara ello pueden acercarse a la cartelera ubicada en la Casa AIRBUS, en el primer piso, para observarlos, o ingresar a la página de Facebook de la Corporación para observarlos y apoyarlos a través de un LIKE También pueden observarlos dentro de la rotación que ', '0', 0, '0000-00-00 00:00:00', NULL, NULL, 128),
(331, 446, 'se realizo el respcetivo soporte y verificación del internet', '0', 0, '0000-00-00 00:00:00', NULL, NULL, 128),
(332, 447, 'Se realizan diferentes pruebas de envió y recepción de correo electrónico.\nqueda en seguimiento el caso.', '0', 0, '0000-00-00 00:00:00', NULL, NULL, 131),
(333, 449, 'Se dio la capacitacion y se crearon los usuarios de acceso al sistema', '0', 0, '0000-00-00 00:00:00', NULL, NULL, 125),
(334, 450, 'Se envió correo con los datos solicitados', '0', 0, '0000-00-00 00:00:00', NULL, NULL, 125),
(335, 452, 'se realizo la verificación del caso a los servicios del servidor y no se encontraron anomalías, se reviso la carpeta compartida y se dieron los permisos necesarios.', '0', 0, '0000-00-00 00:00:00', NULL, NULL, 125),
(336, 453, 'Se realizo la configuración del audio del equipo 6 de bilioteca, se verifica su correcto funcionamiento.\nSe da por cerrado el caso.', '0', 0, '0000-00-00 00:00:00', NULL, NULL, 131),
(337, 454, 'Se cambió la contraseña del usuario crey', '0', 0, '0000-00-00 00:00:00', NULL, NULL, 174),
(338, 455, 'Se realiza la configuración IP del PC  de biblioteca 2, y se verifica el acceso a internet\nSe da por cerrado el casoi', '0', 0, '0000-00-00 00:00:00', NULL, NULL, 131),
(339, 456, 'Se realizo la revisión y se realizo el respectivo mantenimiento.\n', '0', 0, '0000-00-00 00:00:00', NULL, NULL, 125),
(340, 457, 'Se realizo la verificación, se reseteo el chip contador y se verifico niveles de tinta', '0', 0, '0000-00-00 00:00:00', NULL, NULL, 125),
(341, 458, 'Se realizo el cambio del equipo de Lizset Acosta con todas la configuraciones requeridas y con su respectivo back-up', '0', 0, '0000-00-00 00:00:00', NULL, NULL, 125),
(342, 459, 'Se configuro el audio del auditorio en el portátil del profesor.\nSe da por cerrado el caso.', '0', 0, '0000-00-00 00:00:00', NULL, NULL, 131),
(343, 460, '', '1', 0, '0000-00-00 00:00:00', '0000-00-00 00:00:00', NULL, 125),
(344, 460, 'Se realizo la configuración de permisos para los usuarios mencionados para acceder a la carpeta de fotos en el servidor, queda pendiente crear el acceso directo en el usuario de la Dra. Shirley ', '0', 0, '0000-00-00 00:00:00', NULL, NULL, 131),
(345, 461, 'Se envía el correo con el usuario y la contraseña respectiva para realizar el ingreso al aula virtual', '0', 0, '0000-00-00 00:00:00', NULL, NULL, 125),
(346, 462, '', '0', 0, '0000-00-00 00:00:00', NULL, NULL, 127),
(347, 463, 'Se realizo la configuración de la resolución  del monitor y se verifico su adecuado funcionamiento ', '0', 0, '0000-00-00 00:00:00', NULL, NULL, 131),
(348, 464, 'Se realizo el downgrade del controlador de la impresora, se verifica el correcto funcionamiento con pruebas de impresión.\n\nSe da por cerrado el caso', '0', 0, '0000-00-00 00:00:00', NULL, NULL, 131),
(349, 465, 'Se realizo la revisión del PC, se acuerda agregar 2 Gb de memoria Adicionales ', '0', 0, '0000-00-00 00:00:00', NULL, NULL, 131),
(350, 466, '', '0', 0, '0000-00-00 00:00:00', NULL, NULL, 125),
(351, 467, 'Se realiza la configuración de la impresora de biblioteca, se verifica el correcto funcionamiento de la misma  se da por cerrado el caso', '0', 0, '0000-00-00 00:00:00', NULL, NULL, 131),
(352, 469, 'Se configuro la extencion del programa para la correcta visualización de archivos PDF.\n\nSe da por cerrado el caso', '0', 0, '0000-00-00 00:00:00', NULL, NULL, 131),
(353, 470, 'Se envía correo con la información solicitada.\n\nSe da por cerrado el caso', '0', 0, '0000-00-00 00:00:00', NULL, NULL, 131),
(354, 471, 'Se realizó la orden de compra de acuerdo a su solicitud.', '0', 0, '0000-00-00 00:00:00', NULL, NULL, 131),
(355, 472, '', '0', 0, '0000-00-00 00:00:00', NULL, NULL, 131);
INSERT INTO `support_traces` (`id_t`, `supports_id`, `observation`, `scale`, `consecutive`, `created_at`, `updated_at`, `modified`, `user_id`) VALUES
(356, 473, 'Se configuro nuevamente la impresora realizando la respectiva prueba', '0', 0, '0000-00-00 00:00:00', NULL, NULL, 128),
(357, 474, 'Se realizo la configuración de la impresora de biblioteca,\nse realizan pruebas de impresión\n\nSe da por cerrado el caso', '0', 0, '0000-00-00 00:00:00', NULL, NULL, 131),
(358, 475, 'se cambio el teclado al usuario  para un mejor funcionamiento ', '0', 0, '0000-00-00 00:00:00', NULL, NULL, 128),
(359, 476, 'Se reviso la conexión y se configuro de nuevo las impresoras de área contable', '0', 0, '0000-00-00 00:00:00', NULL, NULL, 125),
(360, 477, 'Se realizo la configuración de la impresora de biblioteca, se realizan pruebas de impresión.\n\nSe da por cerrado el caso', '0', 0, '0000-00-00 00:00:00', NULL, NULL, 131),
(361, 478, 'se realizo la actualización del navegador firefox y de los plujing.', '0', 0, '0000-00-00 00:00:00', NULL, NULL, 125),
(362, 479, 'se realizo el restablecimiento de las contraseñas de acuerdo a al solicitud.', '0', 0, '0000-00-00 00:00:00', NULL, NULL, 125),
(363, 481, 'Se cierra soporte de prueba con fines explicativos del módulo.', '0', 0, '0000-00-00 00:00:00', NULL, NULL, 174),
(364, 482, 'Se realizo el reinicio del Access Point ubicado en el área de gerencia.\nSe verifico el correcto funcionamiento del servicio  desde un computador portátil y celular .\n\nSe da por cerrado el caso.', '0', 0, '0000-00-00 00:00:00', NULL, NULL, 131),
(365, 483, 'Se realizo la revisión del acceso directo al sotfware y se re configuro para eliminar errores de la conexión.', '0', 0, '0000-00-00 00:00:00', NULL, NULL, 125),
(366, 484, 'se realizo la revisión y se corrige el serial', '0', 0, '0000-00-00 00:00:00', NULL, NULL, 125),
(367, 485, 'Se crea el acceso directo de las imágenes ubicadas en el servidor.\nSe verifica con el usuario el acceso a las mismas.\n\nSe da por cerrado el caso', '0', 0, '0000-00-00 00:00:00', NULL, NULL, 131),
(368, 486, 'se realizo la búsqueda de la información y se dejo conectado el archivo de origen con la combinación de correspondencia. se pego back up de software y se dejo configurado de acuerdo a la solicitud', '0', 0, '0000-00-00 00:00:00', NULL, NULL, 125),
(369, 487, 'Se realizo la actualizacion del fondo de pantalla corporativo.\nQueda pendiente que los usuarios reinicien el equipo para que la configuración surta efecto.\n\nSe da por cerrado el caso', '0', 0, '0000-00-00 00:00:00', NULL, NULL, 131),
(370, 488, 'Se programa la renovación del equipo para el día sábado 12 de Abril .\n', '0', 0, '0000-00-00 00:00:00', NULL, NULL, 131),
(371, 489, 'Se realizo la configuración temporal del teléfono ip del coordinador de aulas virtuales, mientras se obtiene la aprobación para la compra del teléfono.\n', '0', 0, '0000-00-00 00:00:00', NULL, NULL, 131),
(372, 490, '', '1', 0, '0000-00-00 00:00:00', '0000-00-00 00:00:00', NULL, 125),
(373, 490, 'Se realizo el respectivo arreglo de la canaleta', '0', 0, '0000-00-00 00:00:00', NULL, NULL, 128),
(374, 491, 'Se realiza la orden de compra para dicho teléfono, en espera de la aprobación del Ing. Daniel Zarate', '0', 0, '0000-00-00 00:00:00', NULL, NULL, 131),
(375, 492, 'Se realizo la verificación y se realizo la conexión de la carpeta ', '0', 0, '0000-00-00 00:00:00', NULL, NULL, 125),
(376, 493, 'Se declina la solicitud a petición del usuario ', '0', 0, '0000-00-00 00:00:00', NULL, NULL, 131),
(377, 494, '', '0', 0, '0000-00-00 00:00:00', NULL, NULL, 131),
(378, 495, 'Se realizo el cambio del teclado.\nSe da por cerrado el caso.', '0', 0, '0000-00-00 00:00:00', NULL, NULL, 131),
(379, 496, 'Se declina la solicitud a petición del usuario.', '0', 0, '0000-00-00 00:00:00', NULL, NULL, 131),
(380, 497, 'Caso de Prueba', '0', 0, '0000-00-00 00:00:00', NULL, NULL, 127),
(381, 498, 'se realizo la re instalación del software para reparar daños y errores, se actualizo el firmware del equipo, se cambio la version del software de instalacion y se dejo configurada la impresora en el equipo de Andrea Vega y se re configuraron los usuarios que utilizan el equipo ', '0', 0, '0000-00-00 00:00:00', NULL, NULL, 125),
(382, 500, 'Se verifico el funcionamiento de la plataforma en el equipo de salud ocupacional.\n\nSe da por cerrado el caso', '0', 0, '0000-00-00 00:00:00', NULL, NULL, 131),
(383, 501, 'Se verifico el funcionamiento de la plataforma en el equipo del funcionario.\nNo se detectaron problemas.\nSe da por cerrado el caso', '0', 0, '0000-00-00 00:00:00', NULL, NULL, 131),
(384, 502, '', '0', 0, '0000-00-00 00:00:00', NULL, NULL, 131),
(385, 503, 'Se realiza la instalacion del software winrar.\n\nSe da por cerrado el caso', '0', 0, '0000-00-00 00:00:00', NULL, NULL, 131),
(386, 504, 'se realizo la verificación y activación del producto en el equipo', '0', 0, '0000-00-00 00:00:00', NULL, NULL, 125),
(387, 505, '', '0', 0, '0000-00-00 00:00:00', NULL, NULL, 127),
(388, 506, '', '0', 0, '0000-00-00 00:00:00', NULL, NULL, 131),
(389, 507, 'Se le adiciono una memoria RAM de 1 Gb', '0', 0, '0000-00-00 00:00:00', NULL, NULL, 125),
(390, 508, 'Se realizo el soporte vía telefónica con el contacto de Amadeus, se reseteo las firmas para el ingreso y se realizaron ingresos de prueba. ', '0', 0, '0000-00-00 00:00:00', NULL, NULL, 125),
(391, 509, 'Se reinstala el driver de la impresora.\nSe verifica su funcionamiento con pruebas de impresion.\n\nSe da por cerrado el caso', '0', 0, '0000-00-00 00:00:00', NULL, NULL, 131),
(392, 510, 'se realiza la verificación y se activa el producto', '0', 0, '0000-00-00 00:00:00', NULL, NULL, 125),
(393, 511, '', '1', 0, '0000-00-00 00:00:00', '0000-00-00 00:00:00', NULL, 131),
(394, 511, '', '0', 0, '0000-00-00 00:00:00', NULL, NULL, 128),
(395, 512, '', '1', 0, '0000-00-00 00:00:00', '0000-00-00 00:00:00', NULL, 131),
(396, 512, 'Se realizaron las respectivas configuraciones ', '0', 0, '0000-00-00 00:00:00', NULL, NULL, 128),
(397, 513, 'Se realizaron la respectivas pruebas de conectividad para poder solucionar el problema', '0', 0, '0000-00-00 00:00:00', NULL, NULL, 128),
(398, 514, 'Se instalo el software pdf creator, se verifica funcionamiento ', '0', 0, '0000-00-00 00:00:00', NULL, NULL, 125),
(399, 515, 'Se realizo la verificación y se realizo limpieza de cabezales y eliminación de cache de impresiones', '0', 0, '0000-00-00 00:00:00', NULL, NULL, 125),
(400, 516, 'Se realizo la conexion de la base de datos con la carta y se probo funcionamiento.', '0', 0, '0000-00-00 00:00:00', NULL, NULL, 125),
(401, 517, 'Se realizo la reinstalación de la impresora y se realizaron las pruebas de funcionamiento.', '0', 0, '0000-00-00 00:00:00', NULL, NULL, 125),
(402, 518, 'se deja configurada la impresora de acuerdo a la solicitud', '0', 0, '0000-00-00 00:00:00', NULL, NULL, 125),
(403, 519, 'se realizo la conexión de la impresora de acuerdo a la solicitud', '0', 0, '0000-00-00 00:00:00', NULL, NULL, 125),
(404, 520, 'Se realiza el desbloqueo del las paginas web para el equipo.\n\nSe da por cerrado el caso', '0', 0, '0000-00-00 00:00:00', NULL, NULL, 131),
(405, 521, 'se realizo la verificación y se reinstalaron las impresoras del area de acuerdo a la solicitud', '0', 0, '0000-00-00 00:00:00', NULL, NULL, 125),
(406, 522, 'Se realizo la instalación del software de acuerdo a la solicitud y se realizaron pruebas de funcionamiento.', '0', 0, '0000-00-00 00:00:00', NULL, NULL, 125),
(407, 523, 'se realizo limpieza de cabezales y se realizo pruebas de impresión.', '0', 0, '0000-00-00 00:00:00', NULL, NULL, 125),
(408, 524, 'Se realizo el cambio de toner para la impresora HP lj 200 Color\nse da por cerrado el caso', '0', 0, '0000-00-00 00:00:00', NULL, NULL, 131),
(409, 525, 'Se realizo la conexion de la unidad SATA en el equipo.\n\nSe da por cerrado el caso', '0', 0, '0000-00-00 00:00:00', NULL, NULL, 131),
(410, 526, 'Se realizo la combinación de correspondencia para generar el archivo de cartas', '0', 0, '0000-00-00 00:00:00', NULL, NULL, 125),
(411, 527, 'se responden los correos solicitando el usuario para el ingreso al aula virtual', '0', 0, '0000-00-00 00:00:00', NULL, NULL, 125),
(412, 528, 'Carlos Como le comente vía telefónica, por favor comuniquese con Angela Sabogal para que le colabore con el cambio de los nombres a los archivos. ', '0', 0, '0000-00-00 00:00:00', NULL, NULL, 127),
(413, 529, 'Edgar esta solicitud se cierra debido a que la soliciyud ya se esta tramitando, el cambio de la maquina se efectuara en el transcurso de la semana.', '0', 0, '0000-00-00 00:00:00', NULL, NULL, 127),
(414, 531, 'Se recargo la tinta de la impresora y se realizo la verificación del caso', '0', 0, '0000-00-00 00:00:00', NULL, NULL, 125),
(415, 532, 'Se entrega copia de vídeo de acuerdo a la solicitud.', '0', 0, '0000-00-00 00:00:00', NULL, NULL, 125),
(416, 533, 'Se realizo el cambio de toner para la impresora HP Laserjet MJ1212\nSe da por cerrado el caso', '0', 0, '0000-00-00 00:00:00', NULL, NULL, 131),
(417, 534, '', '0', 0, '0000-00-00 00:00:00', NULL, NULL, 131),
(418, 535, 'Se realiza el respectivo soporte y se verifica las di ademas\n', '0', 0, '0000-00-00 00:00:00', NULL, NULL, 128),
(419, 536, 'Se realiza el cambio de toner de acuerdo a la solicitud', '0', 0, '0000-00-00 00:00:00', NULL, NULL, 125),
(420, 537, 'Se envia informe por correo electrónico para su revision', '0', 0, '0000-00-00 00:00:00', NULL, NULL, 125),
(421, 538, 'Se realizo la verificación y se encontró un trabajo en cola de otro usuario que impedía la salida de la impresion', '0', 0, '0000-00-00 00:00:00', NULL, NULL, 125),
(422, 539, 'Se revisa y se encuentra el daño en el fusible. Pendiente de comprar el repuesto.', '0', 0, '0000-00-00 00:00:00', NULL, NULL, 125),
(423, 541, 'Solicitud de prueba', '0', 0, '0000-00-00 00:00:00', NULL, NULL, 131),
(424, 542, 'Se realia el respectivo cambio del estabilizador del Doc German Gaona', '0', 0, '0000-00-00 00:00:00', NULL, NULL, 128),
(425, 543, 'Se realizo la instalación del software de acuerdo a la solicitud, pero hay que pedir una licencia de adobe', '0', 0, '0000-00-00 00:00:00', NULL, NULL, 125),
(426, 544, 'Se realizo la configuración despues de solicitar soporte, puesto que se había reportado la cuenta como spam', '0', 0, '0000-00-00 00:00:00', NULL, NULL, 125),
(427, 545, 'Se realiza la asignación del equipo en PAE.\n\nSe da por cerrado el caso', '0', 0, '0000-00-00 00:00:00', NULL, NULL, 131),
(428, 546, '', '1', 0, '0000-00-00 00:00:00', '0000-00-00 00:00:00', NULL, 131),
(429, 546, '', '0', 0, '0000-00-00 00:00:00', NULL, NULL, 128),
(430, 547, 'Se realizo el traslado de los equipos de acuerdo a al solicitud presentada.', '0', 0, '0000-00-00 00:00:00', NULL, NULL, 125),
(431, 548, 'Se llenaron los tanques de tinta y se verifico el funcionamiento.', '0', 0, '0000-00-00 00:00:00', NULL, NULL, 125),
(432, 549, '', '0', 0, '0000-00-00 00:00:00', NULL, NULL, 127),
(433, 550, 'Se realizo el archivo y se realizo la configuración del caso.\nSe realizo la capacitación del uso del software Cyber control', '0', 0, '0000-00-00 00:00:00', NULL, NULL, 125),
(434, 551, 'Se relizo el recpectivo soporte ya que no yenian axeso a  interne debido al problema de la luz', '0', 0, '0000-00-00 00:00:00', NULL, NULL, 128),
(435, 552, '\nse da por cerrado el caso', '0', 0, '0000-00-00 00:00:00', NULL, NULL, 131),
(436, 553, 'Se realizaron 3 copias del archivo solicitado.\nSe da por cerrado el caso', '0', 0, '0000-00-00 00:00:00', NULL, NULL, 131),
(437, 554, 'Se realizo la revisión de los equipos mencionados, se establece un mantenimiento correctivo para la próxima semana ', '0', 0, '0000-00-00 00:00:00', NULL, NULL, 131),
(438, 555, 'Se realizo la revisión con ayuda del Señor Hernando Rodriguez y se corrigió la falla presentada.', '0', 0, '0000-00-00 00:00:00', NULL, NULL, 125),
(439, 556, 'Se configuraron las diferentes cuentas de correo electrónico.\n\nSe da por cerrado el caso\n ', '0', 0, '0000-00-00 00:00:00', NULL, NULL, 131),
(440, 557, 'Se verifico las impresiones en cola, se reinicio el servicio de impresión y se verifico en antivirus', '0', 0, '0000-00-00 00:00:00', NULL, NULL, 125),
(441, 558, 'Se configuró la impresora en el equipo Asistente de Gerencia,\nSe da por cerrado el caso', '0', 0, '0000-00-00 00:00:00', NULL, NULL, 131),
(442, 559, '', '0', 0, '0000-00-00 00:00:00', NULL, NULL, 131),
(443, 560, 'Se realizo la revisión y re-configuracion de los equipos de acuerdo a al solicitud', '0', 0, '0000-00-00 00:00:00', NULL, NULL, 125),
(444, 561, '', '0', 0, '0000-00-00 00:00:00', NULL, NULL, 131),
(445, 563, 'Se configuro la impresora de acuerdo a al solicitud', '0', 0, '0000-00-00 00:00:00', NULL, NULL, 125),
(446, 564, 'Se configura impresora de acuerdo a la solicitud.', '0', 0, '0000-00-00 00:00:00', NULL, NULL, 125),
(447, 565, 'se realiza retiro del equipo y se realizo el cambio por un portatil', '0', 0, '0000-00-00 00:00:00', NULL, NULL, 125),
(448, 566, 'Se realizo la configuración de acuerdo a la solicitud', '0', 0, '0000-00-00 00:00:00', NULL, NULL, 125),
(449, 567, 'se realiza la instalación del equipo y se deja configurado de acuerdo a al solicitud', '0', 0, '0000-00-00 00:00:00', NULL, NULL, 125),
(450, 569, 'De acuerdo a lo conversado con el usuario el problema ya estaba solucionado', '0', 0, '0000-00-00 00:00:00', NULL, NULL, 131),
(451, 570, 'se realizo la revisión del caso', '0', 0, '0000-00-00 00:00:00', NULL, NULL, 125),
(452, 571, 'Se realizo la verificación y se dejo configurado el equipo del instructor ', '0', 0, '0000-00-00 00:00:00', NULL, NULL, 125),
(453, 572, 'De acuerdo a lo conversado con el usuario se decide cambiar los toner una vez se termine completamente .\n', '0', 0, '0000-00-00 00:00:00', NULL, NULL, 131),
(454, 574, 'se reviso la impresora y se realizo la configuración de acuerdo a la solicitud', '0', 0, '0000-00-00 00:00:00', NULL, NULL, 125),
(455, 575, 'De acuerdo a lo conversado con el usuario el problema ya estaba solucionado.', '0', 0, '0000-00-00 00:00:00', NULL, NULL, 131),
(456, 576, '', '1', 0, '0000-00-00 00:00:00', '0000-00-00 00:00:00', NULL, 125),
(457, 576, 'Se realizo la revisión y se dejo configurada la impresora de acuerdo a la solicitud, se realizaron pruebas de funcionamiento.', '0', 0, '0000-00-00 00:00:00', NULL, NULL, 125),
(458, 578, 'Se acordó con el usuario el envío del mensaje desde otra cuenta de correo electronico', '0', 0, '0000-00-00 00:00:00', NULL, NULL, 131),
(459, 579, 'Se realizo la reinstalacion del programa, se realizan pruebas de verificación.\nSe da por cerrado el caso', '0', 0, '0000-00-00 00:00:00', NULL, NULL, 131),
(460, 580, 'Se realiza el reemplazo del equipo en mension por el equipo #59.\nSe verifica el correcto funcionamiento de las aplicaciones y servicios de impresión, IM, e internet. \nSe da por cerrado el caso', '0', 0, '0000-00-00 00:00:00', NULL, NULL, 131),
(461, 581, 'se realizo la revisión y se corrige la falla presentada', '0', 0, '0000-00-00 00:00:00', NULL, NULL, 125),
(462, 582, 'se realizo la instalación de codecs adicionales y se realizo pruebas de funcionamiento', '0', 0, '0000-00-00 00:00:00', NULL, NULL, 125),
(463, 584, 'Se realiza entrega de portatil toshiba con el software solicitado.', '0', 0, '0000-00-00 00:00:00', NULL, NULL, 125),
(464, 585, 'se realizo la verificación y se restablece el servicio de Internet en el equipo', '0', 0, '0000-00-00 00:00:00', NULL, NULL, 125),
(465, 586, 'Se realiza la verificacion y entrega formal del equipo, al Sr Javier Lopez de Alianza Superior. los soportes de la entrega están almacenados física y virtualmente.\n\nSe da por cerrado el caso', '0', 0, '0000-00-00 00:00:00', NULL, NULL, 131),
(466, 587, 'Se configura la carpeta en los 7 computadores de biblioteca.\n\nSe da por cerrado el caso', '0', 0, '0000-00-00 00:00:00', NULL, NULL, 131),
(467, 588, 'Se realiza la configuración de las cuentas de correo electrónico Jmurcia@indoamericana.edu.co, emoraa@indoamericana.edu.co y jserna.@indoamericanaedu.co, Así mismo capacita al usuario sobre el hardware, software y aplicaciones usados en la Corporación. Se da por cerrado el caso', '0', 0, '0000-00-00 00:00:00', NULL, NULL, 131),
(468, 589, 'Se realizo el cambio de 4 toners  de las impresora a color Hp LJ M176.\nSe verifico con pruebas de impresión su correcto funcionamiento', '0', 0, '0000-00-00 00:00:00', NULL, NULL, 131),
(469, 590, 'Se realizo la configuracion de la impresora en el equipo de recepcion.\n\nSe da por cerrado el caso', '0', 0, '0000-00-00 00:00:00', NULL, NULL, 131),
(470, 591, 'Se realizo la orden de compra para los equipos de gerencia e ICAFT, pendiente por aprobación.', '0', 0, '0000-00-00 00:00:00', NULL, NULL, 131),
(471, 592, 'se realizo la configuración del software de acuerdo a la revision', '0', 0, '0000-00-00 00:00:00', NULL, NULL, 125),
(472, 593, 'Se realiza la configuración de las cuentas de correo electrónico Jmurcia@indoamericana.edu.co, emora@indoamericana.edu.co y jserna.@indoamericanaedu.co, Así mismo capacita al usuario sobre el hardware, software y aplicaciones usados en la Corporación.\nSe da por cerrado el caso', '0', 0, '0000-00-00 00:00:00', NULL, NULL, 131),
(473, 594, 'Se realiza el traslado del equipo y se verifica su adecuado funcionamiento.\n\nSe da por cerrado el caso', '0', 0, '0000-00-00 00:00:00', NULL, NULL, 131),
(474, 595, 'se realizo la instalación de la impresora de acuerdo a al solicitud\n', '0', 0, '0000-00-00 00:00:00', NULL, NULL, 125),
(475, 596, 'Se realiza la adecuacion del computador y punto de red en la oficina, se verifica el adecuado funcionamiento del equipo.\n\nSe da por cerrado el caso', '0', 0, '0000-00-00 00:00:00', NULL, NULL, 131),
(476, 598, '', '0', 0, '0000-00-00 00:00:00', NULL, NULL, 127),
(477, 599, '', '0', 0, '0000-00-00 00:00:00', NULL, NULL, 131),
(478, 600, 'Se realizan limpieza de inyectores en la impresora de Cooregresados y se verifica su adecuado funcionamiento', '0', 0, '0000-00-00 00:00:00', NULL, NULL, 131),
(479, 601, 'Se realiza la reparación del pst en el equipo.\nSe da por cerrado el caso', '0', 0, '0000-00-00 00:00:00', NULL, NULL, 131),
(480, 602, 'Se realizo el cambio de toner de la impresora Laser M1212 .\nSe da por cerrado el caso.', '0', 0, '0000-00-00 00:00:00', NULL, NULL, 131),
(481, 603, 'se hace entrega de copia de vídeo para su revision', '0', 0, '0000-00-00 00:00:00', NULL, NULL, 125),
(482, 604, 'Se realizo la verificación del equipo, se realiza mantenimiento a ala fuente de poder se da por cerrado el caso', '0', 0, '0000-00-00 00:00:00', NULL, NULL, 131),
(483, 605, 'Se realizo la verificación de la red y se configuro el equipo de acuerdo a la solictud', '0', 0, '0000-00-00 00:00:00', NULL, NULL, 125),
(484, 606, 'Se realizo el cambio de pachcord y se realizo la prueba de configuración.', '0', 0, '0000-00-00 00:00:00', NULL, NULL, 125),
(485, 607, 'Se realizo la revisión y se deja configurado ', '0', 0, '0000-00-00 00:00:00', NULL, NULL, 125),
(486, 608, '', '0', 0, '0000-00-00 00:00:00', NULL, NULL, 131),
(487, 609, 'Se habla con el ingeniero y se llega a un acuerdo de conectar la impresora de biblioteca para que sea usada por talleres', '0', 0, '0000-00-00 00:00:00', NULL, NULL, 125),
(488, 610, '', '1', 0, '0000-00-00 00:00:00', '0000-00-00 00:00:00', NULL, 131),
(489, 610, '', '0', 0, '0000-00-00 00:00:00', NULL, NULL, 131),
(490, 618, 'se hace entrega de copia de video para su revision', '0', 0, '0000-00-00 00:00:00', NULL, NULL, 125),
(491, 619, 'Se realizo la conexión de las carpetas compartidas y se verifico su funcionamiento de acuerdo a la solicitud', '0', 0, '0000-00-00 00:00:00', NULL, NULL, 125),
(492, 620, 'Se adjunta el informe de navegación solicitado.\nSe da por cerrado el caso', '0', 0, '0000-00-00 00:00:00', NULL, NULL, 131),
(493, 621, 'Se realiza la configuración de la impresora en red, y pruebas de impresión.\nSe da por cerrado el caso', '0', 0, '0000-00-00 00:00:00', NULL, NULL, 131),
(494, 622, 'Se realiza la revisión del equipo y se descartan daños, se arreglan las conexiones de corriente y se realizan pruebas de funcionamiento.', '0', 0, '0000-00-00 00:00:00', NULL, NULL, 125),
(495, 624, 'Se le informa a el usuario el manejo del navegador en el equipo\n\nSe da por cerrado el caso', '0', 0, '0000-00-00 00:00:00', NULL, NULL, 131),
(496, 625, 'Se le informa a el usuario la manera de acceder desde el navegador google chrome.\nSe da por cerrado el caso', '0', 0, '0000-00-00 00:00:00', NULL, NULL, 131),
(497, 626, 'se realizo la revisión de la impresora de acuerdo a al solicitud y se realizaron pruebas de funcionamiento.', '0', 0, '0000-00-00 00:00:00', NULL, NULL, 125),
(498, 627, 'Se realizo la solicitud de compra para los toners del mes de mayo.', '0', 0, '0000-00-00 00:00:00', NULL, NULL, 131),
(499, 628, 'Se realizo el traslado de la impresora a la oficina de Asis. Gerencia, se configura el Scanner y en 3 equipos.\n\nSe da por cerrado el caso', '1', 0, '0000-00-00 00:00:00', '0000-00-00 00:00:00', NULL, 125),
(500, 628, '', '0', 0, '0000-00-00 00:00:00', NULL, NULL, 131),
(501, 629, '', '0', 0, '0000-00-00 00:00:00', NULL, NULL, 131),
(502, 630, 'Se entrega el usuario y contraseña de SPÁDIES a la Dra Emma Carrion, se da por cerrado el caso.', '0', 0, '0000-00-00 00:00:00', NULL, NULL, 131),
(503, 631, 'se reemplaza por el equipo de Mecosoft por el equipo  de respaldo previamente configurado. \nSe da por cerrado el caso\n', '0', 0, '0000-00-00 00:00:00', NULL, NULL, 131),
(504, 632, 'Se realizo la configuración de l as maquinas de acuerdo al correo enviado', '0', 0, '0000-00-00 00:00:00', NULL, NULL, 125),
(505, 633, '', '1', 0, '0000-00-00 00:00:00', '0000-00-00 00:00:00', NULL, 131),
(506, 633, 'se realizo la limpieza de la impresora de acuerdo a la falla', '0', 0, '0000-00-00 00:00:00', NULL, NULL, 125),
(507, 635, 'Se elimina un atasco de papel en la impresora Lexmark E260, se configura nuevamente en el equipo del usuario.\n\nSe da por cerrado el caso', '0', 0, '0000-00-00 00:00:00', NULL, NULL, 131),
(508, 636, 'Se entrega copia del vídeo de seguridad', '0', 0, '0000-00-00 00:00:00', NULL, NULL, 125),
(509, 637, '', '0', 0, '0000-00-00 00:00:00', NULL, NULL, 131),
(510, 638, 'Se realizo la configuración de correo electrónico cartunduaga@indoamericana y nmendez@indoamericana  en el equipo del funcionario.\n\nSe da por cerrado el caso', '0', 0, '0000-00-00 00:00:00', NULL, NULL, 131),
(511, 639, 'Se graba la llamada de acuerdo a la solicitud', '0', 0, '0000-00-00 00:00:00', NULL, NULL, 125),
(512, 640, '\n', '0', 0, '0000-00-00 00:00:00', NULL, NULL, 131),
(513, 641, '', '0', 0, '0000-00-00 00:00:00', NULL, NULL, 131),
(514, 642, 'Se realizo la configuración de la firma de acuerdo a la solicitud.', '0', 0, '0000-00-00 00:00:00', NULL, NULL, 125),
(515, 643, 'Se realizo la entrega del Toner al el Ing Omar Ballen, se deja registro en el formato de entrega de Toners.\n\nSe da por cerrado el caso.', '0', 0, '0000-00-00 00:00:00', NULL, NULL, 131),
(516, 644, 'Se realizo la instalación de Skype y VLSM en el equipo portatil de Dr, Ravelo.\n\nSe da por cerrado el caso.', '0', 0, '0000-00-00 00:00:00', NULL, NULL, 131),
(517, 645, 'Se entrega copia del vídeo de seguridad', '0', 0, '0000-00-00 00:00:00', NULL, NULL, 125),
(518, 646, 'Se realizo la verificación de la unidad, se reinicio el equipo.\n\nSe da por cerrado el caso.', '0', 0, '0000-00-00 00:00:00', NULL, NULL, 131),
(519, 647, 'Se elimina el atasco de papel en la impresora Laser.\nSe verifica su funcionamiento.\nSe da por cerrado el caso', '0', 0, '0000-00-00 00:00:00', NULL, NULL, 131),
(520, 648, 'Se verifica el funcionamiento de red inalambrica administrativa en  el área academica.\n\nSe da por cerrado el caso.', '0', 0, '0000-00-00 00:00:00', NULL, NULL, 131),
(521, 649, 'Se realizo la instalación del toner cyan en la impresora de Audiovisuales.\n\nSe da por cerrado el caso', '0', 0, '0000-00-00 00:00:00', NULL, NULL, 131),
(522, 650, 'Jhon este programa no se puede instalar ya que no se tiene licencia para utilizarlo.', '0', 0, '0000-00-00 00:00:00', NULL, NULL, 127),
(523, 651, '', '1', 0, '0000-00-00 00:00:00', '0000-00-00 00:00:00', NULL, 131),
(524, 651, 'Se configuro el portátil de la profesora para la proyección del vídeo.\nSe da por cerrado el caso', '0', 0, '0000-00-00 00:00:00', NULL, NULL, 131),
(525, 652, 'Se realizo la instalación del software de y se realizaron pruebas de funcionamiento.', '0', 0, '0000-00-00 00:00:00', NULL, NULL, 125),
(526, 653, 'Se realizo la instalación de los puntos destinados a las financieras y se realizaron pruebas de funcionamiento', '0', 0, '0000-00-00 00:00:00', NULL, NULL, 125),
(527, 654, 'Se realiza la configuración de la impresora en red de PAE, se da por cerrado el caso', '0', 0, '0000-00-00 00:00:00', NULL, NULL, 131),
(528, 655, 'Se realiza el cambio del toner magenta. queda pendiente el toner amarillo ya que presenta problemas con el chip y sera enviado por garantia.\n\nSe da por cerrado el caso', '0', 0, '0000-00-00 00:00:00', NULL, NULL, 131),
(529, 656, 'Se realiza el soporte del caso y se resetea la contraseña', '0', 0, '0000-00-00 00:00:00', NULL, NULL, 125),
(530, 657, 'Se realizo el envío de notificaciones de la semana 12 al 17 de Mayo.', '0', 0, '0000-00-00 00:00:00', NULL, NULL, 131),
(531, 658, 'No se encontró daño alguno en el equipo .\n\nSe da por cerrado el caso', '0', 0, '0000-00-00 00:00:00', NULL, NULL, 131),
(532, 659, 'Se paso el back up correspondiente a esas fechas para su revision', '0', 0, '0000-00-00 00:00:00', NULL, NULL, 125),
(533, 660, 'Se instala y configura el monitor en el auditorio.\nQueda pendiente la organización de cables en el mismo.\n\nSe da por cerrado el caso.', '0', 0, '0000-00-00 00:00:00', NULL, NULL, 131),
(534, 661, 'Se realizo la actualización del firmware del teléfono de los asesores de publicidad.\n\nSe verifica el adecuado funcionamiento. \nSe da por cerrado el caso.', '0', 0, '0000-00-00 00:00:00', NULL, NULL, 131),
(535, 662, 'Se configura el scanner en el equipo del asesor  comercial.\nSe verifica su funcionamiento.\n\nSe da por cerrado el caso.', '0', 0, '0000-00-00 00:00:00', NULL, NULL, 131),
(536, 663, 'Se realizo la revisión respectiva del caso', '0', 0, '0000-00-00 00:00:00', NULL, NULL, 125),
(537, 664, 'Se realizo la configuración del office a Jsuarez y cpinzon de acuerdo a al solicitud', '0', 0, '0000-00-00 00:00:00', NULL, NULL, 125),
(538, 665, 'Se realizo la configuración de la impresora solicita de acuerdo a la solicitud.', '0', 0, '0000-00-00 00:00:00', NULL, NULL, 125),
(539, 666, ' ', '0', 0, '0000-00-00 00:00:00', NULL, NULL, 131),
(540, 667, 'cerrado', '0', 0, '0000-00-00 00:00:00', NULL, NULL, 125),
(541, 668, 'Se reviso la conexión a Internet y se realizaron pruebas de funcionamiento', '0', 0, '0000-00-00 00:00:00', NULL, NULL, 125),
(542, 669, 'Se realizo el restablecimiento de la contraseña', '0', 0, '0000-00-00 00:00:00', NULL, NULL, 125),
(543, 670, 'Se realizo la verificación del caso y se dejo configurado de nuevo el servicio', '0', 0, '0000-00-00 00:00:00', NULL, NULL, 125),
(544, 671, 'Se realizara la revisión del caso y se corregirá las fallas presentadas', '0', 0, '0000-00-00 00:00:00', NULL, NULL, 125),
(545, 672, 'Se realizo la verificación y se corrigió la falla presentada de acuerdo a la solicitud', '0', 0, '0000-00-00 00:00:00', NULL, NULL, 125),
(546, 673, 'Se realiza la instalación y configuración del equipo Auxiliar de medios virtuales.\n\nSe da por cerrado el caso', '0', 0, '0000-00-00 00:00:00', NULL, NULL, 131),
(547, 674, '', '0', 0, '0000-00-00 00:00:00', NULL, NULL, 131),
(548, 675, 'Se reviso y se realizo la configuración de la carpeta compartida de acuerdo a la solicitud.', '0', 0, '0000-00-00 00:00:00', NULL, NULL, 125),
(549, 676, 'Se realizo la verificación y la configuración necesaria para el funcionamiento', '0', 0, '0000-00-00 00:00:00', NULL, NULL, 125),
(550, 677, 'Se configura el acceso directo a la carpeta Paspa en el equipo de la Subdirectora Administrativa.\n\nSe da por cerrado el caso.', '0', 0, '0000-00-00 00:00:00', NULL, NULL, 131),
(551, 679, 'Se realizo el reemplazo de los toners color Cyan y Amarillo.\n\nSe da por cerrado el caso', '0', 0, '0000-00-00 00:00:00', NULL, NULL, 131),
(552, 680, '', '0', 0, '0000-00-00 00:00:00', NULL, NULL, 131),
(553, 681, 'Se realizo la revisión y configuración de acuerdo a la solicitud\n', '0', 0, '0000-00-00 00:00:00', NULL, NULL, 125),
(554, 682, 'Se realiza la configuracion de las cuentas de correo electronico Gerencia@inmobiliarialamagdalena.com.\n\nSe da por cerrado el caso.', '0', 0, '0000-00-00 00:00:00', NULL, NULL, 131),
(555, 683, 'Se realiza la entrega de la contraseña del correo electronico.\nSe da por cerrado el caso', '0', 0, '0000-00-00 00:00:00', NULL, NULL, 131),
(556, 684, 'Se realizo la configuración de la red del equipo de las finanacieras', '0', 0, '0000-00-00 00:00:00', NULL, NULL, 131),
(557, 685, '', '0', 0, '0000-00-00 00:00:00', NULL, NULL, 131),
(558, 686, 'Se realiza la instalacion del Paquete de Office 2013 Profesional en el equipo No 53.\n\nSe da por cerrado el caso', '0', 0, '0000-00-00 00:00:00', NULL, NULL, 131),
(559, 687, 'Se realiza y supervisa el parcial al curso ASA , sin novedades', '0', 0, '0000-00-00 00:00:00', NULL, NULL, 125),
(560, 688, 'Se realizo la configuración de las carpetas en red.\n\nSe da por cerrado el caso.', '0', 0, '0000-00-00 00:00:00', NULL, NULL, 131),
(561, 689, 'Se configuro la impresora HP LJ M176 para Emma Carrion.\n\nSe da por cerrado el caso', '0', 0, '0000-00-00 00:00:00', NULL, NULL, 131),
(562, 690, 'Se comparte la carpeta entre los equipos de las asistentes administrativas.\n\nSe da por cerrado el caso', '0', 0, '0000-00-00 00:00:00', NULL, NULL, 131),
(563, 691, 'Se realizo configuración de la impresora y el teléfono de contabilidad.\n\nSe da por cerrado el caso', '0', 0, '0000-00-00 00:00:00', NULL, NULL, 131),
(564, 692, '', '0', 0, '0000-00-00 00:00:00', NULL, NULL, 131),
(565, 693, 'Se realiza la configuración de red del equipo.\nSe da por cerrado el caso', '0', 0, '0000-00-00 00:00:00', NULL, NULL, 131),
(566, 694, 'Se realizo el cambio de toner Negro y Magenta de la impresora M176\nSe da por cerrado el caso', '0', 0, '0000-00-00 00:00:00', NULL, NULL, 131),
(567, 695, 'Se realiza el cambio de toner de Biblioteca.\nSe da por cerrado el caso', '0', 0, '0000-00-00 00:00:00', NULL, NULL, 131),
(568, 696, 'Se realiza una limpieza de cabezales dela impresora y se verifica su adecuado funcionamiento.\nAdicionalmente se configuró la impresora de Coordinación de Calidad como impresora de respaldo.\n\nSe da por cerrado el caso.', '0', 0, '0000-00-00 00:00:00', NULL, NULL, 131),
(569, 697, 'Se realizo el mantenimiento de la impresora,\nSe realizan pruebas de impresión para verificar su funcionamiento.\n\nSe da por cerrado el caso ', '0', 0, '0000-00-00 00:00:00', NULL, NULL, 131),
(570, 699, '', '0', 0, '0000-00-00 00:00:00', NULL, NULL, 131),
(571, 700, 'Se realiza las actualizaciones del caso y se corrige el error presentado', '0', 0, '0000-00-00 00:00:00', NULL, NULL, 125),
(572, 701, 'Se realiza la re configuración del teléfono de acuerdo a la soicitud', '0', 0, '0000-00-00 00:00:00', NULL, NULL, 125),
(573, 703, 'Se realiza el envió del correo de acuerdo al caso', '0', 0, '0000-00-00 00:00:00', NULL, NULL, 125),
(574, 704, '', '0', 0, '0000-00-00 00:00:00', NULL, NULL, 127),
(575, 705, '', '0', 0, '0000-00-00 00:00:00', NULL, NULL, 131),
(576, 706, 'En el momento no contamos con este equipo puesto que todos ya se encuentran asignados, en recomendación puede solicitarlo en préstamo a Andrea Vega, puesto que ella tiene a su cargo uno de estos equipos.\n', '0', 0, '0000-00-00 00:00:00', NULL, NULL, 125),
(577, 707, 'No se puede realizar la revisión del equipo por encontrarse en auditoria en el momento', '0', 0, '0000-00-00 00:00:00', NULL, NULL, 125),
(578, 708, 'Se realizo la verificación del equipo y se reinicio, se realizan pruebas de funcionamiento y no presenta anomalias', '0', 0, '0000-00-00 00:00:00', NULL, NULL, 125),
(579, 709, 'Se realiza la revisión del equipo y se hace recomendaciones para que no se desconecten los cables de conexión.', '0', 0, '0000-00-00 00:00:00', NULL, NULL, 125),
(580, 710, 'Se realizo la configuración del equipo de acuerdo a la solicitud.', '0', 0, '0000-00-00 00:00:00', NULL, NULL, 125),
(581, 712, 'Se realiza la verificación y se revisa el funcionamiento. Sin novedad', '0', 0, '0000-00-00 00:00:00', NULL, NULL, 125),
(582, 714, 'Se realiza la re configuración de la cuenta de correo masivo y se realiza la prueba de funcionamiento', '0', 0, '0000-00-00 00:00:00', NULL, NULL, 125),
(583, 716, 'Se realiza la entrega de copia del vídeo de acuerdo a la solicitud', '0', 0, '0000-00-00 00:00:00', NULL, NULL, 125),
(584, 717, 'Se realiza la entrega de copia del vídeo de acuerdo a la solicitud', '0', 0, '0000-00-00 00:00:00', NULL, NULL, 125),
(585, 718, 'Se realizo la configuración de la impresora de Biblioteca.\nSe da por cerrado el caso.', '0', 0, '0000-00-00 00:00:00', NULL, NULL, 131),
(586, 720, '', '0', 0, '0000-00-00 00:00:00', NULL, NULL, 125),
(587, 721, 'Se realizo la instalación del cartucho CF280X de la impresora de académica.\n\nSe da por cerrado el caso.', '0', 0, '0000-00-00 00:00:00', NULL, NULL, 131),
(588, 722, 'El mensaje es normal cuando baja el nivel de tinta de la impresora, cuando se termine se realizara el cambio de toner.', '0', 0, '0000-00-00 00:00:00', NULL, NULL, 125),
(589, 724, '', '0', 0, '0000-00-00 00:00:00', NULL, NULL, 131),
(590, 725, 'Se realiza la verificación y se deja configurado de acuerdo a al solicitud', '0', 0, '0000-00-00 00:00:00', NULL, NULL, 125),
(591, 726, 'Se realizo el cambio de toner de la impresora de Publicidad', '0', 0, '0000-00-00 00:00:00', NULL, NULL, 131),
(592, 727, 'Se realizo la configuración del correo de acuerdo a la solicitud.\nSe da por cerrado el caso', '0', 0, '0000-00-00 00:00:00', NULL, NULL, 131),
(593, 728, 'Se resetea el teléfono a estado de fabrica, se configura nuevamente la extensión y el teléfono.\n\nSe da por cerrado el caso', '0', 0, '0000-00-00 00:00:00', NULL, NULL, 131),
(594, 729, '', '1', 0, '0000-00-00 00:00:00', '0000-00-00 00:00:00', NULL, 125),
(595, 729, 'Se elimina el  archivo de 60MB que generaba retrasos en el envio de correos.\n\nSe da por cerrado el caso.', '0', 0, '0000-00-00 00:00:00', NULL, NULL, 131),
(596, 730, 'Se realiza un cambio mientras se realizar la revisión del caso', '0', 0, '0000-00-00 00:00:00', NULL, NULL, 125),
(597, 732, 'Se realizo la recarga de la impresora de acuerdo a lo solicitado.\n\nSe da por cerrado el caso.', '0', 0, '0000-00-00 00:00:00', NULL, NULL, 131),
(598, 733, 'Se reinicia el equipo telefónico del funcionario.\n\nSe da por cerrado el caso', '0', 0, '0000-00-00 00:00:00', NULL, NULL, 131),
(599, 734, 'Se realiza el traslado del back up de ese usuario de acuerdo a la solicitud', '0', 0, '0000-00-00 00:00:00', NULL, NULL, 125),
(600, 735, 'Se realizo la verificacion y se actualizo el software de acuerdo a la solicitud', '0', 0, '0000-00-00 00:00:00', NULL, NULL, 125),
(601, 736, 'Se realizo la revisión del caso y se deja en funcionamiento', '0', 0, '0000-00-00 00:00:00', NULL, NULL, 125),
(602, 737, 'Se realizara el retiro del equipo de acuerdo a la solicitud', '0', 0, '0000-00-00 00:00:00', NULL, NULL, 125),
(603, 738, 'Se realizo el retiro del equipo de acuerdo a la solicitud', '0', 0, '0000-00-00 00:00:00', NULL, NULL, 125),
(604, 739, '', '1', 0, '0000-00-00 00:00:00', '0000-00-00 00:00:00', NULL, 131),
(605, 739, 'Se realizo la impresión y se dejo configurado de acuerdo a la solicitud', '0', 0, '0000-00-00 00:00:00', NULL, NULL, 125),
(606, 740, 'Se realiza la verificación y se realiza reset de chip, se envía pagina de prueba y no se presentan novedades', '0', 0, '0000-00-00 00:00:00', NULL, NULL, 125),
(607, 741, 'Se realizo la revisión del Internet del Equipo, Se verifica su correcto funcionamiento.\n\nSe da por cerrado el caso', '0', 0, '0000-00-00 00:00:00', NULL, NULL, 131),
(608, 742, 'Se hace entrega de un portátil que se encontraba disponible, se firma acta de préstamo por 2 meses', '0', 0, '0000-00-00 00:00:00', NULL, NULL, 125),
(609, 743, 'Se realizo la recarga de la impresora y la configuración del telefono.\n\nSe da por cerrado el caso', '0', 0, '0000-00-00 00:00:00', NULL, NULL, 131),
(610, 744, 'Se realizo la configuración del equipo para la coordinadora de bienestar Ana Acero. \n\nSe da por cerrado el caso.', '0', 0, '0000-00-00 00:00:00', NULL, NULL, 131),
(611, 745, 'Se realizo el reseteo de la impresora de Almacén.\n\nSe realizan pruebas de Impresión.\n\nSe da por cerrado el caso', '0', 0, '0000-00-00 00:00:00', NULL, NULL, 131),
(612, 746, 'Se realizo la instalación del equipo de acuerdo a la solicitud', '0', 0, '0000-00-00 00:00:00', NULL, NULL, 125),
(613, 747, '', '0', 0, '0000-00-00 00:00:00', NULL, NULL, 127),
(614, 749, '', '0', 0, '0000-00-00 00:00:00', NULL, NULL, 131),
(615, 750, 'Se realiza la evalucion del caso de acuerdo a lo hablado  con el ingeniero el caso se pospone hasta determinar otros aspectos.', '0', 0, '0000-00-00 00:00:00', NULL, NULL, 180),
(616, 751, 'Se entrega copia de vídeo a Don jesus Herreño para su respectiva verificacion', '0', 0, '0000-00-00 00:00:00', NULL, NULL, 125),
(617, 752, 'Se realizo la revisión del caso y se descarta daño de equipo, se revisan conexiones eléctricas y se deja encendió el equipo.', '0', 0, '0000-00-00 00:00:00', NULL, NULL, 125),
(618, 754, 'Se realiza la asignación del teléfono IP Yealink .\n\nSe da por cerrado el caso.', '0', 0, '0000-00-00 00:00:00', NULL, NULL, 131),
(619, 755, 'Se realiza la revisión y se deja configurada y funcionando, de acuerdo a la solicitud', '0', 0, '0000-00-00 00:00:00', NULL, NULL, 125),
(620, 756, 'Se realizo la configuración de la impresora nuevamente.\nSe da por cerrado el caso.', '0', 0, '0000-00-00 00:00:00', NULL, NULL, 131),
(621, 757, 'Se comparte la carpeta y archivos solicitados por el funcionario.\n\nSe da por cerrado el caso', '0', 0, '0000-00-00 00:00:00', NULL, NULL, 131),
(622, 758, 'Se verifico el correcto funcionamiento de las lineas asignadas a las financieras.\n\nSe da por cerrado el caso.', '0', 0, '0000-00-00 00:00:00', NULL, NULL, 131),
(623, 759, 'Se reviso la configuración de red del dispositivo biometrico.\n\nse hacen pruebas de conectividad.\n\nSe da por cerrado el caso', '0', 0, '0000-00-00 00:00:00', NULL, NULL, 131),
(624, 761, 'Se envió la información solicitada vía correo electrónico.\n\nSe da por cerrado el caso', '0', 0, '0000-00-00 00:00:00', NULL, NULL, 131),
(625, 762, 'Se realiza mantenimiento al Pc de Hangar,se debe instalar nuevamente S.O. \nQuedo atento a comentarios ', '0', 0, '0000-00-00 00:00:00', NULL, NULL, 180),
(626, 763, 'Se realiza limpieza interna de impresora,se extraen restos de papel, puntas de esfero.Se realiza prueba de impresion se evidencia que el gancho que presiona el papel esta desgastado asi que el papel debe encajar adecuadamente en la bandeja para evitar el atasco de papel de igual forma se debe mantener en un lugar libre de humedad quedo atento a comentarios.', '0', 0, '0000-00-00 00:00:00', NULL, NULL, 180),
(627, 764, 'Se realizo la revisión y no presentan anomalías el usuario, el archivo había quedado guardado en otra ubicación del sistema.', '0', 0, '0000-00-00 00:00:00', NULL, NULL, 125),
(628, 765, 'Se utilizo software de recuperación de archivos para dar tramite a la solicitud, sin embargo la aplicación no encontró archivos para recuperar.\n\nSe da por cerrado el caso', '0', 0, '0000-00-00 00:00:00', NULL, NULL, 131),
(629, 766, 'Se realiza la revision del equipo evidenciando programas que disminuyen  el funcionamiento del Pc se hacen los respectivos cambios y recomendaciones optimizando el funcionamiento,se hara el respectivo seguimiento de funcionalidad,quedo atento a cualquier solicitud.', '0', 0, '0000-00-00 00:00:00', NULL, NULL, 180),
(630, 767, 'Se realizo la configuración del teléfono IP,\n\nSe realizan llamadas para verificar el funcionamiento de la extensión.\n\nSe da por cerrado el caso', '0', 0, '0000-00-00 00:00:00', NULL, NULL, 131),
(631, 769, 'Pendiente por solicitud', '0', 0, '0000-00-00 00:00:00', NULL, NULL, 125),
(632, 770, 'Se configura el Firmware del telefono IP.\nSe realiza el cambio de Mouse.\n\nSe da por cerrado el caso', '0', 0, '0000-00-00 00:00:00', NULL, NULL, 131),
(633, 772, 'Se realizo la revisión y se probo el funcionamiento del teléfono, se desbloquea y se realizan llamadas. No se encuentran daños o novedades', '0', 0, '0000-00-00 00:00:00', NULL, NULL, 125),
(634, 773, 'Se des instalan las impresoras que presentan error y se revisa la configuración de la ubicada en audiovisuales.', '0', 0, '0000-00-00 00:00:00', NULL, NULL, 125),
(635, 774, 'Se realizo la reinstalacion del la impresora de los equipos de educacion continuada, se realizan pruebas de funcionamiento.', '0', 0, '0000-00-00 00:00:00', NULL, NULL, 125),
(636, 775, 'Se instalan los  parlantes y diadema en la Oficina del señor Oscar Sanchez,se realizan pruebas de funcionamiento,quedo atento a cualquier solicitud.', '0', 0, '0000-00-00 00:00:00', NULL, NULL, 180),
(637, 776, 'Se realizo el reset del chip de los cartuchos y se realizo la verificación del caso.', '0', 0, '0000-00-00 00:00:00', NULL, NULL, 125),
(638, 778, 'Se realiza la configuración de la contraseña en el equipo del usuario.\nSe da por cerrado el caso.', '0', 0, '0000-00-00 00:00:00', NULL, NULL, 131),
(639, 780, 'Se habla con el usuario y se hace el préstamo de un par de parlantes para ser usados en el curso', '0', 0, '0000-00-00 00:00:00', NULL, NULL, 125),
(640, 781, 'No hay disponiblidad de Toners para la impresora solicitada.\n\nSe realiza la orden de compra en espera de aprobación.', '0', 0, '0000-00-00 00:00:00', NULL, NULL, 131),
(641, 782, 'Se realiza la conexión a la carpeta compartida en red y se realiza la prueba de funcionamiento sin noveda', '0', 0, '0000-00-00 00:00:00', NULL, NULL, 125),
(642, 783, 'Se revisa el tema del ventilador del procesador, se revisan procesos que se ejecutan en el equipo, se realizan pruebas de funcionamiento.', '0', 0, '0000-00-00 00:00:00', NULL, NULL, 125),
(643, 785, '', '0', 0, '0000-00-00 00:00:00', NULL, NULL, 131),
(644, 786, 'Se actualizo software del sistema operativo y se arreglo erro presesntado en el office, se reviso antivirus.', '0', 0, '0000-00-00 00:00:00', NULL, NULL, 125),
(645, 787, 'Se realizo el acompañamiento y levantamiento de informacion de la impresoras,\n', '0', 0, '0000-00-00 00:00:00', NULL, NULL, 131),
(646, 788, 'La impresora estaba fuera de red, se realiza la respectiva conexión.\nSe da por cerrado el caso', '0', 0, '0000-00-00 00:00:00', NULL, NULL, 131),
(647, 789, 'Se realiza down grade al spark y se reinstala,\nSe des-instala todo el software de la impresora se borran caches de la impresora y se vuelve a instalar, se realizan pruebas de funcionamiento y no presenta novedades.', '0', 0, '0000-00-00 00:00:00', NULL, NULL, 125),
(648, 790, 'Se realiza la instalación del software de acuerdo a la solicitud', '0', 0, '0000-00-00 00:00:00', NULL, NULL, 125),
(649, 791, 'Se realizo el acompañamiento en Aula Máxima.', '0', 0, '0000-00-00 00:00:00', NULL, NULL, 131),
(650, 793, 'Se presta el respectivo  apoyo en el Aula Maxima.', '0', 0, '0000-00-00 00:00:00', NULL, NULL, 180),
(651, 794, 'Se realizo la configuración de 5 APs  con su respectivo Nombre de Red.\nSe verifica el acceso a Internet en cada una de ellas\nSe da por cerrado el caso.', '0', 0, '0000-00-00 00:00:00', NULL, NULL, 131),
(652, 795, '', '0', 0, '0000-00-00 00:00:00', NULL, NULL, 131),
(653, 796, 'Se realiza la instalación del software en el equipo para ese fin y se realizan pruebas de funcionamiento, sin novedades.', '0', 0, '0000-00-00 00:00:00', NULL, NULL, 125),
(654, 797, 'Se configuran los parámetros de red del servidor.\n\nSe realizan pruebas de funcionamiento (Ver correo Electrónico.)', '0', 0, '0000-00-00 00:00:00', NULL, NULL, 131),
(655, 798, '', '1', 0, '0000-00-00 00:00:00', '0000-00-00 00:00:00', NULL, 125),
(656, 798, 'Se verifica el buzon de mensajes del usuario y actualmente tiene 2 mensajes de voz sin escuchar.\n\nSe da por cerrado el caso', '0', 0, '0000-00-00 00:00:00', NULL, NULL, 131),
(657, 799, 'Se realizo una revisión previa y se diagnostica daño en el cable que da imagen al televisor.', '0', 0, '0000-00-00 00:00:00', NULL, NULL, 125),
(658, 800, 'se verifica y se resuelve el caso.', '0', 0, '0000-00-00 00:00:00', NULL, NULL, 127),
(659, 801, '', '0', 0, '0000-00-00 00:00:00', NULL, NULL, 127),
(660, 803, 'Se creo el acceso directo <<Imágenes Indoamericana>> en el escritorio del usuario.\n\nSe da por cerrado el caso', '0', 0, '0000-00-00 00:00:00', NULL, NULL, 131),
(661, 804, 'Se realizo la configuracion de cuentas en el equipo asignado a Angela Moreno.\n\nSe da por cerrado el caso', '0', 0, '0000-00-00 00:00:00', NULL, NULL, 131),
(662, 805, 'Se realizo la revisión de la maquina y se revisa el sistema de recarga, se soluciona lo del atasco de papel . ', '0', 0, '0000-00-00 00:00:00', NULL, NULL, 125),
(663, 807, 'SDSFDFSFDSDSF', '0', 0, '0000-00-00 00:00:00', NULL, NULL, 131),
(664, 808, 'Se realiza el cambio de teclado de acuerdo a la solicitud.\n\nSe da por cerrado el caso', '0', 0, '0000-00-00 00:00:00', NULL, NULL, 131),
(665, 809, 'Se realizo el reinicio del teléfono IP.\n\nSe da por cerrado el caso', '0', 0, '0000-00-00 00:00:00', NULL, NULL, 131),
(666, 810, 'Se realizo la entrega formal de acuerdo a lo solicitado.\n\nSe da por cerrado el caso\n', '0', 0, '0000-00-00 00:00:00', NULL, NULL, 131),
(667, 811, 'Se pasa el backup que se había hecho anteriormente para que sea revisado por talleres', '0', 0, '0000-00-00 00:00:00', NULL, NULL, 125),
(668, 812, 'Se realiza la revisión y se verifica el funcionamiento y el acceso a Internet y a la mesa de ayuda', '0', 0, '0000-00-00 00:00:00', NULL, NULL, 125),
(669, 813, 'Caso de prueba.\nSe da por cerrado el caso', '0', 0, '0000-00-00 00:00:00', NULL, NULL, 131),
(670, 814, 'Se realizo la configuración del teléfono IP. se realizala verificación con una llamada telefónica.\n\nSe da por cerrado el caso', '0', 0, '0000-00-00 00:00:00', NULL, NULL, 131),
(671, 815, 'Se realizo la activacion de wradio en el equipo de la Coordinación de Bienestar.\n\nSe da por cerrado el caso', '0', 0, '0000-00-00 00:00:00', NULL, NULL, 131),
(672, 816, 'Se realizan pruebas para definir que sistema de proyección usar y se configura para su funcionamiento de acuerdo a la solicitud.', '0', 0, '0000-00-00 00:00:00', NULL, NULL, 125),
(673, 817, 'Se realizo la revision de los Access Point y el computador de Audiovisuales.\n\nSe da por cerrado el caso', '0', 0, '0000-00-00 00:00:00', NULL, NULL, 131),
(674, 818, '', '0', 0, '0000-00-00 00:00:00', NULL, NULL, 131),
(675, 819, 'Entregada la información de marcaciones encargadas vía correo electrónico el día 16 de Junio a las 7:45 am', '0', 0, '0000-00-00 00:00:00', NULL, NULL, 129),
(676, 820, 'Se realiza la reviso del procesador para descartar daño y se realiza la actualización del antivirus ', '0', 0, '0000-00-00 00:00:00', NULL, NULL, 125),
(677, 822, 'Se realiza la revisión y se realiza la recarga y se deja funcionando.', '0', 0, '0000-00-00 00:00:00', NULL, NULL, 125),
(678, 823, 'Se realiza la configuración de la intranet en el equipo.\n\nSe da por cerrado el caso', '0', 0, '0000-00-00 00:00:00', NULL, NULL, 131),
(679, 824, 'Se realizo el retiro de la impresora para soporte externo.\nAdicionalmente se deja configurada la impresora de Biblioteca.\n\n', '0', 0, '0000-00-00 00:00:00', NULL, NULL, 131),
(680, 825, 'Se realiza el retiro del cableado correspondiente ubicado en esa casa.', '0', 0, '0000-00-00 00:00:00', NULL, NULL, 125),
(681, 826, 'Se realizo el cambio de Tóner de acuerdo a la solicitud.\n\nSe da por cerrado el caso.', '0', 0, '0000-00-00 00:00:00', NULL, NULL, 131),
(682, 828, 'Se escala el caso al soporte técnico de impresoras externo.', '0', 0, '0000-00-00 00:00:00', NULL, NULL, 131),
(683, 829, 'Se instala la versión 2.5.8  de Spark.\nSe da por cerrado el caso', '0', 0, '0000-00-00 00:00:00', NULL, NULL, 131),
(684, 830, '', '0', 0, '0000-00-00 00:00:00', NULL, NULL, 131),
(685, 831, 'Se realiza reporte con las acciones tomadas.\n\nRevisar correo electronico', '0', 0, '0000-00-00 00:00:00', NULL, NULL, 131),
(686, 832, '', '0', 0, '0000-00-00 00:00:00', NULL, NULL, 125),
(687, 833, '', '0', 0, '0000-00-00 00:00:00', NULL, NULL, 125),
(688, 834, 'Se realiza la instalación del software de acuerdo ala solicitud ', '0', 0, '0000-00-00 00:00:00', NULL, NULL, 125),
(689, 835, 'Se retira la impresora de la oficina para revisión externa.\nSe entrega la impresora y estamos en espera de respuesta por parte del Técnico en Impresoras \n\n', '0', 0, '0000-00-00 00:00:00', NULL, NULL, 131),
(690, 836, 'Se realiza la revisión y se deja configurada la intranet antigua de acuerdo a la solicitud', '0', 0, '0000-00-00 00:00:00', NULL, NULL, 125),
(691, 837, 'Se realiza la revisión del software y no se presentan novedades al iniciar los archivos.', '0', 0, '0000-00-00 00:00:00', NULL, NULL, 125),
(692, 839, 'Se realiza la verificación interna de la linea telefónica.\nNo se encuentra daño en la red interna.\n\nSe escala el caso a soporte técnico de ETB.\nEn espera de la visita ', '0', 0, '0000-00-00 00:00:00', NULL, NULL, 131),
(693, 840, 'Se realiza la Impresión del Manual de Transportadores a solicitud de la Coordinadora de Proyectos Especiales.\n\nSe da por cerrado el caso', '0', 0, '0000-00-00 00:00:00', NULL, NULL, 131),
(694, 841, 'Se realiza la configuración para la presentación de la plataforma schoology y se esta pendiente para realizar soporte en aula', '0', 0, '0000-00-00 00:00:00', NULL, NULL, 125),
(695, 842, 'Se revisa el software para ver que tipo de daño presenta, se realiza revisión del sistema al no poder des-instalar el software ni reinstalar, se reparar archivos dañados y se prueba su funcionamiento.', '0', 0, '0000-00-00 00:00:00', NULL, NULL, 125),
(696, 843, 'Se realiza la limpieza de la impresora de la Dra Shirley Zarate. \nSe realizaron pruebas de impresión en el equipo.\n\nSe da por cerrado el caso', '0', 0, '0000-00-00 00:00:00', NULL, NULL, 131),
(697, 844, 'El caso esta repetido con el HD000839', '0', 0, '0000-00-00 00:00:00', NULL, NULL, 131);
INSERT INTO `support_traces` (`id_t`, `supports_id`, `observation`, `scale`, `consecutive`, `created_at`, `updated_at`, `modified`, `user_id`) VALUES
(698, 845, '', '1', 0, '0000-00-00 00:00:00', '0000-00-00 00:00:00', NULL, 125),
(699, 845, 'se realiza el cambio del toner de color negro y se realiza prueba de impresión quedando verificada la impresora, quedo atento a cualquier comentario', '0', 0, '0000-00-00 00:00:00', NULL, NULL, 180),
(700, 846, 'Se realiza la el traslado del equipo de acuerdo a la solicitud', '0', 0, '0000-00-00 00:00:00', NULL, NULL, 125),
(701, 848, 'El caso ya se escalo', '0', 0, '0000-00-00 00:00:00', NULL, NULL, 127),
(702, 849, 'Se soluciono el caso y se encontró el elemento perdido. no fue necesario el video', '0', 0, '0000-00-00 00:00:00', NULL, NULL, 125),
(703, 850, 'Se realiza la instalación del Toner Azul.\n\nSe da por cerrado el caso', '0', 0, '0000-00-00 00:00:00', NULL, NULL, 131),
(704, 852, 'Se verifica la alimentación eléctrica del equipo que estaba fallando.\n\nSe da por cerrado el caso', '0', 0, '0000-00-00 00:00:00', NULL, NULL, 131),
(705, 853, 'Se realiza la revisión de la carpeta compartida y no se presentan problemas. ', '0', 0, '0000-00-00 00:00:00', NULL, NULL, 125),
(706, 854, 'La impresora ya se encuentra en el inventario de sistemas', '0', 0, '0000-00-00 00:00:00', NULL, NULL, 125),
(707, 855, 'Buen día Viviana se encuentra incluida en el listado de intranet.', '0', 0, '0000-00-00 00:00:00', NULL, NULL, 168),
(708, 856, 'Se realiza la adecuación de el cableado en la claraboya el día viernes 27 de Junio de 2014,de igual manera se organiza el cableado en el puesto de la Señora Nidia Mendez y se procede a realizar las diferentes pruebas de funcionamiento, impresión red y  teléfono.', '0', 0, '0000-00-00 00:00:00', NULL, NULL, 180),
(709, 857, 'Se realiza la revisión y se verifica la instalación de la impresora, se realizan pruebas de funcionamiento y no se presentan novedades', '0', 0, '0000-00-00 00:00:00', NULL, NULL, 125),
(710, 858, 'Se realiza la creación de la carpeta compartida en el servidor llamada "Pruebas psicotecnias" y se configura en el equipo de Angela Moreno y Dra  Alba castañeda', '0', 0, '0000-00-00 00:00:00', NULL, NULL, 125),
(711, 859, 'Se realiza la instalación del equipo de acuerdo ala solicitud, se realizan pruebas de funcionamiento. Sin novedades', '0', 0, '0000-00-00 00:00:00', NULL, NULL, 125),
(712, 861, 'Se realiza el mantenimiento del equipo, hardware y software.\nSe registran a información en la hoja de vida de pc.\nSe da por cerrado el caso', '0', 0, '0000-00-00 00:00:00', NULL, NULL, 131),
(713, 862, '', '1', 0, '0000-00-00 00:00:00', '0000-00-00 00:00:00', NULL, 125),
(714, 862, 'Se finaliza la instalación de la Intranet en cada uno de los computadores de la corporación y se les notifica a cada uno de los usuarios del cambio que se le realiza a estas paginas,quedo atento a cualquier comentario o solicitud.', '0', 0, '0000-00-00 00:00:00', NULL, NULL, 180),
(715, 863, 'Se realizo el cambio de toner de acuerdo a la solicitud.\n\nSe da por cerrado el caso', '0', 0, '0000-00-00 00:00:00', NULL, NULL, 131),
(716, 864, 'Se realizan las respectivas verificaciones internas y externas.\n(Ver correo Electrónico)\nSe da por cerrado el caso', '0', 0, '0000-00-00 00:00:00', NULL, NULL, 131),
(717, 865, 'Se realiza la actualización del software y se verifica si correcto funcionamiento.\n\nSe da por cerrado el caso\n', '0', 0, '0000-00-00 00:00:00', NULL, NULL, 131),
(718, 866, 'Se realizo la entrega formal del equipo y se configuró la carpeta compartida.\n\nSe da por cerrado el caso', '0', 0, '0000-00-00 00:00:00', NULL, NULL, 131),
(719, 867, 'Se configura nuevamente el usuario de spark del usuario.\n\nSe da por cerrado el caso', '0', 0, '0000-00-00 00:00:00', NULL, NULL, 131),
(720, 868, '', '0', 0, '0000-00-00 00:00:00', NULL, NULL, 131),
(721, 869, 'Se realiza la configuración del archivo de acuerdo a la solicitud', '0', 0, '0000-00-00 00:00:00', NULL, NULL, 125),
(722, 870, 'Se realizo la configuración del teléfono IP, \n\nSe realiza llamada de prueba.\n\nSe da por cerrado el caso.', '0', 0, '0000-00-00 00:00:00', NULL, NULL, 131),
(723, 871, 'Se realizo el cambio de teléfono IP por uno nuevo.\nSe verifica su adecuado funcionamiento.\nSe da por cerrado el caso.', '0', 0, '0000-00-00 00:00:00', NULL, NULL, 131),
(724, 872, 'Se realiza la actulizacion del plugin de flash en internet exploret y se realizan pruebas de funcionamiento, no presentan novedades', '0', 0, '0000-00-00 00:00:00', NULL, NULL, 125),
(725, 873, 'Se realiza la configuración de registro de dll.\nSe verifica el funcionamiento de los archivos solicitados.\nSe da por cerrado el caso', '0', 0, '0000-00-00 00:00:00', NULL, NULL, 131),
(726, 874, '', '0', 0, '0000-00-00 00:00:00', NULL, NULL, 131),
(727, 875, 'Se realizo la configuración del perfil del usuario Wilson Hernandez en el equipo de publicidad.', '0', 0, '0000-00-00 00:00:00', NULL, NULL, 131),
(728, 876, 'Se realiza la instalación del software de acuerdo a la solicitud, se crea el usuario y se prueba el funcionamiento. No presenta novedades', '0', 0, '0000-00-00 00:00:00', NULL, NULL, 125),
(729, 877, 'Se realiza la instalación de la impresora de acuerdo a la solicitud presentada', '0', 0, '0000-00-00 00:00:00', NULL, NULL, 125),
(730, 878, 'Buenas tardes, se realiza la configuración y la revisión de los equipos ubicados en las financieras y se realizan pruebas de funcionamiento, no se presentan novedades en el funcionamiento del softphone ni en la diadema instaladas en ese punto.', '0', 0, '0000-00-00 00:00:00', NULL, NULL, 125),
(731, 879, 'Se realiza la revisión y el error es generado por el archivo, se descarta falla en la impresora y se solicita que se revise el tipo de archivo.\n', '0', 0, '0000-00-00 00:00:00', NULL, NULL, 125),
(732, 880, 'Se realiza la re instalación del software y el controlador de la impresora se realizan pruebas de funcionamiento y queda operando de manera adecuada', '0', 0, '0000-00-00 00:00:00', NULL, NULL, 125),
(733, 881, 'Se realiza la revisión de las configuraciones, se descarta desconexión a internet y se realiza prueba de conexión. Queda en funcionamiento.', '0', 0, '0000-00-00 00:00:00', NULL, NULL, 125),
(734, 883, 'Se realiza la verificación del correo y se verifica que el correo no existe lo cual se procederá a la creación del mismo.', '0', 0, '0000-00-00 00:00:00', NULL, NULL, 125),
(735, 884, 'Se realizo la verificación del Equipo portátil.\n\nSe restablece la configuración de Red.\n\nSe da por cerrado el caso', '0', 0, '0000-00-00 00:00:00', NULL, NULL, 131),
(736, 885, 'Se realiza la revisión y la hora de los equipos esta sincronizada con la del servidor el cual tiene una diferencia de tres minutos.', '0', 0, '0000-00-00 00:00:00', NULL, NULL, 125),
(737, 886, '', '0', 0, '0000-00-00 00:00:00', NULL, NULL, 131),
(738, 887, 'Se realiza la revisión del equipo y se des isntala software malicioso que lo vuelva lento o provoque falla. Se corrigen errores y no se presentan novedades.', '0', 0, '0000-00-00 00:00:00', NULL, NULL, 125),
(739, 888, 'Se pasan los vídeos correspondientes para su revisión', '0', 0, '0000-00-00 00:00:00', NULL, NULL, 125),
(740, 889, 'Se realiza la actualización de los navegadores y se realiza la prueba de funcionamiento. Sin novedades.', '0', 0, '0000-00-00 00:00:00', NULL, NULL, 125),
(741, 890, 'Se realiza la instalación del equipo, se deja funcionado y no se presentan novedades', '0', 0, '0000-00-00 00:00:00', NULL, NULL, 125),
(742, 891, 'Se realiza el cambio de las contraseñas y se revisa el equipo portatil que presentaba algunas anomalías en el tema de software. se realiza la verificación y no se presentan anomalias', '0', 0, '0000-00-00 00:00:00', NULL, NULL, 125),
(743, 892, '', '0', 0, '0000-00-00 00:00:00', NULL, NULL, 131),
(744, 893, 'Se realiza la configuración del Outlook de acuerdo a la solicitud presentada. Se realizan pruebas de funcionamiento y no se presentan novedades', '0', 0, '0000-00-00 00:00:00', NULL, NULL, 125),
(745, 894, 'Se realiza la instalación del archivo host en el equipo para realizar el bloqueo de paginas, se realizan pruebas y no presenta novedades', '0', 0, '0000-00-00 00:00:00', NULL, NULL, 125),
(746, 895, 'Se realiza el cambio del teclado de acuerdo a la solicitud. Se realizan pruebas de funcionamiento y no se presentan novedades', '0', 0, '0000-00-00 00:00:00', NULL, NULL, 125),
(747, 896, '', '0', 0, '0000-00-00 00:00:00', NULL, NULL, 131),
(748, 898, 'Se realiza el cambio de los tonner correspondientes, se hacen pruebas de funcionamiento y no se presentan novedades. ', '0', 0, '0000-00-00 00:00:00', NULL, NULL, 125),
(749, 899, 'Se realiza la actualización y la configuración del navegador, se instala un pluging para evitar el bloqueo se realizan pruebas de funcionamiento y no se presentan novedades', '0', 0, '0000-00-00 00:00:00', NULL, NULL, 125),
(750, 900, '\nSe verificó el encendido del equipo de Auxiliar de Bienestar.\nSe configurar para que inicie normalmente.\nSe da por cerrado el caso', '0', 0, '0000-00-00 00:00:00', NULL, NULL, 131),
(751, 901, 'Se realiza el cambio de toner para la impresora HP laser Jet 1212\n\nSe da por cerrado el caso.', '0', 0, '0000-00-00 00:00:00', NULL, NULL, 131),
(752, 902, '', '0', 0, '0000-00-00 00:00:00', NULL, NULL, 131),
(753, 904, 'Se le indica a el usuario la ruta del manual solicitado.\n\nSe da por cerrado el caso\n', '0', 0, '0000-00-00 00:00:00', NULL, NULL, 131),
(754, 905, '', '0', 0, '0000-00-00 00:00:00', NULL, NULL, 131),
(755, 906, 'Se realiza el retiro de los equipos colocados en el auditorio, se retornan al su lugar de origen y se deja todo de nuevo configurado.', '0', 0, '0000-00-00 00:00:00', NULL, NULL, 125),
(756, 907, 'Se realiza la adecuación del cableado en la oficina de la Señora Dinah Causil.\n', '0', 0, '0000-00-00 00:00:00', NULL, NULL, 180),
(757, 908, 'Se verificó la configuración del equipo y la impresora  de Gestión Académica.\n\nSe da por cerrado el caso', '0', 0, '0000-00-00 00:00:00', NULL, NULL, 131),
(758, 909, 'Se configuró el escaner de acuerdo a lo solicitado.\nSe da por cerrado el caso.', '0', 0, '0000-00-00 00:00:00', NULL, NULL, 131),
(759, 910, 'Se configura de nuevo una nueva maquina con los últimos back up, se intentara recuperar la información del disco dañado .', '0', 0, '0000-00-00 00:00:00', NULL, NULL, 125),
(760, 912, 'Se realiza el reset de los cartuchos de acuerdo a la solicitud. se realiza pruebas de funcionamiento.', '0', 0, '0000-00-00 00:00:00', NULL, NULL, 125),
(761, 913, 'Se realizaron las pruebas de sonido y vídeo en el auditorio de acuerdo a lo solicitado. se alistan los equipos multimedia para la inducción el día 14 - 07 -2014.', '0', 0, '0000-00-00 00:00:00', NULL, NULL, 131),
(762, 914, 'Se realizan las configuraciones de red apropiadas. Se da por cerrado el caso.', '0', 0, '0000-00-00 00:00:00', NULL, NULL, 131),
(763, 915, 'se realiza la verificacion y se configura nuevamente la intranet antigua\n', '0', 0, '0000-00-00 00:00:00', NULL, NULL, 180),
(764, 916, 'Se realiza la creación de la cuenta \njosemanuelreyes@indoamericana.edu.co para el profesor Jose Manuel y se le envían los datos de acceso al correo personal.', '0', 0, '0000-00-00 00:00:00', NULL, NULL, 125),
(765, 917, 'Caso solucionado por Jefferson. Configuraci''on de nuevo de los archivos de Outlook', '0', 0, '0000-00-00 00:00:00', NULL, NULL, 125),
(766, 918, 'Se realizan pruebas de videoconferencia desde el equipo solicitado.\nLa videoconferencia se llevo a cabo de manera exitosa.\n\nSe da por cerrado el caso.\n', '0', 0, '0000-00-00 00:00:00', NULL, NULL, 131),
(767, 919, 'Se realiza la instalación de un Access Point para ampliar la cobertura de la señal. (Ver Correo Electrónico)\n.\n\nEsta pendiente la realizacion de pruebas de acceso a la plataforma Schoology.\n\nSe da por cerrado el caso', '0', 0, '0000-00-00 00:00:00', NULL, NULL, 131),
(768, 920, 'Se revisa espacio en disco y se depuran los Backups.', '0', 0, '0000-00-00 00:00:00', NULL, NULL, 127),
(769, 921, 'Se realiza la revisión de equipo y se evidencia lentitud por hardware desactualizado', '0', 0, '0000-00-00 00:00:00', NULL, NULL, 125),
(770, 922, 'Se realiza la revisión de las cuentas de correo configuradas en el equipo, se realiza reparación en outlook para que vuelvan a sincronizar, y se realizan pruebas de funcionamiento. No se presentan novedades', '0', 0, '0000-00-00 00:00:00', NULL, NULL, 125),
(771, 923, 'Se realizo la configuración de resolución de la pantalla.\n\nSe da por cerrado el caso.', '0', 0, '0000-00-00 00:00:00', NULL, NULL, 131),
(772, 924, 'Se realiza la revisión y se verifica la conexión al internet, se deja probado el acceso y no se presentan novedades', '0', 0, '0000-00-00 00:00:00', NULL, NULL, 125),
(773, 925, 'Se realizo la instalación y configuración de la impresora,\nSe realizaron pruebas de impresión para verificar el funcionamiento.\n\nSe da por cerrado el caso', '0', 0, '0000-00-00 00:00:00', NULL, NULL, 131),
(774, 926, 'Se realiza la entrega de las credenciales de correo electrónico solicitadas (Ver Correo Electrónico).\n\nSe da por cerrado el caso', '0', 0, '0000-00-00 00:00:00', NULL, NULL, 131),
(775, 927, 'Se realiza el cambio de toners CE412A y CE413A para la impresora HP 400Color.\n\nSe da por cerrado el caso', '0', 0, '0000-00-00 00:00:00', NULL, NULL, 131),
(776, 928, '', '0', 0, '0000-00-00 00:00:00', NULL, NULL, 131),
(777, 929, '', '0', 0, '0000-00-00 00:00:00', NULL, NULL, 180),
(778, 930, 'buen día, la contraseña quedo restablecida, del 1 al 6.', '0', 0, '0000-00-00 00:00:00', NULL, NULL, 174),
(779, 931, 'Se realiza la revisión del caso y se realiza el reporte para buscar soporte con Amadeus puesto que la falla que presenta se genera desde el servidor de ellos', '0', 0, '0000-00-00 00:00:00', NULL, NULL, 125),
(780, 933, 'John en el momento todos los portátiles están prestados, no tenemos disponibilidad.', '0', 0, '0000-00-00 00:00:00', NULL, NULL, 127),
(781, 934, 'Se realiza la creación de las cuentas de correo de acuerdo a la solicitud.', '0', 0, '0000-00-00 00:00:00', NULL, NULL, 125),
(782, 935, 'Se realiza la revisión del Pc y se efectúa el cambio de dominio a cei ya que se encontraba en otro dominio sin ninguna novedad quedo atento a cualquier comentario o solicitud.', '0', 0, '0000-00-00 00:00:00', NULL, NULL, 180),
(783, 938, 'Caso de prueba', '0', 0, '0000-00-00 00:00:00', NULL, NULL, 131),
(784, 940, 'Se realizo la configuración del correo electrónico y se realiza la entrega de la contraseña de acuerdo a lo solicitado.\n\nSe da por cerrado el caso', '0', 0, '0000-00-00 00:00:00', NULL, NULL, 131),
(785, 941, 'Se realiza la instalación del software faltante de acuerdo a la solicitud.', '0', 0, '0000-00-00 00:00:00', NULL, NULL, 125),
(786, 943, 'se hace una inducción a los gds que se manejan en la corporación y se realizan pruebas del funcionamiento de los software con su acompañamento', '0', 0, '0000-00-00 00:00:00', NULL, NULL, 125),
(787, 944, 'Se realiza recarga de tinta y se realiza prueba de impresión,sin ninguna novedad.', '0', 0, '0000-00-00 00:00:00', NULL, NULL, 180),
(788, 945, 'Se hace entrega con acta de préstamo del portátil.', '0', 0, '0000-00-00 00:00:00', NULL, NULL, 125),
(789, 946, 'SE RE-CONFIGURA LA BASE DE DATOS CON LA COMBINACIÓN DE CORRESPONDENCIA DE ACUERDO A LA SOLICITUD', '0', 0, '0000-00-00 00:00:00', NULL, NULL, 125),
(790, 948, 'Se realiza el reseteo de chip de tintas y se prueba el funcionamiento.', '0', 0, '0000-00-00 00:00:00', NULL, NULL, 125),
(791, 949, 'Se verifica el Outlook y se soluciona la configuracion,se verifica funcionamineto, quedo atendo a cualquier solicitud o comentario.', '0', 0, '0000-00-00 00:00:00', NULL, NULL, 180),
(792, 950, 'Se revisan los navegadores y se configura el Adobe FlashPlayer tanto en Mozila como en Explorer y Chrome,se realiza prueba de funcionamiento sin ninguna novedad,quedo atento a cualquier solictud comentario.', '0', 0, '0000-00-00 00:00:00', NULL, NULL, 180),
(793, 951, 'Buenas tardes señor Roger deacuerdo a lo conversado se  buscará el backup solicitado y se realizara la entrega el dia de mañana.', '0', 0, '0000-00-00 00:00:00', NULL, NULL, 180),
(794, 953, 'Se realiza la instalación del scaner en la oficina del señor Freddy Cantor,se verifica funcionamiento sin ninguna novedad,quedo atento a cualquier solicitud o comentario.\n', '0', 0, '0000-00-00 00:00:00', NULL, NULL, 180),
(795, 954, '', '0', 0, '0000-00-00 00:00:00', NULL, NULL, 127),
(796, 955, 'Se realiza el intercambio de impresoras y se realizan pruebas de funcionamiento. sin novedades', '0', 0, '0000-00-00 00:00:00', NULL, NULL, 125),
(797, 956, 'Se realiza la configuración del equipo de acuerdo a al solicitud', '0', 0, '0000-00-00 00:00:00', NULL, NULL, 125),
(798, 958, 'Se realizo la revisión y se corrigieron los errores de software, se realiza revisión para descartar daños y asi evitar los apagones', '0', 0, '0000-00-00 00:00:00', NULL, NULL, 125),
(799, 959, 'Se realizo la configuración de las impresoras de acuerdo a la solicitud', '0', 0, '0000-00-00 00:00:00', NULL, NULL, 125),
(800, 960, 'Se realiza la configuración de escaner y se realiza una prueba de digitalización.\n\nSe da por cerrado el caso.', '0', 0, '0000-00-00 00:00:00', NULL, NULL, 131),
(801, 961, 'Se configuran las extensiones asignadas a las financieras.\nSe realizan  llamadas de  prueba y se verifica su correcto funcionamiento. \n\nSe da por cerrado el caso.', '0', 0, '0000-00-00 00:00:00', NULL, NULL, 131),
(802, 963, 'Se realizo la configuración de la cuenta de correo electrónico de Outlook.\n\nSe da por cerrado el caso', '0', 0, '0000-00-00 00:00:00', NULL, NULL, 131),
(803, 964, '', '0', 0, '0000-00-00 00:00:00', NULL, NULL, 131),
(804, 965, 'Se realiza la verificación de la impresora y se configura nuevamente,se realizan pruebas de impresión.', '0', 0, '0000-00-00 00:00:00', NULL, NULL, 180),
(805, 966, '', '0', 0, '0000-00-00 00:00:00', NULL, NULL, 131),
(806, 967, '', '0', 0, '0000-00-00 00:00:00', NULL, NULL, 131),
(807, 968, '', '0', 0, '0000-00-00 00:00:00', NULL, NULL, 131),
(808, 969, '', '0', 0, '0000-00-00 00:00:00', NULL, NULL, 131),
(809, 970, 'Se realizó la entrega del toner al Ingeniero Omar Ballen.', '0', 0, '0000-00-00 00:00:00', NULL, NULL, 180),
(810, 971, 'se realizo la revisión del caso', '0', 0, '0000-00-00 00:00:00', NULL, NULL, 125),
(811, 973, 'Se realizo el respectivo cambio de toner, y se efectúo prueba de impresión.', '0', 0, '0000-00-00 00:00:00', NULL, NULL, 180),
(812, 974, '', '0', 0, '0000-00-00 00:00:00', NULL, NULL, 131),
(813, 975, 'Se le indica al instructor como acceder a la pagina web de manera correcta.\n\nSe da por cerrado el caso.', '0', 0, '0000-00-00 00:00:00', NULL, NULL, 131),
(814, 976, 'Se determino que era una falla en el cableado interno.\nSe procede a realizar el empalme de los cables y el cambio de linea para el datáfono.\n\nSe da por cerrado el caso', '0', 0, '0000-00-00 00:00:00', NULL, NULL, 131),
(815, 977, 'Se realizo la recarga y configuración de la impresora Epson L355.\n\nSe realizan pruebas de impresión para verificar su correcto funcionamiento.\n\nSe da por cerrado el caso.', '0', 0, '0000-00-00 00:00:00', NULL, NULL, 131),
(816, 978, 'Se realiza la configuración de un archivo Outlook nuevo.\nSe verifica el envío y recepción de correos electrónicos.\n\nSe da por cerrado el caso. ', '0', 0, '0000-00-00 00:00:00', NULL, NULL, 131),
(817, 979, 'Se realizo la revisión de la impresora , se realizo limpieza de cabezales y reseteo de chip, se realizaron pruebas de funcionamiento y se deja funcionando. ', '0', 0, '0000-00-00 00:00:00', NULL, NULL, 125),
(818, 980, 'Se realiza el reinicio y configuración del teléfono.\n\nSe da por cerrado el caso.', '0', 0, '0000-00-00 00:00:00', NULL, NULL, 131),
(819, 981, 'Se realiza la verificación de los equipos y su funcionamiento, se realizó la respectiva configuración.', '0', 0, '0000-00-00 00:00:00', NULL, NULL, 180),
(820, 982, 'Se realizó la conexión del Switch con el Pc N° 13,sin ninguna novedad,quedo atento a cualquier solicitud o comentario', '0', 0, '0000-00-00 00:00:00', NULL, NULL, 180),
(821, 983, 'Se realiza la verificación del encendido programado de todos los Pc sin ninguna novedad quedando este  a las 6:25 a.m. de lunes a viernes, quedo atento a cualquier solicitud o comentario.', '0', 0, '0000-00-00 00:00:00', NULL, NULL, 180),
(822, 984, 'Se realiza la adecuación del cableado con espiral y también la etiqueta respectiva de cada uno de los cables,con cinta de enmascarar,quedo atento a cualquier solicitud o comentario.', '0', 0, '0000-00-00 00:00:00', NULL, NULL, 180),
(823, 985, 'Se realizó la configuración e instalación de los 2 Pc sin ninguna novedad,quedo atento a cualquier  solicitud o comentario.', '0', 0, '0000-00-00 00:00:00', NULL, NULL, 180),
(824, 986, 'Se realizo la restauración del sistema operativo para recuperar el servicio de impresiones.\n\nSe da por cerrado el caso.', '0', 0, '0000-00-00 00:00:00', NULL, NULL, 131),
(825, 987, 'Se realiza la verificación del caso y se procede a efectuar el respectivo proceso sin novedad alguna,quedo atento a comentarios.', '0', 0, '0000-00-00 00:00:00', NULL, NULL, 180),
(826, 988, 'Solicitud Duplicada', '0', 0, '0000-00-00 00:00:00', NULL, NULL, 127),
(827, 989, 'Se comparte el archivo de acuerdo a lo especificado.\n\nSe da por cerrado el caso.', '0', 0, '0000-00-00 00:00:00', NULL, NULL, 131),
(828, 990, 'Se revisa el equipo y se da solución a este inconveniente,quedo atento a cualquier novedad o comentario.', '0', 0, '0000-00-00 00:00:00', NULL, NULL, 180),
(829, 991, 'Se realizo la configuración del antivirus que restringía las extensiones de  archivos de excel.\n\nSe da por cerrado el caso', '0', 0, '0000-00-00 00:00:00', NULL, NULL, 131),
(830, 992, 'Se realizo la revisión del programa.\nSe realiza el desbloqueo de la dirección IP .\n\nSe da por cerrado el caso.', '0', 0, '0000-00-00 00:00:00', NULL, NULL, 131),
(831, 993, 'Se realizara la configuración el día sábado 16 de Agosto', '0', 0, '0000-00-00 00:00:00', NULL, NULL, 131),
(832, 994, 'Se revisa Carpeta y se entregan los archivos', '0', 0, '0000-00-00 00:00:00', NULL, NULL, 127),
(833, 995, 'Se realizó la respectiva revisión de la Red WiFi dando solución al inconveniente,quedo atento al seguimiento de este caso.', '0', 0, '0000-00-00 00:00:00', NULL, NULL, 180),
(834, 996, 'Se realiza la verificación del funcionamiento y se evidenció un error por parte del usuario quedo atento a cualquier comentario.', '0', 0, '0000-00-00 00:00:00', NULL, NULL, 180),
(835, 997, 'Se realizó el cambio de toner,quedo atento a cualquier solicitud o comentario.\n', '0', 0, '0000-00-00 00:00:00', NULL, NULL, 180),
(836, 998, 'Se procede a verificar el problema de encendido del Pc evidenciando que el cable de poder estaba dañado,se realiza el cambio y se verifica funcionamiento', '0', 0, '0000-00-00 00:00:00', NULL, NULL, 180),
(837, 999, '', '0', 0, '0000-00-00 00:00:00', NULL, NULL, 131),
(838, 1000, 'Se realiza la verificación del dispositivo y se realizaron pruebas de funcionamiento.', '0', 0, '0000-00-00 00:00:00', NULL, NULL, 180),
(839, 1001, 'Se verifica la conexión del Mouse, \nse da por cerrado el caso.', '0', 0, '0000-00-00 00:00:00', NULL, NULL, 131),
(840, 1002, 'Se realiza la recarga de los tanques de tinta y se realizan pruebas de impresion\n', '0', 0, '0000-00-00 00:00:00', NULL, NULL, 180),
(841, 1003, 'Se realiza la verificación del funcionamiento de la impresora,evidenciando un funcionamiento lento pero con buena calidad de impresión,se realizaron las pruebas de impresión respectivas,quedo atento a cualquier solicitud o comentario.', '0', 0, '0000-00-00 00:00:00', NULL, NULL, 180),
(842, 1004, 'Se realizo la configuración de la impresora de Biblioteca.\n\nSe da por cerrado el caso.', '0', 0, '0000-00-00 00:00:00', NULL, NULL, 131),
(843, 1005, 'De acuerdo a la solicitud colocada el día 11 de agosto del 2014, sobre el error que se presentaba en la impresora, confirmo que se realizo la limpieza de cabezales, reset de cartuchos y reinicio de la impresora, se realizaron impresiones de prueba y no se presentaron novedades en el funcionamiento del equipo.', '0', 0, '0000-00-00 00:00:00', NULL, NULL, 125),
(844, 1006, 'Se revisa el caso y se verifican los aspectos a tener en cuenta para realizar esta TAREA el día especificado.quedo atento a cualquier solicitud a comentario.', '0', 0, '0000-00-00 00:00:00', NULL, NULL, 180),
(845, 1007, 'Se realizo la configuración de la impresora de Compras', '0', 0, '0000-00-00 00:00:00', NULL, NULL, 131),
(846, 1008, 'Se realizó el cambio en el logo de la firma al igual que se actualizaron los  contactos del mismo y se verifico también el programa pausas activas quedo en todos los equipos, los únicos usuarios que no se les realizó estas tareas son los casos especiales que son de su conocimiento por lo demás quedo atento a comentarios.', '0', 0, '0000-00-00 00:00:00', NULL, NULL, 180),
(847, 1010, 'Se realizo la configuración de la impresora de Publicidad.\n\nSe da por cerrado el caso.', '0', 0, '0000-00-00 00:00:00', NULL, NULL, 131),
(848, 1011, 'De acuerdo a la solicitud hd001011 sobre el problema que presenta el paquete de office, confirmo se realizó la reinstalación de software de acuerdo al sistema operativo del equipo  y se realizó la correspondiente prueba sin generar ninguna novedad en el funcionamiento.', '0', 0, '0000-00-00 00:00:00', NULL, NULL, 125),
(849, 1012, 'Se realizo la configuración de la impresora de Estudiantes en PAE.\n\nSe da por cerrado el caso.', '0', 0, '0000-00-00 00:00:00', NULL, NULL, 131),
(850, 1013, 'El proveedor diagnostica un daño en la unidad fusora, \nya se solicito una cotización de servicio para reparar la misma (Ver correo Electrónico).\n\n', '0', 0, '0000-00-00 00:00:00', NULL, NULL, 131),
(851, 1015, 'El día de ayer 12 de agosto del 2014 se realizó la revisión de la configuración de la cuenta de correo del Usuario Carolina Gamba, presentaba un error en la bandeja de salida de correo y en la configuración del correo de jmantilla@indoamericana.edu.co.\nSe elimina el correo de salida ya que este archivo pesaba más de lo permitido para las cuentas de salida de Outlook y se quitó la configuración de', '0', 0, '0000-00-00 00:00:00', NULL, NULL, 125),
(852, 1016, '', '0', 0, '0000-00-00 00:00:00', NULL, NULL, 125),
(853, 1017, 'Se realizo la configuración e instalación del escaner en el equipo del digitador.\n\nSe da por cerrado el caso.', '0', 0, '0000-00-00 00:00:00', NULL, NULL, 131),
(854, 1018, 'Realice la verificacion del Wifi evidenciando un funcionamiento normal,quedo atento a cualquier solicitud  o comentario.', '0', 0, '0000-00-00 00:00:00', NULL, NULL, 180),
(855, 1019, 'Caso duplicado ya asignado', '0', 0, '0000-00-00 00:00:00', NULL, NULL, 127),
(856, 1020, 'Se realiza la respectiva verificación y se procede resetear los cartuchos,quedo atento a cualquier solicitud o comentario.', '0', 0, '0000-00-00 00:00:00', NULL, NULL, 180),
(857, 1021, 'Se realizo el reinicio de la extensión telefónica en el servidor de telefonía IP.\n\nSe realizan pruebas de funcionamiento de la linea.\n\nSe da por cerrado el caso.', '0', 0, '0000-00-00 00:00:00', NULL, NULL, 131),
(858, 1023, 'Se realiza la revisión de la pagina y se habilita para el ingreso.', '0', 0, '0000-00-00 00:00:00', NULL, NULL, 127),
(859, 1024, 'Se realizo la configuración de los correos electronicos \nCartunduaga@indoamericana.edu.co\nGerencia@inmobiliarialamagdalena.com\nNmendez@indoamericana.edu.co\n\nSe da por cerrado el caso', '0', 0, '0000-00-00 00:00:00', NULL, NULL, 131),
(860, 1025, 'Se realiza la revisión y el acompañamiento de acuerdo a su solicitud', '0', 0, '0000-00-00 00:00:00', NULL, NULL, 125),
(861, 1026, 'Se realizo la instalación del equipo de la Asistente de Acreditación.\n\nSe da por cerrado el caso', '0', 0, '0000-00-00 00:00:00', NULL, NULL, 131),
(862, 1029, 'Se realiza la respectiva verificación del programa Pausas Activas en el Pc de talleres evidenciando que no reproduce Audio ni sonido, se hacen las respectivas pruebas y se actualizan los complementos como Java también se verifican los Drives sin obtener respuesta. \nQuedo atento a cualquier solicitud o comentario.', '0', 0, '0000-00-00 00:00:00', NULL, NULL, 180),
(863, 1030, 'Se realiza la respectiva revision del Pc y se configura nuevamente debido a una duplicidad de  su IP,se realizan pruebas de funcionamiento,quedo atento a cualquier solicitud o comentario.', '0', 0, '0000-00-00 00:00:00', NULL, NULL, 180),
(864, 1031, 'se realizó el proceso de actualización del Aplicativo de JAVA y se realizó la comprobación con la página de la DIAN y no presento problemas.', '0', 0, '0000-00-00 00:00:00', NULL, NULL, 125),
(865, 1032, 'Se realizó la respectiva verificación,el problema se origina por daño en las diademas de Biblioteca,se realizaron las pruebas de funcionamiento a cada una de estas identificando las que están funcionando,quedo atento a cualquier solicitud o comentario.', '0', 0, '0000-00-00 00:00:00', NULL, NULL, 180),
(866, 1033, 'confirmo que se realizó el cambio de tóner de la impresora HP Pro 400 ubicada en el área  académica, se realizaron pruebas de funcionamiento y no se presentaron inconvenientes.', '0', 0, '0000-00-00 00:00:00', NULL, NULL, 125),
(867, 1034, 'Se realizo la configuración de la impresora de almacén,\n\nSe da por cerrado el caso', '0', 0, '0000-00-00 00:00:00', NULL, NULL, 131),
(868, 1035, 'Se realizo la verificación y el envío de los respectivos correos.\n\nSe da por cerrado el caso.', '0', 0, '0000-00-00 00:00:00', NULL, NULL, 131),
(869, 1036, 'Se realizó la instalación y configuración en el lab 2 se instalaron 7 diademas y en el Lab 1 se instalaron 3 quedando 2 Pc sin diademas,quedo atento a cualquier solicitud o comentario.', '0', 0, '0000-00-00 00:00:00', NULL, NULL, 180),
(870, 1037, 'Por Favor revisar el acceso a la pagina', '0', 0, '0000-00-00 00:00:00', NULL, NULL, 127),
(871, 1038, 'confirmo que se realizó el tendido del cable que viene de la casa Cessna y alimenta de red Wii-fi la casa Piper, se realizaron pruebas de conectividad y no se presentaron inconvenientes en la conexión.', '0', 0, '0000-00-00 00:00:00', NULL, NULL, 125),
(872, 1039, 'Se efectuó  el cambio del toner y se realizaron pruebas de impresión,quedo atento a solicitudes o comentarios.', '0', 0, '0000-00-00 00:00:00', NULL, NULL, 180),
(873, 1040, 'Se detecto una falla por parte del proveedor de servicios. Se realizar una visita técnica en el transcurso de las siguientes 48 horas, \n\nSe provisiona una linea telefónica temporal para dar servicio en el datáfono.', '0', 0, '0000-00-00 00:00:00', NULL, NULL, 131),
(874, 1041, 'Se realizo el cambio del mouse debido a las fallas que estaba presentando el que tenia se verifico el funcionamiento del mismo,quedo atento a cualquier solicitud o comentario.', '0', 0, '0000-00-00 00:00:00', NULL, NULL, 180),
(875, 1042, 'confirmo que se realizaron las adecuaciones necesarias y se realizaron las pruebas de funcionamiento tanto el teléfono como el equipo tiene conexión a Internet, no se generaron novedades.', '0', 0, '0000-00-00 00:00:00', NULL, NULL, 125),
(876, 1043, 'se realizo la respectiva verificación y se realizo la configuración correspondiente,quedo atento a cualquier solicitud o comentario.', '0', 0, '0000-00-00 00:00:00', NULL, NULL, 180),
(877, 1044, 'De acuerdo a la solicitud hd001044 sobre el problema que presenta la impresora de bienestar institucional, confirmo se realizó el cambio de los cuatro cartuchos de impresión  y se realizó la correspondiente prueba sin generar ninguna novedad en el funcionamiento.', '0', 0, '0000-00-00 00:00:00', NULL, NULL, 125),
(878, 1045, 'Se realiza la revisión del caso y se corrige el error generado.\nSe realizan pruebas y no se generan novedades en el acceso a internet.\n', '0', 0, '0000-00-00 00:00:00', NULL, NULL, 125),
(879, 1046, 'De acuerdo a la solicitud enviada el día 22 de agosto de 2014 sobre el cambio de tóner para la impresora HP LJ 400, confirmo se realizó el cambio de los cuatro consumibles y se realizó la correspondiente prueba sin generar ninguna novedad en el funcionamiento. ', '0', 0, '0000-00-00 00:00:00', NULL, NULL, 125),
(880, 1048, 'Se realiza la configuración del teléfono y la linea.\n\nSe da por cerrado el caso', '0', 0, '0000-00-00 00:00:00', NULL, NULL, 131),
(881, 1049, 'Se realiza la verificación del sistema y se realiza la configuración del caso. Se hacen pruebas de funcionamiento y no se presentan novedades', '0', 0, '0000-00-00 00:00:00', NULL, NULL, 125),
(882, 1050, 'Se realiza la configuración del teléfono y se realizan las pruebas de funcionamiento el caso.', '0', 0, '0000-00-00 00:00:00', NULL, NULL, 125),
(883, 1051, 'Se realizo el respectivo cambio de nombre en cada uno de los Pc del LAB2,se realizaron las pruebas de funcionamiento.quedo atento a cualquier solicitud o comentario.', '0', 0, '0000-00-00 00:00:00', NULL, NULL, 180),
(884, 1052, 'Se realizo la configuración del Pc,en acompañamiento del señor Cristian Hernandez quedo atento a comentarios.', '0', 0, '0000-00-00 00:00:00', NULL, NULL, 180),
(885, 1053, 'Se realizo la configuración de un usuario nuevo.\nSe configura el acceso  al archivo en la unidad local (D)\n\nSe da por cerrado el caso', '0', 0, '0000-00-00 00:00:00', NULL, NULL, 131),
(886, 1054, 'Se realiza la revisión, se acomoda de nuevo la pieza desprendida y se realiza impresión de prueba, no se presentan novedades', '0', 0, '0000-00-00 00:00:00', NULL, NULL, 125),
(887, 1055, 'Se realiza el cambio de contraseña de usuario de acuerdo a lo solicitado.\n\nSe da por cerrado el caso.', '0', 0, '0000-00-00 00:00:00', NULL, NULL, 131),
(888, 1056, 'Se realizo la verificación, se hizo recarga del sistema de tinta y se realizo limpieza de cabezales, se realizaron pruebas de impresiones y no se genero novedades.', '0', 0, '0000-00-00 00:00:00', NULL, NULL, 125),
(889, 1057, 'Se configuran los permisos necesarios para la actualización de la aplicación, se verifica el funcionamiento de SIIGO.\n\nSe da por cerrado el caso.', '0', 0, '0000-00-00 00:00:00', NULL, NULL, 131),
(890, 1058, 'Se verifica el funcionamiento de la impresora no presenta novedades.', '0', 0, '0000-00-00 00:00:00', NULL, NULL, 180),
(891, 1059, 'Se realizo la revisión del equipo y  aplicaciones.\nNo se detectan fallas en el equipo. \nSe da por cerrado el caso.', '0', 0, '0000-00-00 00:00:00', NULL, NULL, 131),
(892, 1060, 'Se realizo la descarga de los  archivos solicitados.\nSe da por cerrado el caso.', '0', 0, '0000-00-00 00:00:00', NULL, NULL, 131),
(893, 1061, 'Se  realizó la verificación del cableado que alimenta el servidor de los laboratorios, se detectó la falla y se procedió a realizar la corrección del caso. Se realizan pruebas de funcionamiento y no se presentan novedades.', '0', 0, '0000-00-00 00:00:00', NULL, NULL, 125),
(894, 1062, 'Se realizo el respectivo cambio de toner,quedo pendiente a cualquier solicitud o comentario.', '0', 0, '0000-00-00 00:00:00', NULL, NULL, 180),
(895, 1063, ' Sobre el problema presentado en el equipo con las impresoras, quiero confirmar que se realizó la revisión del caso, se reinició el servicio de cola de impresiones, se cancelaron todas la impresión, pendientes  se revisaron las configuraciones, se cambió el cartucho de tinta y se realizaron pruebas de impresión. No se generaron novedades en el funcionamiento de ambas impresoras configurada.', '0', 0, '0000-00-00 00:00:00', NULL, NULL, 125),
(896, 1064, 'confirmo que se realizó la revisión y se reconfiguro la extensión. Se realizaron pruebas de llamada y no se presentaron problemas en el funcionamiento.\n', '0', 0, '0000-00-00 00:00:00', NULL, NULL, 125),
(897, 1065, 'Se realizo la verificación y se reparo el problema presentado.', '0', 0, '0000-00-00 00:00:00', NULL, NULL, 125),
(898, 1066, 'se realiza la revisión y se efectúa el cambio de monitor,quedo atento a cualquier solicitud o comentario.', '0', 0, '0000-00-00 00:00:00', NULL, NULL, 180),
(899, 1067, 'Se realizo la verificación de la configuración, se corrigió el error presentado y se realizaron pruebas de funcionamiento. no se generan novedades.', '0', 0, '0000-00-00 00:00:00', NULL, NULL, 125),
(900, 1068, 'Se detecto que el DVR estaba desconectado de la red.\nSe corrigió a novedad y se verificó el acceso web a las Cámaras de Seguridad.\n\nSe da por cerrado el caso.', '0', 0, '0000-00-00 00:00:00', NULL, NULL, 131),
(901, 1069, 'se realizó la revisión del caso, se reinició el servicio de cola de impresiones, se cancelaron todas la impresión, pendientes  se revisaron las configuraciones, se cambió el cartucho de tinta y se realizaron pruebas de impresión. No se generaron novedades en el funcionamiento de ambas impresoras configurada.', '0', 0, '0000-00-00 00:00:00', NULL, NULL, 125),
(902, 1070, '', '0', 0, '0000-00-00 00:00:00', NULL, NULL, 131),
(903, 1071, 'Se realizo la instalación del cable de acuerdo a la solicitud, se realizaron pruebas de funcionamiento y no se generaron novedades', '0', 0, '0000-00-00 00:00:00', NULL, NULL, 125),
(904, 1072, 'Se realiza la revisión y re configura, se realizan pruebas de impresión y no se presentan novedades. ', '0', 0, '0000-00-00 00:00:00', NULL, NULL, 125),
(905, 1073, 'Se realizo la conexión de la linea del datáfono.\nSe da por cerrado el caso', '0', 0, '0000-00-00 00:00:00', NULL, NULL, 131),
(906, 1074, 'Se realizo la revisión inmediata de la antena de Biblioteca 2, esta no presento ninguna novedad su funcionamiento es Optimo,de todas formas se le realizara un seguimiento durante el transcurso del día para identificar posibles inconvenientes,quedo atento a cualquier solicitud o comentario.', '0', 0, '0000-00-00 00:00:00', NULL, NULL, 180),
(907, 1075, 'Se realizo el traslado y se verifico el correcto funcionamiento de Pc sin ninguna novedad, quedo atento a cualquier solicitud o comentario.', '0', 0, '0000-00-00 00:00:00', NULL, NULL, 180),
(908, 1076, 'Se realizo el desbloqueo de las paginas web solicitadas.\nSe verifica el acceso a las mismas.\nSe da por cerrado el caso', '0', 0, '0000-00-00 00:00:00', NULL, NULL, 131),
(909, 1077, 'Se realizo la revisión de la impresora, se realizo la recarga de tinta y se realizo la limpieza de cabezales, se realizaron pruebas de impresión y no se generan novedades', '0', 0, '0000-00-00 00:00:00', NULL, NULL, 125),
(910, 1078, ', quiero confirmar que se realizó la revisión del caso, se reinició el servicio de cola de impresiones, se cancelaron todas la impresión, pendientes  se revisaron las configuraciones y se reinstalo la impresora, se realizaron pruebas de impresión y no se generaron novedades.', '0', 0, '0000-00-00 00:00:00', NULL, NULL, 125),
(911, 1080, '', '0', 0, '0000-00-00 00:00:00', NULL, NULL, 131),
(912, 1081, 'Se realiza la revisión de la Impresora se extrajo un pedazo de pasta sin identificar plenamente, sin que esta funcionara se trajo al taller para poder revisarla mas a fondo pero no se observo nada mas la impresora deberá ser revisada por el técnico especialista en el area', '0', 0, '0000-00-00 00:00:00', NULL, NULL, 180),
(913, 1082, 'Se realiza la revisión del Pc y se encuentra que su IP esta duplicada,en acompañamiento del señor Jaime Roberto se realiza la configuración del equipo y se hacen pruebas de funcionamiento. ', '0', 0, '0000-00-00 00:00:00', NULL, NULL, 180),
(914, 1083, '', '0', 0, '0000-00-00 00:00:00', NULL, NULL, 180),
(915, 1084, 'Se re asigna contraseña', '0', 0, '0000-00-00 00:00:00', NULL, NULL, 127),
(916, 1085, 'Se realiza el retiro y configuración del equipo asignado a Dinah Causil y se realiza el retiro del Equipo iMAC y se ubico en la oficina de medios audiovisuales.', '0', 0, '0000-00-00 00:00:00', NULL, NULL, 125),
(917, 1086, 'Con ayuda de Hugo Real, se realiza la fijación de 4 de las 6 mesas que se encuentran en la casa Embraer. Por horario de clase quedan pendientes 2 el salón 18 y 19.', '0', 0, '0000-00-00 00:00:00', NULL, NULL, 125),
(918, 1087, 'Se realizo la configuración e instalación del equipo en la oficina.\n\nSe configuran las aplicaciones de uso corporativo. (Ver Correo Electrónico)\n\nSe da por cerrado el caso', '0', 0, '0000-00-00 00:00:00', NULL, NULL, 131),
(919, 1088, 'Se realizo la configuración de correo electrónico de acuerdo a lo solicitado\n\nSe da por cerrado el caso.', '0', 0, '0000-00-00 00:00:00', NULL, NULL, 131),
(920, 1091, 'Se realiza la revisión de las conexiones,se hacen pruebas de funcionamiento y no se generan movedades', '0', 0, '0000-00-00 00:00:00', NULL, NULL, 125),
(921, 1092, 'Se realiza la revisión del caso,  se hacen pruebas de funcionamiento y no se generan novedades', '0', 0, '0000-00-00 00:00:00', NULL, NULL, 125),
(922, 1093, 'Se realizo el formateo e instalación de programas necesarios en el PC del señor John Tuta programador,quedo atento a cualquier solicitud o comentario.', '0', 0, '0000-00-00 00:00:00', NULL, NULL, 180),
(923, 1094, 'Se realizo la configuración de spark y adobe reader.\n\nse da por cerrado el caso', '0', 0, '0000-00-00 00:00:00', NULL, NULL, 131),
(924, 1095, 'Se realiza la revision de Untangle por parte de los señores Cristian y Jaime,se soluciono el inconveniente.', '0', 0, '0000-00-00 00:00:00', NULL, NULL, 180),
(925, 1096, 'Se revisa el espacio donde se dispone a pasar la impresora y se determino que no se cuenta con un cable de datos que tenga el largo necesario para realizar el cambio,se realizara el respectivo proceso para efectuar la compra de uno y darle solución.\nSe realizara un seguimiento al caso,quedo atento a cualquier solicitud o comentario.', '0', 0, '0000-00-00 00:00:00', NULL, NULL, 180),
(926, 1097, 'se realizo la  revisión de equipo y se diagnostico que uno de los consumibles  esta al final de su vida útil. Se realizar la solicitud correspondiente para su cambio ', '0', 0, '0000-00-00 00:00:00', NULL, NULL, 125),
(927, 1098, 'caso de prueba', '0', 0, '0000-00-00 00:00:00', NULL, NULL, 125),
(928, 1099, 'Buenas tardes,\nDe acuerdo al caso no HD0001099 sobre el problema que presenta el Spark, confirmo que se realizó la respectiva revisión y se bajó la versión del software de 2.6.3 a 2.58 ya que este presenta mayor estabilidad y no presenta bloqueos. Se realizaron pruebas de funcionamiento y no se generaron errores.\n', '0', 0, '0000-00-00 00:00:00', NULL, NULL, 125),
(929, 1100, 'Se realizo el traslado del escaner de auxiliar académico al área de educación continuada y se realizo la instalación. Se hacen pruebas de funcionamiento y no se generan novedades', '0', 0, '0000-00-00 00:00:00', NULL, NULL, 125),
(930, 1101, 'Se realiza la revisión y verificación de la configuración de la impresora y se realiza la reinstalare para descartar daño. Se realizan pruebas de funcionamiento y no se generaron novedades', '0', 0, '0000-00-00 00:00:00', NULL, NULL, 125),
(931, 1102, 'De acuerdo al caso No. HD001102, sobre el daño que presenta la unidad de Cd/DVD de equipo Mac que se encuentra en audiovisuales, confirmo que después de realizar la respectiva revisión, se diagnostica que este componente presenta daño la hora de leer cualquier tipo de Cd, generando lentitud en el funcionamiento del sistema del equipo.\n\nSe solicitara autorización con el Ingeniero Daniel para real', '0', 0, '0000-00-00 00:00:00', NULL, NULL, 125),
(932, 1104, 'Se  configuro el acceso a la pagina web Aspirantes.\n\nSe da por cerrado el caso.', '1', 0, '0000-00-00 00:00:00', '0000-00-00 00:00:00', NULL, 131),
(933, 1104, '', '0', 0, '0000-00-00 00:00:00', NULL, NULL, 131),
(934, 1106, 'Se realizo el traslado e instalación del escaner en el equipo de Jose Moreno.\n\nSe da por cerrado el caso.', '0', 0, '0000-00-00 00:00:00', NULL, NULL, 131),
(935, 1107, 'Se revisa el caso y se comparte la carpeta,se realizaron pruebas de funcionamiento.', '0', 0, '0000-00-00 00:00:00', NULL, NULL, 180),
(936, 1111, 'Muy Sr, Tuta', '0', 0, '0000-00-00 00:00:00', NULL, NULL, 131),
(937, 1112, 'Se realiza el cambio de tonner de acuerdo ala solicitud. Fue recibido por el señor Wilson Hernandez.', '0', 0, '0000-00-00 00:00:00', NULL, NULL, 125),
(938, 1113, 'Se realizo la configuración de las cuentas de correo  solicitados (Ver correo electrónico)\n\nSe da por cerrado el caso.', '0', 0, '0000-00-00 00:00:00', NULL, NULL, 131),
(939, 1114, 'Se realizo la revisión de la impresora. \n\nNo se detecto falla alguna.\n\nSe da por cerrado el caso.', '0', 0, '0000-00-00 00:00:00', NULL, NULL, 131),
(940, 1115, 'Se realizo  la configuración de los correos electrónicos de acuerdo a lo solicitado.\n\nSe da por cerrado el caso.', '0', 0, '0000-00-00 00:00:00', NULL, NULL, 131),
(941, 1116, 'Operación realizada por jefferson Flores', '0', 0, '0000-00-00 00:00:00', NULL, NULL, 125),
(942, 1117, 'Buenos días,\n\nDe acuerdo al caso No. HD001107, sobre la instalación de corel y y\nnero en el equipo de medios virtuales, confirmo que se realizó la configuración del software de acuerdo a la solicitud y se realizaron pruebas de funcionamiento, no generaron novedades.\n', '0', 0, '0000-00-00 00:00:00', NULL, NULL, 125),
(943, 1118, 'Se realizo la verificación de la impresora, se realizo varias limpiezas de cabezales y se realizo pruebas de funcionamiento. No se generaron novedades.', '0', 0, '0000-00-00 00:00:00', NULL, NULL, 125),
(944, 1119, 'Se realizo la recarga de la impresora de tinta Epson L355.\n\nSe verifica su adecuado funcionamiento.\n\nSe da por cerrado el caso.', '0', 0, '0000-00-00 00:00:00', NULL, NULL, 131),
(945, 1120, 'Se realizo la verificación de la red inalambrica.\nSe realizo el reinicio del Access Point Inalambrico \n\nSe da por cerrado el caso.', '0', 0, '0000-00-00 00:00:00', NULL, NULL, 131),
(946, 1122, 'Se realiza la recarga de tinta color Negro y se reinicia por medio del sistema los cartuchos,debido a que se alcanzó el limite maximo de impresiones', '0', 0, '0000-00-00 00:00:00', NULL, NULL, 180),
(947, 1123, '', '1', 0, '0000-00-00 00:00:00', '0000-00-00 00:00:00', NULL, 125),
(948, 1123, 'Se realiza la adecuación del cableado en el puesto de la señora fernanda arboleda', '0', 0, '0000-00-00 00:00:00', NULL, NULL, 180),
(949, 1124, 'Se realizo la revision por parte de Cristian y Jaime solucionando el inconveniente.', '0', 0, '0000-00-00 00:00:00', NULL, NULL, 180),
(950, 1125, 'Caso duplicado', '0', 0, '0000-00-00 00:00:00', NULL, NULL, 125),
(951, 1126, 'Se realizo el acompañamiento durante toda la mañana del día martes.\nDebido a problemas del proveedor no se pudo realizar la instalación del demo.\n', '0', 0, '0000-00-00 00:00:00', NULL, NULL, 131),
(952, 1127, 'Se envía correo explicando el daño del equipo', '0', 0, '0000-00-00 00:00:00', NULL, NULL, 125),
(953, 1128, 'Se realiza el cambio de toner color CIAN a las 11:28 a.m', '0', 0, '0000-00-00 00:00:00', NULL, NULL, 180),
(954, 1129, 'Se realizo la asignacion del telefono y sus configuraciones con cada una de las extensiones', '0', 0, '0000-00-00 00:00:00', NULL, NULL, 180),
(955, 1130, 'Se realizo el documento con los inventarios, este ya fue enviado vía correo electrónico. \n\nSe da por terminada la tarea', '0', 0, '0000-00-00 00:00:00', NULL, NULL, 131),
(956, 1131, 'Alex Buenas tardes,\n\nDe manera provisional se realizó el cambio de la antena Wifi que cubre el área de Educación continuada por una Antena llamada Cei-Auditorio, está antena está conectada a la red de laboratorios, y  no genera problemas a la hora de realizar la conexión.\n\nSe realizaron pruebas de funcionamiento y no se generaron inconveniente a la hora de ingresar.\n\nLa antena con red Wi-Fi ', '0', 0, '0000-00-00 00:00:00', NULL, NULL, 125),
(957, 1132, 'Se realiza la respectiva revisión en el area de Biblioteca y todos los Pc se encontraron funcionando correctamente se realizaron pruebas de velocidad de descarga,los resultados seran enviados por correo electronico.', '0', 0, '0000-00-00 00:00:00', NULL, NULL, 180),
(958, 1133, 'Se realizo la entrega de los portátiles con sus cargadores y las pistolas funcionando correctamente.', '0', 0, '0000-00-00 00:00:00', NULL, NULL, 180),
(959, 1135, 'Se estableció contacto telefónico con John Ledesma quien informo que entra esta y la otra semana se realizar la instalación del servicio de Internet en Casa Antonov.\n\nSe da por cerrado el caso.', '0', 0, '0000-00-00 00:00:00', NULL, NULL, 131),
(960, 1136, 'Se realizo la instalación de las diademas en los equipos del laboratorio 3 excepto en los Pc 04,05 y 12,todos los equipos del laboratorio 1 tienen diadema y se encuentran funcionando CORRECTAMENTE sus microfonos.', '0', 0, '0000-00-00 00:00:00', NULL, NULL, 180),
(961, 1137, 'Se realiza la revision de la impresora y se hace recarga de tinta.\n', '0', 0, '0000-00-00 00:00:00', NULL, NULL, 180),
(962, 1138, 'Se realizo la limpieza de los temporales del navegador google Chrome. Se realizo la verificación del caso', '0', 0, '0000-00-00 00:00:00', NULL, NULL, 125),
(963, 1140, 'Se realizo la configuración de la carpeta compartida en el servidor.\n\nSe da por cerrado el caso.', '0', 0, '0000-00-00 00:00:00', NULL, NULL, 131),
(964, 1142, 'Duplicidad con Caso 1140', '0', 0, '0000-00-00 00:00:00', NULL, NULL, 131),
(965, 1143, 'Se realizo la configuración del usuario \n\nDominio.\nCorreo Electrónico\nSpark\ny se realiza la entrega formal del equipo\n\nSe da por cerrado el caso.', '0', 0, '0000-00-00 00:00:00', NULL, NULL, 131),
(966, 1144, 'El dia de hoy 17 de septiembre del 2014 de acuerdo al caso número HD001144 reportado por el profesor German Gaona, se realizó la revisión del equipo para descarta daño en algún componente, se revisó el disco duro para descartar daño, se desconectó un ventilador auxilia  ya que este es el que estaba dañado y era el que ocasionaba el ruido y puede ser la causa del olor a quemado. Se realizaron prueb', '0', 0, '0000-00-00 00:00:00', NULL, NULL, 125),
(967, 1145, '', '0', 0, '0000-00-00 00:00:00', NULL, NULL, 180);
INSERT INTO `support_traces` (`id_t`, `supports_id`, `observation`, `scale`, `consecutive`, `created_at`, `updated_at`, `modified`, `user_id`) VALUES
(968, 1146, 'Se realizo la configuración de los Access Point, esta pendiente la instalación que será llevada a cabo el día 23 de Septiembre de 2014.\n\nQuedo atento a cualquier comentario.', '0', 0, '0000-00-00 00:00:00', NULL, NULL, 131),
(969, 1147, 'Se realizo la instalación de rack en casa antonov. (Ver correo Electrónico)\n\nSe da por cerrado el  caso', '0', 0, '0000-00-00 00:00:00', NULL, NULL, 131),
(970, 1148, 'De acuerdo al caso HD001148 sobre el problema que presenta el correo corporativo, confirmo que se realizó la verificación del software y se encontró que presentaba un error, se efectuó a realizar reinstalación y se realizaron pruebas de funcionamiento. No se generaron errores.\n', '0', 0, '0000-00-00 00:00:00', NULL, NULL, 125),
(971, 1149, 'Se reviso el pc y se determino que debe ser formateado,quedo atento a la  la respuesta por parte de la señora sandra confirmando su autorización de forma escrita y la realización del Backup.', '0', 0, '0000-00-00 00:00:00', NULL, NULL, 180),
(972, 1150, 'Se realiza la configuración de hipervinculos en el archivo solicitado.\n\nSe da por cerrado el caso.', '0', 0, '0000-00-00 00:00:00', NULL, NULL, 131),
(973, 1151, 'Se realiza el préstamo del computador portatil.\n\nSe da por cerrado el caso.', '0', 0, '0000-00-00 00:00:00', NULL, NULL, 131),
(974, 1152, 'Se realiza la revisión de la impresora y se limpia el scaner de la bandeja alimentadora, se realizan pruebas de funcionamiento y no se generan novedades', '0', 0, '0000-00-00 00:00:00', NULL, NULL, 125),
(975, 1153, 'Se realiza la revisión y no se encuentra desfiguración, se explica el método para abrir el spark ', '0', 0, '0000-00-00 00:00:00', NULL, NULL, 125),
(976, 1154, '', '1', 0, '0000-00-00 00:00:00', '0000-00-00 00:00:00', NULL, 131),
(977, 1154, 'Se le explicó a Ana cómo ejecutar la combinación de correspondencia en Word para su uso posterior en el envío de correo masivo personalizado. Se estará atento a futuras inquietudes.', '0', 0, '0000-00-00 00:00:00', NULL, NULL, 129),
(978, 1155, 'Se reviso la impresora y se identifico que se encontraba desconfigurada se realizaron las configuraciones correspondientes.', '0', 0, '0000-00-00 00:00:00', NULL, NULL, 180),
(979, 1156, 'De acuerdo al caso HD001156, respecto a la falla que presenta la impresora, confirmo que se realizó la revisión y se efectuó el reseteo de chip de impresión y se realizaron pruebas de funcionamiento, No se generaron novedades.\n', '0', 0, '0000-00-00 00:00:00', NULL, NULL, 125),
(980, 1157, 'Buenos días, \n\nDe acuerdo al caso HD001160, respecto a la falla que presenta la impresora, confirmo que se realizó la revisión y sreviso que la impresora estuviese compartida, se realizaron pruebas de funcionamiento, No se generaron novedades.\n', '0', 0, '0000-00-00 00:00:00', NULL, NULL, 125),
(981, 1158, 'Se realiza la verificación del Pc evidenciando que varios componentes como condensadores se encontraban sulfatados el puerto VGA no se encuentra en buen estado por este motivo se realiza el cambio de Torre por una funcional ubicada en el área del ático,quedo atento a cualquier solicitud o comentario.', '0', 0, '0000-00-00 00:00:00', NULL, NULL, 180),
(982, 1159, 'De acuerdo al caso HD001159, respecto a la falla que presenta la impresora, confirmo que se realizó la revisión y se configuro que la impresora estuviese compartida, se realizaron pruebas de funcionamiento, No se generaron novedades.\n', '0', 0, '0000-00-00 00:00:00', NULL, NULL, 125),
(983, 1160, 'De acuerdo al caso HD001160, respecto a la falla que presenta la impresora, confirmo que se realizó la revisión y sreviso que la impresora estuviese compartida, se realizaron pruebas de funcionamiento, No se generaron novedades.', '0', 0, '0000-00-00 00:00:00', NULL, NULL, 125),
(984, 1161, 'De acuerdo al caso HD001160, respecto a la falla que presenta la impresora, confirmo que se realizó la revisión y el problema radicaba en la configuración de la impresora, se efectuó la respectiva corrección, se realizaron pruebas de funcionamiento. No se generaron novedades ', '0', 0, '0000-00-00 00:00:00', NULL, NULL, 125),
(985, 1162, 'De acuerdo al caso HD001162 sobre el problema que presenta el equipo, confirmo que se realizó la revisión, se ejecutó el antivirus para descartar daño por virus, como manera preventiva se realiza el back-up de la información, pero no se encuentra daño en disco, a lo cual se procede a cerrar el caso. Se está pendiente al seguimiento del estado del equipo.', '0', 0, '0000-00-00 00:00:00', NULL, NULL, 125),
(986, 1163, 'De acuerdo a su solicitud, confirmo que se realizó el mantenimiento  de software del equipo portátil Toshiba y del equipo de escritorio asignados a usted y se realizó las respectivas configuraciones y se guardó el respectivo back-up realizado el día viernes. ', '0', 0, '0000-00-00 00:00:00', NULL, NULL, 125),
(987, 1164, 'De acuerdo a su solicitud, confirmo que se realizó el mantenimiento  de software del equipo portátil Toshiba y del equipo de escritorio asignados a usted y se realizó las respectivas configuraciones y se guardó el respectivo back-up realizado el día viernes. ', '0', 0, '0000-00-00 00:00:00', NULL, NULL, 125),
(988, 1165, 'Se realizo la respectiva verificación y se realizaron pruebas de funcionamiento sin ninguna novedad.\n ', '0', 0, '0000-00-00 00:00:00', NULL, NULL, 180),
(989, 1166, 'Se reviso la impresora y el equipo,sin ninguna novedad,se le informa al usuario que este mensaje aparece para notificar nivel de consumibles (toner) pero no hay ningún inconveniente.', '0', 0, '0000-00-00 00:00:00', NULL, NULL, 180),
(990, 1168, 'SE ENVÍA CORREO REPORTANDO EL DAÑO', '0', 0, '0000-00-00 00:00:00', NULL, NULL, 125),
(991, 1169, 'De acuerdo al caso no. HD001169, confirmo que el días sábado 20 de septiembre del 2014 se realizó el cambio de los tonners y se realizaron las pruebas del caso. No se generaron novedades.', '0', 0, '0000-00-00 00:00:00', NULL, NULL, 125),
(992, 1170, 'Se realizó la verificacion de la impresora y se realizo la respectiva configuracion,sin novedades.', '0', 0, '0000-00-00 00:00:00', NULL, NULL, 180),
(993, 1171, 'Se efectuó la respectiva revisión del equipo encontrando que los conectores de la diadema se encontraban desconectados,se verifico su funcionamiento sin ninguna novedad.', '0', 0, '0000-00-00 00:00:00', NULL, NULL, 180),
(994, 1172, 'Se realizo el inventario,y se envío el archivo al correo.', '0', 0, '0000-00-00 00:00:00', NULL, NULL, 180),
(995, 1173, '', '0', 0, '0000-00-00 00:00:00', NULL, NULL, 131),
(996, 1174, 'Se realizo la recarga de tinta y se realizaron pruebas de impresión.', '0', 0, '0000-00-00 00:00:00', NULL, NULL, 180),
(997, 1175, 'El día de ayer 23 de septiembre de 2014 en horas de la tarde se realizado el cambio e instalación de la antena de red Wii-fi de la casa Sikorsky que se ubica en el segundo piso, Se realizaron pruebas de funcionamiento y no se generaron novedades. Quedan pendientes los otros cambios programados', '0', 0, '0000-00-00 00:00:00', NULL, NULL, 125),
(998, 1176, 'Se realizo el cambio del teclado en sala de profesores', '0', 0, '0000-00-00 00:00:00', NULL, NULL, 180),
(999, 1177, 'Se realizo la verificación y se aseguro la único canaleta faltante en la casa embraer y de igual manera se adhirió con silicona la que había sido despegada.', '0', 0, '0000-00-00 00:00:00', NULL, NULL, 180),
(1000, 1178, 'Se realiza el reset de cartuchos de la impresora Epson, \n\nSe realiza la impresión de prueba.\n\nSe da por cerrado el caso.', '0', 0, '0000-00-00 00:00:00', NULL, NULL, 131),
(1001, 1179, 'Se configura el acceso directo en el escritorio al escaner en red.\n\nSe da por cerrado el caso', '0', 0, '0000-00-00 00:00:00', NULL, NULL, 131),
(1002, 1181, 'De acuerdo al caso HD001181 sobre el problema que presenta el spark IM, confirmo que se realizó el cambio del programa en el equipo de la Doctora Alba por una versión anterior  y se realizaron pruebas de funcionamiento. No se generaron novedades.', '0', 0, '0000-00-00 00:00:00', NULL, NULL, 125),
(1003, 1182, 'De acuerdo al caso HD001182 que reporta virus en el equipo de Coordinación de bienestar, confirmo que se realizó la revisión del caso y se ejecutó el escaneo de Antivirus para los discos C y D, al finalizar no se encontraron anomalías en el equipo. \n\nRespecto al problema de funcionamiento del SPARK confirmo que se realizó la desinstalación de la versión actual (2.6.3) y se realizó la instalación', '0', 0, '0000-00-00 00:00:00', NULL, NULL, 125),
(1004, 1183, '', '0', 0, '0000-00-00 00:00:00', NULL, NULL, 131),
(1005, 1184, 'Se realizo el desvío de la ext. de acuerdo a lo solicitado.\nSe da por cerrado el caso.', '0', 0, '0000-00-00 00:00:00', NULL, NULL, 131),
(1006, 1185, 'De acuerdo a la solicitud HD001185 que reporta un virus en el equipo, confirmo que se realizó la revisión del equipo, se realizó limpieza del caché y los temporales de los navegadores y se ejecutó el antivirus. No se encontraron anomalías, pero se estará monitoreando para descartar otras anomalías del sistema.', '0', 0, '0000-00-00 00:00:00', NULL, NULL, 125),
(1007, 1186, 'De acuerdo a la solicitud HD001186 reportando el problema que presenta la impresora, confirmo que se realizó la revisión respectiva, se resetearon los cartuchos de tinta, se realizó limpieza de cabezales y se realizaron pruebas de funcionamiento. No se generaron novedades.\n', '0', 0, '0000-00-00 00:00:00', NULL, NULL, 125),
(1008, 1187, '', '0', 0, '0000-00-00 00:00:00', NULL, NULL, 125),
(1009, 1188, '', '0', 0, '0000-00-00 00:00:00', NULL, NULL, 180),
(1010, 1189, '', '0', 0, '0000-00-00 00:00:00', NULL, NULL, 131),
(1011, 1190, 'Se configura nuevamente la impresora.\nSe realizan pruebas de impresión para verificar su funcionamiento.\n\nSe da por cerrado el caso', '0', 0, '0000-00-00 00:00:00', NULL, NULL, 131),
(1012, 1191, 'Se realizo la configuración del correo electrónico.\n\nSe verificó la entrada y salida de correos electrónicos.\n\nSe da por cerrado el caso.', '0', 0, '0000-00-00 00:00:00', NULL, NULL, 131),
(1013, 1192, 'Se realiza la configuración de la impresora de Coordinación de Publicidad. Se da por cerrado el caso', '0', 0, '0000-00-00 00:00:00', NULL, NULL, 131),
(1014, 1194, '', '0', 0, '0000-00-00 00:00:00', NULL, NULL, 131),
(1015, 1195, 'Caso de prueba', '0', 0, '0000-00-00 00:00:00', NULL, NULL, 131),
(1016, 1196, 'Se realiza la revisión del Pc 04  ubicado en biblioteca y se evidencia que el S.O. no esta activado, por lo tanto será retirado en horas de la tarde y así realizar la reparación.', '0', 0, '0000-00-00 00:00:00', NULL, NULL, 180),
(1017, 1197, 'Se revisa  la carpeta de Licencias y no se encuentra alguna disponible, debido a que quien administra las licencias generalmente es el señor Jaime Roberto y el dia de hoy esta en capacitacion,se le  escalara el caso.', '0', 0, '0000-00-00 00:00:00', NULL, NULL, 180),
(1018, 1198, 'Se realiza la recarga de todas la tintas,de igual manera se realizan pruebas de impresión sin novedad.', '0', 0, '0000-00-00 00:00:00', NULL, NULL, 180),
(1019, 1199, 'Se realizo la verificación del caso y se evidencio que el punto de red se encontraba desconectado,se realizaron pruebas de funcionamiento.', '0', 0, '0000-00-00 00:00:00', NULL, NULL, 180),
(1020, 1200, 'Se realizo la verificacion de Ingreso a Internet tambien como el funcionamiento del Audio se realizo la respectiva configuracion y se efectuaron pruebas de funcionamiento sin ninguna novedad.\n', '0', 0, '0000-00-00 00:00:00', NULL, NULL, 180),
(1021, 1201, 'Se realiza la asignación de licencias e instalación de antivirus,se envía correo con el pantallazo del Pc donde se evidencia la fecha, hora y nombre del mismo para evidenciar el funcionamiento sin novedades.', '0', 0, '0000-00-00 00:00:00', NULL, NULL, 180),
(1022, 1202, 'Se brindo soporte siendo las 11:45 debido a que el Pc N° 03 presentaba problemas al iniciar,debido a un apagado inesperado del sistema,se reviso y se realizo la configuración, sin novedades.', '0', 0, '0000-00-00 00:00:00', NULL, NULL, 180),
(1023, 1203, 'Se realizo la verificación de la impresora y se evidencio que el tambor esta dañado y requiere cambio,se configura la impresora y se deja funcional.\nSe realizaron pruebas de impresión.', '0', 0, '0000-00-00 00:00:00', NULL, NULL, 180),
(1024, 1205, 'De acuerdo a la solicitud no. HD001205 sobre la re configuración de los TPZ, confirmo que se realizó la revisión y se configuraron dejándolos como estaban antes del corte de luz. ', '0', 0, '0000-00-00 00:00:00', NULL, NULL, 125),
(1025, 1206, '', '0', 0, '0000-00-00 00:00:00', NULL, NULL, 131),
(1026, 1207, 'Se realiza la revisión de la impresora, se reinician los cartuchos y se realizan pruebas de funcionamiento.', '0', 0, '0000-00-00 00:00:00', NULL, NULL, 180),
(1027, 1208, 'Se realiza la respectiva verificación y se evidencia que los equipos 09 y 11 no presentan ningún inconveniente el 13 tenia el cable de red desconectado y se revisan las diademas evidenciando que los conectores no hacían buen contacto con el pc,se arreglaron estos inconvenientes y todos los pc estan funcionando correctamente', '0', 0, '0000-00-00 00:00:00', NULL, NULL, 180),
(1028, 1209, 'Ya se realizo la solicitud al área de compras.\nse realizara la respectiva entrega una vez llegue el monitor.', '0', 0, '0000-00-00 00:00:00', NULL, NULL, 131),
(1029, 1210, 'jh', '0', 0, '0000-00-00 00:00:00', NULL, NULL, 194),
(1030, 1211, 'De acuerdo a la solicitud HD001211 sobre el envió de un PDF por correo masivo, confirmo que se realizó la revisión y se pasó el archivo a un formato de imagen para ser enviado desde el mismo mensaje de correo, se dio la explicación del proceso realizado y se realizó la prueba de funcionamiento. No se generaron novedades.\n', '0', 0, '0000-00-00 00:00:00', NULL, NULL, 125),
(1031, 1212, 'Se realizo la reinstalacion y activación del paquete de Office, se verifico el correcto funcionamiento.', '0', 0, '0000-00-00 00:00:00', NULL, NULL, 180),
(1032, 1213, 'Se revisó el Pc y se identifico que la falla se presentaba debido al cable de vídeo no hacia buen contacto,se soluciono el inconveniente.', '0', 0, '0000-00-00 00:00:00', NULL, NULL, 180),
(1033, 1214, 'De acuerdo a la solicitud HD001214, respecto a la configuración de la red DIRINDO en los equipo autorizados en Educación continuada, informo que se realizó la configuración de los dispositivos móviles del Doctor Pedro Ravelo, se realizaron pruebas de conectividad y no se generaron errores. ', '0', 0, '0000-00-00 00:00:00', NULL, NULL, 125),
(1034, 1215, 'Se realizo la configuración de imagen debido a que aparecía al contrario,de acuerdo a la revisión de esta mañana el cable esta dañado por la tanto será reemplazado en la medida de la disposición de tiempo ', '0', 0, '0000-00-00 00:00:00', NULL, NULL, 180),
(1035, 1216, 'ya quedo cerrada!!', '0', 0, '0000-00-00 00:00:00', NULL, NULL, 194),
(1036, 1217, 'De acuerdo a la revisión que se le realizó al Pc se identificó un problema al parecer con la BIOS, se realizaron las respectivas pruebas de funcionamiento.\nEl equipo será devuelto por Garantía, se asignará un computador portátil temporalmente según lo conversado con Cristian y Jaime.\nSe le realizará seguimiento a este caso.\n', '0', 0, '0000-00-00 00:00:00', NULL, NULL, 180),
(1037, 1218, 'Se realiza el reset de los cartuchos de la impresora.\n\nSe da por cerrado el caso', '0', 0, '0000-00-00 00:00:00', NULL, NULL, 131),
(1038, 1219, 'De acuerdo a lo programado, aprovechando el espacio que había desde las 11:00 hasta las 13:00 y en compañía de Jefferson Flórez, se realizó el reemplazo del cable HDMI ubicado en el salón 17,  se aseguró la canaleta , se realizaron pruebas de funcionamiento del equipo y del Video Beam y no presento fallas en su funcionamiento.', '0', 0, '0000-00-00 00:00:00', NULL, NULL, 125),
(1039, 1220, 'De acuerdo a la solicitud HD001220, sobre el cambio de tonner de la impresora ubicada en la oficina de dirección contable, confirmo que se realizó el cambio del consumible y se realizaron pruebas de funcionamiento. No se generaron novedades.', '0', 0, '0000-00-00 00:00:00', NULL, NULL, 125),
(1040, 1221, 'De acuerdo a la solicitud se asignó el caso HD001221, se realizó la verificación del equipo y se realizó el siguiente proceso:\n\n-	Limpieza de Caches y temporales de los navegadores.\n-	Verificación de la existencia de software malicioso instalado en el equipo.\n-	Desactivación del Windows Update.\n-	Verificación por medio del antivirus de la existencia de alguna amenaza en el equipo, no se encon', '0', 0, '0000-00-00 00:00:00', NULL, NULL, 125),
(1041, 1222, 'Se realizó el retiro e instalación de las nuevas impresoras, se verifico el funcionamiento y se realizaron pruebas de impresión.', '0', 0, '0000-00-00 00:00:00', NULL, NULL, 180),
(1042, 1223, '', '0', 0, '0000-00-00 00:00:00', NULL, NULL, 131),
(1043, 1226, 'Se cierra el caso de prueba', '0', 0, '0000-00-00 00:00:00', NULL, NULL, 125),
(1044, 1227, 'De acuerdo al caso HD001227, sobre el envió de correos superiores a 15 mb, confirmo que después de verificar de nuevo con Jeison Espinosa, me confirma que el erro se presenta en el correo de destinatario y no en la salida del nuestro, a lo cual se cierra el caso.', '0', 0, '0000-00-00 00:00:00', NULL, NULL, 125),
(1045, 1228, 'De acuerdo a la solicitud HD001228, sobre el problema que presenta el teclado, confirmo que después de realizar la verificación se efectuó el cambio del elemento puesto que ya presentaba algunas fallas en su funcionamiento, se dejó configurado, se realizaron las pruebas de funcionamiento y no se generaron novedades.', '0', 0, '0000-00-00 00:00:00', NULL, NULL, 125),
(1046, 1229, 'De acuerdo a lo solicitado se realizo el cambio de información en la intranet antigua y nueva.\n\nSe da por cerrado el caso.', '0', 0, '0000-00-00 00:00:00', NULL, NULL, 131),
(1047, 1230, 'Se realizo la entrega del portatil funcionando correctamente con cargador', '0', 0, '0000-00-00 00:00:00', NULL, NULL, 180),
(1048, 1231, 'Se realiza la instalación de acuerdo a lo solicitado (ver correo Electrónico)Se da por cerrado el caso', '0', 0, '0000-00-00 00:00:00', NULL, NULL, 131),
(1103, 1210, 'jh', '1', 0, '2014-10-14 12:31:19', '2014-10-14 12:31:19', NULL, 174),
(1285, 1442, 'ya la cerre!!!', '0', 1, NULL, NULL, NULL, 194),
(1286, 1442, 'ya la cerre!!!', '1', 2, '2014-10-22 14:39:35', '2014-10-22 14:39:35', NULL, 174),
(1287, 1443, 'cerrado!!', '0', 1, NULL, NULL, NULL, 194),
(1291, 1443, 'cerrado!!', '1', 2, '2014-10-22 15:18:36', '2014-10-22 15:18:36', NULL, 174),
(1292, 1444, 'asdf', '0', 0, NULL, NULL, NULL, 194),
(1293, 1445, 'Soporte Anulado por el usuario', '0', 0, NULL, NULL, NULL, 132),
(1294, 1446, 'Soporte Anulado por el usuario', '0', 0, NULL, NULL, NULL, 132),
(1295, 1447, 'Soporte Anulado por el usuario', '0', 0, NULL, NULL, NULL, 132),
(1296, 1448, 'Soporte Anulado por el usuario', '0', 0, NULL, NULL, NULL, 132),
(1297, 1449, 'Soporte Anulado por el usuario', '0', 0, NULL, NULL, NULL, 132),
(1298, 1450, 'Soporte Anulado por el usuario', '0', 0, NULL, NULL, NULL, 132),
(1299, 1451, 'Soporte Anulado por el usuario', '0', 0, NULL, NULL, NULL, 132),
(1300, 1452, 'rechazado!', '0', 0, NULL, NULL, NULL, 174),
(1301, 1453, 'Se recuperaron todos los correos sin problema.', '0', 0, NULL, NULL, NULL, 180),
(1302, 1454, '', '0', 0, NULL, NULL, NULL, 131),
(1303, 1455, 'la atiendo', '0', 1, NULL, NULL, NULL, 180),
(1304, 1456, 'Soporte Anulado por el usuario', '0', 0, NULL, NULL, NULL, 132),
(1305, 1457, 'Soporte Anulado por el usuario', '0', 0, NULL, NULL, NULL, 132),
(1306, 1455, 'la atiendo', '1', 2, '2014-10-24 11:46:50', '2014-10-24 11:46:50', NULL, 194),
(1307, 1458, 'Su solicitud aún no tiene un técnico asignado', '0', 0, NULL, NULL, NULL, NULL);

-- --------------------------------------------------------

--
-- Estructura de tabla para la tabla `teachers`
--

CREATE TABLE IF NOT EXISTS `teachers` (
`id` int(11) NOT NULL,
  `states_teacher_id` int(11) NOT NULL,
  `user_id` int(11) NOT NULL
) ENGINE=InnoDB DEFAULT CHARSET=latin1 AUTO_INCREMENT=1 ;

-- --------------------------------------------------------

--
-- Estructura de tabla para la tabla `tracing_pqrs`
--

CREATE TABLE IF NOT EXISTS `tracing_pqrs` (
`id` int(11) NOT NULL,
  `response` text NOT NULL,
  `pqr_id` int(11) NOT NULL,
  `state` int(11) NOT NULL,
  `administrative_id` int(11) NOT NULL,
  `administrative_id1` int(11) NOT NULL,
  `create_at` timestamp NULL DEFAULT NULL,
  `updated_at` timestamp NULL DEFAULT NULL
) ENGINE=InnoDB DEFAULT CHARSET=latin1 AUTO_INCREMENT=1 ;

-- --------------------------------------------------------

--
-- Estructura de tabla para la tabla `type_notifications`
--

CREATE TABLE IF NOT EXISTS `type_notifications` (
`id` int(11) NOT NULL,
  `type` varchar(50) DEFAULT NULL,
  `description` varchar(200) DEFAULT NULL,
  `icon` varchar(45) DEFAULT NULL
) ENGINE=InnoDB  DEFAULT CHARSET=latin1 AUTO_INCREMENT=2 ;

--
-- Volcado de datos para la tabla `type_notifications`
--

INSERT INTO `type_notifications` (`id`, `type`, `description`, `icon`) VALUES
(1, 'Help Desk', 'nuevo soporte', 'icon');

-- --------------------------------------------------------

--
-- Estructura de tabla para la tabla `type_pqrs`
--

CREATE TABLE IF NOT EXISTS `type_pqrs` (
`id` int(11) NOT NULL,
  `name` varchar(45) DEFAULT NULL
) ENGINE=InnoDB DEFAULT CHARSET=latin1 AUTO_INCREMENT=1 ;

-- --------------------------------------------------------

--
-- Estructura de tabla para la tabla `users`
--

CREATE TABLE IF NOT EXISTS `users` (
`id` int(11) NOT NULL,
  `name` varchar(100) NOT NULL,
  `name2` varchar(100) DEFAULT NULL,
  `last_name` varchar(100) NOT NULL,
  `last_name2` varchar(100) DEFAULT NULL,
  `email_institutional` varchar(100) NOT NULL,
  `email` varchar(100) DEFAULT NULL,
  `cell_phone` varchar(30) NOT NULL,
  `address` varchar(150) NOT NULL,
  `password` varchar(250) NOT NULL DEFAULT '$2y$10$MsT4TxxIr6/EnextOTwqyePdq.JTlOMexir0/4cONxNuOaxiVRYgO',
  `phone` int(11) DEFAULT NULL,
  `img` varchar(250) NOT NULL,
  `img_profile` varchar(250) NOT NULL,
  `img_min` varchar(250) NOT NULL,
  `status` int(11) NOT NULL DEFAULT '1',
  `type_document` varchar(45) NOT NULL,
  `document` int(11) NOT NULL,
  `city_id` int(11) NOT NULL,
  `linked` varchar(100) NOT NULL,
  `google` varchar(100) NOT NULL,
  `facebook` varchar(100) NOT NULL,
  `twitter` varchar(100) NOT NULL,
  `skype` varchar(100) NOT NULL,
  `created_at` timestamp NULL DEFAULT NULL,
  `updated_at` timestamp NULL DEFAULT NULL,
  `remember_token` varchar(200) DEFAULT NULL
) ENGINE=InnoDB  DEFAULT CHARSET=latin1 AUTO_INCREMENT=202 ;

--
-- Volcado de datos para la tabla `users`
--

INSERT INTO `users` (`id`, `name`, `name2`, `last_name`, `last_name2`, `email_institutional`, `email`, `cell_phone`, `address`, `password`, `phone`, `img`, `img_profile`, `img_min`, `status`, `type_document`, `document`, `city_id`, `linked`, `google`, `facebook`, `twitter`, `skype`, `created_at`, `updated_at`, `remember_token`) VALUES
(1, 'Justo', 'Hernando', 'Murcia', 'Pulido', 'jmurcia@indoamericana.edu.co', '', '', '', '$2y$10$MsT4TxxIr6/EnextOTwqyePdq.JTlOMexir0/4cONxNuOaxiVRYgO', 0, 'assets/img/profiles/jmurcia.jpg', 'assets/img/profile/jmurcia.jpg', 'assets/img/avatar_small/jmurcia.jpg', 1, 'CC', 123456, 8, '', '', '', '', '', '0000-00-00 00:00:00', '0000-00-00 00:00:00', ''),
(2, 'Lizset', 'Johanna', 'Acosta', 'González', 'lacosta@indoamericana.edu.co', '', '321 370 94 36', '', '$2y$10$MsT4TxxIr6/EnextOTwqyePdq.JTlOMexir0/4cONxNuOaxiVRYgO', 0, 'assets/img/profiles/lacosta.jpg', 'assets/img/profile/lacosta.jpg', 'assets/img/avatar_small/lacosta.jpg', 1, 'CC', 123456, 8, '', '', '', '', '', '0000-00-00 00:00:00', '2014-10-02 19:43:27', 'gy71LmynyIyxBrGWAZqU58nJ11Mv3P6258FLJLf20wYdg0fqnI7Rftbm5Eh5'),
(78, 'María', ' ', 'Ocampo', ' ', 'mocampo@indoamericana.edu.co', '', '311 491 52 07', '', '$2y$10$MsT4TxxIr6/EnextOTwqyePdq.JTlOMexir0/4cONxNuOaxiVRYgO', 0, 'assets/img/profiles/mocampo.jpg', 'assets/img/profile/mocampo.jpg', 'assets/img/avatar_small/mocampo.jpg', 0, 'CC', 123456, 8, '', '', '', '', '', '0000-00-00 00:00:00', '0000-00-00 00:00:00', ''),
(80, 'Corin', 'Dayana', 'Artunduaga', 'Guevara', 'cartunduaga@indoamericana.edu.co', '', '313 408 47 17', '', '$2y$10$MsT4TxxIr6/EnextOTwqyePdq.JTlOMexir0/4cONxNuOaxiVRYgO', 0, 'assets/img/profiles/cartunduaga.jpg', 'assets/img/profile/cartunduaga.jpg', 'assets/img/avatar_small/cartunduaga.jpg', 0, 'CC', 123456, 8, '', '', '', '', '', '0000-00-00 00:00:00', '0000-00-00 00:00:00', ''),
(81, 'Juan', 'David', 'Pérez', 'Moreno', 'jperez@indoamericana.edu.co', '', '315 811 59 24', '', '$2y$10$MsT4TxxIr6/EnextOTwqyePdq.JTlOMexir0/4cONxNuOaxiVRYgO', 0, 'assets/img/profiles/jperez.jpg', 'assets/img/profile/jperez.jpg', 'assets/img/avatar_small/jperez.jpg', 1, 'CC', 123456, 8, '', '', '', '', '', '0000-00-00 00:00:00', '0000-00-00 00:00:00', ''),
(82, 'Magda', 'Jacquelin', 'Serna', 'Duarte', 'jserna@indoamericana.edu.co', '', '311 296 71 23 - 301 390 41 48', '', '$2y$10$MsT4TxxIr6/EnextOTwqyePdq.JTlOMexir0/4cONxNuOaxiVRYgO', 0, 'assets/img/profiles/jserna.jpg', 'assets/img/profile/jserna.jpg', 'assets/img/avatar_small/jserna .jpg', 0, 'CC', 123456, 8, '', '', '', '', '', '0000-00-00 00:00:00', '0000-00-00 00:00:00', ''),
(83, 'Angela', '', 'Sabogal', 'Campos', 'asabogal@indoamericana.edu.co', '', '310 225 59 89', '', '$2y$10$MsT4TxxIr6/EnextOTwqyePdq.JTlOMexir0/4cONxNuOaxiVRYgO', 0, 'assets/img/profiles/asabogal.jpg', 'assets/img/profile/asabogal.jpg', 'assets/img/avatar_small/asabogal.jpg', 1, 'CC', 123456, 8, '', '', '', '', '', '0000-00-00 00:00:00', '0000-00-00 00:00:00', ''),
(84, 'Ruth', '', 'Aponte', 'Sierra', 'raponte@indoamericana.edu.co', '', '313 418 36 10', '', '$2y$10$MsT4TxxIr6/EnextOTwqyePdq.JTlOMexir0/4cONxNuOaxiVRYgO', 0, 'assets/img/profiles/raponte.jpg', 'assets/img/profile/raponte.jpg', 'assets/img/avatar_small/raponte.jpg', 1, 'CC', 123456, 8, '', '', '', '', '', '0000-00-00 00:00:00', '0000-00-00 00:00:00', ''),
(86, 'Omar', 'Hernán', 'Ballen', 'Rincón', 'oballen@indoamericana.edu.co', '', '304 372 20 57 - 313 245 80 15', '', '$2y$10$MsT4TxxIr6/EnextOTwqyePdq.JTlOMexir0/4cONxNuOaxiVRYgO', 0, 'assets/img/profiles/oballen.jpg', 'assets/img/profile/oballen.jpg', 'assets/img/avatar_small/oballen.jpg', 1, 'CC', 123456, 8, '', '', '', '', '', '0000-00-00 00:00:00', '0000-00-00 00:00:00', ''),
(87, 'Harvey', '', 'Caballero', 'Daza', 'hcaballero@indoamericana.edu.co', '', '321 215 70 23', '', '$2y$10$MsT4TxxIr6/EnextOTwqyePdq.JTlOMexir0/4cONxNuOaxiVRYgO', 0, 'assets/img/profiles/hcaballero.jpg', 'assets/img/profile/hcaballero.jpg', 'assets/img/avatar_small/hcaballero .jpg', 1, 'CC', 123456, 8, '', '', '', '', '', '0000-00-00 00:00:00', '0000-00-00 00:00:00', ''),
(88, 'Julián', 'David', 'Cortés', 'Muñoz', 'jcortes@indoamericana.edu.co', '', '300 534 74 10', '', '$2y$10$MsT4TxxIr6/EnextOTwqyePdq.JTlOMexir0/4cONxNuOaxiVRYgO', 0, 'assets/img/profiles/jcortes.jpg', 'assets/img/profile/jcortes.jpg', 'assets/img/avatar_small/jcortes.jpg', 1, 'CC', 123456, 8, '', '', '', '', '', '0000-00-00 00:00:00', '0000-00-00 00:00:00', ''),
(89, 'Claudia', 'Patricia', 'Cortés', 'Parra', 'ccortes@indoamericana.edu.co', '', '320 301 58 99 - 300 681 09 88', '', '$2y$10$MsT4TxxIr6/EnextOTwqyePdq.JTlOMexir0/4cONxNuOaxiVRYgO', 0, 'assets/img/profiles/ccortes.jpg', 'assets/img/profile/ccortes.jpg', 'assets/img/avatar_small/ccortes.jpg', 0, 'CC', 123456, 8, '', '', '', '', '', '0000-00-00 00:00:00', '0000-00-00 00:00:00', ''),
(90, 'Manuel', '', 'Corzo', 'Victor', 'victorcorzo_@indoamericana.edu.co', '', '304 372 20 57 - 321 411 34 03', '', '$2y$10$MsT4TxxIr6/EnextOTwqyePdq.JTlOMexir0/4cONxNuOaxiVRYgO', 0, 'assets/img/profiles/victorcorzo_.jpg', 'assets/img/profile/victorcorzo_.jpg', 'assets/img/avatar_small/victorcorzo_.jpg', 1, 'CC', 123456, 8, '', '', '', '', '', '0000-00-00 00:00:00', '0000-00-00 00:00:00', ''),
(91, 'Roger', '', 'Cuellar', 'Santos', 'rcuellar@indoamericana.edu.co', '', '317 288 69 30', '', '$2y$10$MsT4TxxIr6/EnextOTwqyePdq.JTlOMexir0/4cONxNuOaxiVRYgO', 0, 'assets/img/profiles/rcuellar.jpg', 'assets/img/profile/rcuellar.jpg', 'assets/img/avatar_small/rcuellar.jpg', 1, 'CC', 123456, 8, '', '', '', '', '', '0000-00-00 00:00:00', '0000-00-00 00:00:00', ''),
(92, 'Yeison', 'David', 'Espinosa', 'Torres', 'yespinosa@indoamericana.edu.co', '', '300 278 61 59', '', '$2y$10$MsT4TxxIr6/EnextOTwqyePdq.JTlOMexir0/4cONxNuOaxiVRYgO', 0, 'assets/img/profiles/yespinosa.jpg', 'assets/img/profile/yespinosa.jpg', 'assets/img/avatar_small/yespinosa.jpg', 1, 'CC', 123456, 8, '', '', '', '', '', '0000-00-00 00:00:00', '0000-00-00 00:00:00', ''),
(93, 'Carolina', '', 'Gamba', 'Rojas', 'carolina.gamba@indoamericana.edu.co', '', '310 227 76 69', '', '$2y$10$MsT4TxxIr6/EnextOTwqyePdq.JTlOMexir0/4cONxNuOaxiVRYgO', 0, 'assets/img/profiles/carolina.gamba.jpg', 'assets/img/profile/carolina.gamba.jpg', 'assets/img/avatar_small/carolina.gamba.jpg', 1, 'CC', 123456, 8, '', '', '', '', '', '0000-00-00 00:00:00', '0000-00-00 00:00:00', ''),
(94, 'Oscar', 'Javier', 'Guerrero', 'Vasquez', 'oguerrero@indoamericana.edu.co', '', '313 452 44 24', '', '$2y$10$MsT4TxxIr6/EnextOTwqyePdq.JTlOMexir0/4cONxNuOaxiVRYgO', 0, 'assets/img/profiles/oguerrero.jpg', 'assets/img/profile/oguerrero.jpg', 'assets/img/avatar_small/oguerrero.jpg', 1, 'CC', 123456, 8, '', '', '', '', '', '0000-00-00 00:00:00', '0000-00-00 00:00:00', ''),
(95, 'Oscar', 'Ignacio', 'Guzmán', 'Rojas', 'oguzman@indoamericana.edu.co', '', '314 355 33 64', '', '$2y$10$MsT4TxxIr6/EnextOTwqyePdq.JTlOMexir0/4cONxNuOaxiVRYgO', 0, 'assets/img/profiles/oguzman.jpg', 'assets/img/profile/oguzman.jpg', 'assets/img/avatar_small/oguzman.jpg', 1, 'CC', 123456, 8, '', '', '', '', '', '0000-00-00 00:00:00', '0000-00-00 00:00:00', ''),
(96, 'Aida', 'Patricia', 'Hernández', 'Cubillos', 'ahernandez@indoamericana.edu.co', '', '3154276202', '', '$2y$10$MsT4TxxIr6/EnextOTwqyePdq.JTlOMexir0/4cONxNuOaxiVRYgO', 0, 'assets/img/profiles/ahernandez.jpg', 'assets/img/profile/ahernandez.jpg', 'assets/img/avatar_small/ahernandez.jpg', 1, 'CC', 123456, 8, '', '', '', '', '', '0000-00-00 00:00:00', '0000-00-00 00:00:00', ''),
(97, 'Jesús', 'Antonio', 'Herreño', 'Pinto', 'jherreno@indoamericana.edu.co', '', '310 771 33 02 - 300 768 35 34 ', '', '$2y$10$MsT4TxxIr6/EnextOTwqyePdq.JTlOMexir0/4cONxNuOaxiVRYgO', 0, 'assets/img/profiles/jherreno.jpg', 'assets/img/profile/jherreno.jpg', 'assets/img/avatar_small/jherreno.jpg', 1, 'CC', 123456, 8, '', '', '', '', '', '0000-00-00 00:00:00', '0000-00-00 00:00:00', ''),
(98, 'Alvaro', '', 'Martinez', 'Velasquez', 'alvaromartinez_ve@indoamericana.edu.co', '', '317 576 06 89 - 304 372 20 57', '', '$2y$10$MsT4TxxIr6/EnextOTwqyePdq.JTlOMexir0/4cONxNuOaxiVRYgO', 0, 'assets/img/profiles/alvaromartinez_ve.jpg', 'assets/img/profile/alvaromartinez_ve.jpg', 'assets/img/avatar_small/alvaromartinez_ve.jpg', 1, 'CC', 123456, 8, '', '', '', '', '', '0000-00-00 00:00:00', '0000-00-00 00:00:00', ''),
(99, 'José', 'Gabriel', 'Moreno', 'Cárdenas', 'jmoreno@indoamericana.edu.co', '', '316 283 11 29', '', '$2y$10$MsT4TxxIr6/EnextOTwqyePdq.JTlOMexir0/4cONxNuOaxiVRYgO', 0, 'assets/img/profiles/jmoreno.jpg', 'assets/img/profile/jmoreno.jpg', 'assets/img/avatar_small/jmoreno.jpg', 1, 'CC', 123456, 8, '', '', '', '', '', '0000-00-00 00:00:00', '0000-00-00 00:00:00', ''),
(100, 'Daniel', 'Eduardo', 'Munevar', 'Hinestrosa', 'emunevar@indoamericana.edu.co', '', '313 492 33 15', '', '$2y$10$MsT4TxxIr6/EnextOTwqyePdq.JTlOMexir0/4cONxNuOaxiVRYgO', 0, 'assets/img/profiles/emunevar.jpg', 'assets/img/profile/emunevar.jpg', 'assets/img/avatar_small/emunevar .jpg', 0, 'CC', 123456, 8, '', '', '', '', '', '0000-00-00 00:00:00', '0000-00-00 00:00:00', ''),
(101, 'Arley', 'Mauricio', 'Rivera', 'Arévalo', 'arivera@indoamericana.edu.co', '', '318 362 55 95', '', '$2y$10$MsT4TxxIr6/EnextOTwqyePdq.JTlOMexir0/4cONxNuOaxiVRYgO', 0, 'assets/img/profiles/arivera.jpg', 'assets/img/profile/arivera.jpg', 'assets/img/avatar_small/arivera.jpg', 1, 'CC', 123456, 8, '', '', '', '', '', '0000-00-00 00:00:00', '0000-00-00 00:00:00', ''),
(102, 'Andrea', 'Patricia', 'Vega', 'Torres', 'avega@indoamericana.edu.co', '', '313 263 05 33', '', '$2y$10$MsT4TxxIr6/EnextOTwqyePdq.JTlOMexir0/4cONxNuOaxiVRYgO', 0, 'assets/img/profiles/avega.jpg', 'assets/img/profile/avega.jpg', 'assets/img/avatar_small/avega.jpg', 1, 'CC', 123456, 8, '', '', '', '', '', '0000-00-00 00:00:00', '0000-00-00 00:00:00', ''),
(103, 'Joselyn', '', 'Zárate', 'Giraldo', 'jzarate@indoamericana.edu.co', '', '301 390 41 52', '', '$2y$10$MsT4TxxIr6/EnextOTwqyePdq.JTlOMexir0/4cONxNuOaxiVRYgO', 0, 'assets/img/profiles/jzarate.jpg', 'assets/img/profile/jzarate.jpg', 'assets/img/avatar_small/jzarate.jpg', 1, 'CC', 123456, 8, '', '', '', '', '', '0000-00-00 00:00:00', '0000-00-00 00:00:00', ''),
(104, 'Edgar', 'Alexander', 'Angel', 'Hernández', 'eangel@indoamericana.edu.co', '', '300 212 97 01', '', '$2y$10$MsT4TxxIr6/EnextOTwqyePdq.JTlOMexir0/4cONxNuOaxiVRYgO', 0, 'assets/img/profiles/eangel.jpg', 'assets/img/profile/eangel.jpg', 'assets/img/avatar_small/eangel.jpg', 0, 'CC', 123456, 8, '', '', '', '', '', '0000-00-00 00:00:00', '0000-00-00 00:00:00', ''),
(105, 'Henry', 'Alirio', 'Flórez', 'Rodríguez', 'aflores@indoamericana.edu.co', '', '300 789 61 32', '', '$2y$10$MsT4TxxIr6/EnextOTwqyePdq.JTlOMexir0/4cONxNuOaxiVRYgO', 0, 'assets/img/profiles/aflores.jpg', 'assets/img/profile/aflores.jpg', 'assets/img/avatar_small/aflores.jpg', 1, 'CC', 123456, 8, '', '', '', '', '', '0000-00-00 00:00:00', '0000-00-00 00:00:00', ''),
(106, 'Claudia', 'Marcela', 'Quiñonez', 'Rubiano', 'cquinonez@indoamericana.edu.co', '', '320 284 54 80', '', '$2y$10$MsT4TxxIr6/EnextOTwqyePdq.JTlOMexir0/4cONxNuOaxiVRYgO', 0, 'assets/img/profiles/cquinonez.jpg', 'assets/img/profile/cquinonez.jpg', 'assets/img/avatar_small/cquinonez.jpg', 1, 'CC', 123456, 8, '', '', '', '', '', '0000-00-00 00:00:00', '0000-00-00 00:00:00', ''),
(107, 'Jose', 'Dario', 'Ballen', 'Cortes', 'j_ballen@indoamericana.edu.co', '', '301 390 41 55', '', '$2y$10$MsT4TxxIr6/EnextOTwqyePdq.JTlOMexir0/4cONxNuOaxiVRYgO', 0, 'assets/img/profiles/j_ballen.jpg', 'assets/img/profile/j_ballen.jpg', 'assets/img/avatar_small/j_ballen.jpg', 1, 'CC', 123456, 8, '', '', '', '', '', '0000-00-00 00:00:00', '0000-00-00 00:00:00', ''),
(108, 'Hector', 'Alfonso', 'Ballen', 'Pulido', 'hballen@indoamericana.edu.co', '', '320 429 93 49 - 300 551 04 72 ', '', '$2y$10$MsT4TxxIr6/EnextOTwqyePdq.JTlOMexir0/4cONxNuOaxiVRYgO', 0, 'assets/img/profiles/hballen.jpg', 'assets/img/profile/hballen.jpg', 'assets/img/avatar_small/hballen.jpg', 1, 'CC', 123456, 8, '', '', '', '', '', '0000-00-00 00:00:00', '0000-00-00 00:00:00', ''),
(109, 'Milena', 'Astrid', 'Bernal', 'Panadero', 'mbernal@indoamericana.edu.co', '', '313 834 98 14', '', '$2y$10$MsT4TxxIr6/EnextOTwqyePdq.JTlOMexir0/4cONxNuOaxiVRYgO', 0, 'assets/img/profiles/mbernal.jpg', 'assets/img/profile/mbernal.jpg', 'assets/img/avatar_small/mbernal.jpg', 1, 'CC', 123456, 8, '', '', '', '', '', '0000-00-00 00:00:00', '0000-00-00 00:00:00', ''),
(110, 'John', 'Freddy', 'Cantor', 'Leguízamo', 'fcantor@indoamericana.edu.co', '', '316 492 24 84', 'CALLE 49 D BIS SUR N°  5 N 15 ', '$2y$10$MsT4TxxIr6/EnextOTwqyePdq.JTlOMexir0/4cONxNuOaxiVRYgO', 8104327, 'assets/img/profiles/fcantor.jpg', 'assets/img/profile/fcantor.jpg', 'assets/img/avatar_small/fcantor.jpg', 1, 'CC', 123456, 8, '', '', '', '', '', '0000-00-00 00:00:00', '0000-00-00 00:00:00', ''),
(111, 'Dinah', 'Luz', 'Causil', 'Peñate', 'dinac@indoamericana.edu.co', '', '301 371 30 26 - 301 712 01 92', '', '$2y$10$MsT4TxxIr6/EnextOTwqyePdq.JTlOMexir0/4cONxNuOaxiVRYgO', 0, 'assets/img/profiles/dinac.jpg', 'assets/img/profile/dinac.jpg', 'assets/img/avatar_small/dinac.jpg', 1, 'CC', 123456, 8, '', '', '', '', '', '0000-00-00 00:00:00', '0000-00-00 00:00:00', ''),
(112, 'Olga', 'Lucia', 'Chaparro', 'Martínez', 'ochaparro@indoamericana.edu.co', '', '320 819 58 39', '', '$2y$10$MsT4TxxIr6/EnextOTwqyePdq.JTlOMexir0/4cONxNuOaxiVRYgO', 0, 'assets/img/profiles/ochaparro.jpg', 'assets/img/profile/ochaparro.jpg', 'assets/img/avatar_small/ochaparro.jpg', 1, 'CC', 123456, 8, '', '', '', '', '', '0000-00-00 00:00:00', '0000-00-00 00:00:00', ''),
(113, 'Wilson', '', 'Hernández', 'Rodríguez', 'whernandez@indoamericana.edu.co', '', '312 444 41 64', '', '$2y$10$MsT4TxxIr6/EnextOTwqyePdq.JTlOMexir0/4cONxNuOaxiVRYgO', 4804455, 'assets/img/profiles/whernandez.jpg', 'assets/img/profile/whernandez.jpg', 'assets/img/avatar_small/whernandez.jpg', 1, 'CC', 123456, 8, '', '', '', '', '', '0000-00-00 00:00:00', '0000-00-00 00:00:00', ''),
(114, 'Pedro', 'Eduardo', 'Pinto', 'Caicedo', 'ppinto@indoamericana.edu.co', '', '317 658 81 13', '', '$2y$10$MsT4TxxIr6/EnextOTwqyePdq.JTlOMexir0/4cONxNuOaxiVRYgO', 0, 'assets/img/profiles/ppinto.jpg', 'assets/img/profile/ppinto.jpg', 'assets/img/avatar_small/ppinto .jpg', 1, 'CC', 123456, 8, '', '', '', '', '', '0000-00-00 00:00:00', '0000-00-00 00:00:00', ''),
(115, 'Angélica', '', 'Puerto', 'Sánchez', 'apuerto@indoamericana.edu.co', '', '316 308 05 31', '', '$2y$10$MsT4TxxIr6/EnextOTwqyePdq.JTlOMexir0/4cONxNuOaxiVRYgO', 0, 'assets/img/profiles/apuerto.jpg', 'assets/img/profile/apuerto.jpg', 'assets/img/avatar_small/apuerto.jpg', 1, 'CC', 123456, 8, '', '', '', '', '', '0000-00-00 00:00:00', '0000-00-00 00:00:00', ''),
(116, 'John', 'Alexander', 'Suarez', 'Avendaño', 'jsuarez@indoamericana.edu.co', '', '313 253 93 99 - 311 281 07 38', '', '$2y$10$MsT4TxxIr6/EnextOTwqyePdq.JTlOMexir0/4cONxNuOaxiVRYgO', 0, 'assets/img/profiles/jsuarez.jpg', 'assets/img/profile/jsuarez.jpg', 'assets/img/avatar_small/jsuarez.jpg', 1, 'CC', 123456, 8, '', '', '', '', '', '0000-00-00 00:00:00', '0000-00-00 00:00:00', ''),
(117, 'Shirley', 'Janneth', 'Zárate', 'Giraldo', 'szarate@indoamericana.edu.co', '', '301 390 41 47', '', '$2y$10$MsT4TxxIr6/EnextOTwqyePdq.JTlOMexir0/4cONxNuOaxiVRYgO', 0, 'assets/img/profiles/szarate.jpg', 'assets/img/profile/szarate.jpg', 'assets/img/avatar_small/szarate.jpg', 1, 'CC', 123456, 8, '', '', '', '', '', '0000-00-00 00:00:00', '0000-00-00 00:00:00', ''),
(118, 'Armando', '', 'Fonseca', 'Diego', 'dfonseca@indoamericana.edu.co', '', '318 376 74 41', '', '$2y$10$MsT4TxxIr6/EnextOTwqyePdq.JTlOMexir0/4cONxNuOaxiVRYgO', 0, 'assets/img/profiles/dfonseca.jpg', 'assets/img/profile/dfonseca.jpg', 'assets/img/avatar_small/dfonseca.jpg', 1, 'CC', 123456, 8, '', '', '', '', '', '0000-00-00 00:00:00', '0000-00-00 00:00:00', ''),
(119, 'Johany', 'Augusto', 'Hurtado', 'Chala', 'jhurtado@indoamericana.edu.co', '', '317 681 29 09', '', '$2y$10$MsT4TxxIr6/EnextOTwqyePdq.JTlOMexir0/4cONxNuOaxiVRYgO', 0, 'assets/img/profiles/jhurtado.jpg', 'assets/img/profile/jhurtado.jpg', 'assets/img/avatar_small/jhurtado.jpg', 1, 'CC', 123456, 8, '', '', '', '', '', '0000-00-00 00:00:00', '0000-00-00 00:00:00', ''),
(120, 'Nohemi', '', 'Mahecha', 'Ruiz', 'nmahecha@indoamericana.edu.co', '', '312 416 06 65', '', '$2y$10$MsT4TxxIr6/EnextOTwqyePdq.JTlOMexir0/4cONxNuOaxiVRYgO', 0, 'assets/img/profiles/nmahecha.jpg', 'assets/img/profile/nmahecha.jpg', 'assets/img/avatar_small/nmahecha.jpg', 1, 'CC', 123456, 8, '', '', '', '', '', '0000-00-00 00:00:00', '0000-00-00 00:00:00', ''),
(121, 'Angela', 'Beatriz', 'Medina', 'Bernal', 'amedina@indoamericana.edu.co', '', '311 853 45 63', '', '$2y$10$MsT4TxxIr6/EnextOTwqyePdq.JTlOMexir0/4cONxNuOaxiVRYgO', 0, 'assets/img/profiles/amedina.jpg', 'assets/img/profile/amedina.jpg', 'assets/img/avatar_small/amedina.jpg', 1, 'CC', 123456, 8, '', '', '', '', '', '0000-00-00 00:00:00', '0000-00-00 00:00:00', ''),
(122, 'Fredy', '', 'Monroy', 'Rodriguez', 'f_monroy@indoamericana.edu.co', '', '3114917266', '', '$2y$10$MsT4TxxIr6/EnextOTwqyePdq.JTlOMexir0/4cONxNuOaxiVRYgO', 0, 'assets/img/profiles/f_monroy.jpg', 'assets/img/profile/f_monroy.jpg', 'assets/img/avatar_small/f_monroy.jpg', 0, 'CC', 123456, 8, '', '', '', '', '', '0000-00-00 00:00:00', '0000-00-00 00:00:00', ''),
(123, 'Wilson', '', 'Poveda', 'Cañon', 'wpoveda@indoamericana.edu.co', '', '311 471 81 23', '', '$2y$10$MsT4TxxIr6/EnextOTwqyePdq.JTlOMexir0/4cONxNuOaxiVRYgO', 0, 'assets/img/profiles/wpoveda.jpg', 'assets/img/profile/wpoveda.jpg', 'assets/img/avatar_small/wpoveda.jpg', 1, 'CC', 123456, 8, '', '', '', '', '', '0000-00-00 00:00:00', '0000-00-00 00:00:00', ''),
(124, 'Cristiam', 'Yuan', 'Rey', 'Torres', 'crey@indoamericana.edu.co', '', '314 442 22 63', '', '$2y$10$MsT4TxxIr6/EnextOTwqyePdq.JTlOMexir0/4cONxNuOaxiVRYgO', 0, 'assets/img/profiles/crey.jpg', 'assets/img/profile/crey.jpg', 'assets/img/avatar_small/crey.jpg', 1, 'CC', 123456, 8, '', '', '', '', '', '0000-00-00 00:00:00', '0000-00-00 00:00:00', ''),
(125, 'Jaime', 'Andrés', 'Roberto', 'Tabares', 'jroberto@indoamericana.edu.co', '', '3143254606', '', '$2y$10$MsT4TxxIr6/EnextOTwqyePdq.JTlOMexir0/4cONxNuOaxiVRYgO', 0, 'assets/img/profiles/jroberto.jpg', 'assets/img/profile/jroberto.jpg', 'assets/img/avatar_small/jroberto.jpg', 1, 'CC', 123456, 8, '', '', '', '', '', '0000-00-00 00:00:00', '2014-10-24 17:27:21', 'HXe9UBEoqMC2bUHBaOBQr4Dm4HqOHGPkPlqwKvhvzRPk1sr2TdcoyBqHYOZ2'),
(126, 'Jimmy', 'Alcibiades', 'Fonseca', 'Rengifo', 'jfonseca@indoamericana.edu.co', '', '3163390186', '', '$2y$10$MsT4TxxIr6/EnextOTwqyePdq.JTlOMexir0/4cONxNuOaxiVRYgO', 0, 'assets/img/profiles/jfonseca.jpg', 'assets/img/profile/jfonseca.jpg', 'assets/img/avatar_small/jfonseca.jpg', 1, 'CC', 123456, 8, '', '', '', '', '', '0000-00-00 00:00:00', '0000-00-00 00:00:00', ''),
(127, 'Alexander', '', 'González', 'Tello', 'agonzalez@indoamericana.edu.co', '', '3013366038', '', '$2y$10$MsT4TxxIr6/EnextOTwqyePdq.JTlOMexir0/4cONxNuOaxiVRYgO', 0, 'assets/img/profiles/agonzalez.jpg', 'assets/img/profile/agonzalez.jpg', 'assets/img/avatar_small/agonzalez.jpg', 1, 'CC', 123456, 8, '', '', '', '', '', '0000-00-00 00:00:00', '2014-10-16 22:34:35', 'dBsYspEwctMksH7Woseh3K4xkaHaLxApKVPLfq5gps5pzFOL6kN2kQukuRWW'),
(128, 'Deiby', 'Armando', 'Sierra', 'Monroy', 'dsierra@indoamericana.edu.co', '', '3204974133', '', '$2y$10$MsT4TxxIr6/EnextOTwqyePdq.JTlOMexir0/4cONxNuOaxiVRYgO', 0, 'assets/img/profiles/dsierra.jpg', 'assets/img/profile/dsierra.jpg', 'assets/img/avatar_small/dsierra.jpg', 0, 'CC', 123456, 8, '', '', '', '', '', '0000-00-00 00:00:00', '0000-00-00 00:00:00', ''),
(129, 'Edwin', 'Alexander', 'Ibañez', 'Rodríguez', 'eibanez@indoamericana.edu.co', '', '3118625354', '', '$2y$10$MsT4TxxIr6/EnextOTwqyePdq.JTlOMexir0/4cONxNuOaxiVRYgO', 0, 'assets/img/profiles/eibanez.jpg', 'assets/img/profile/eibanez.jpg', 'assets/img/avatar_small/eibanez.jpg', 1, 'CC', 123456, 8, '', '', '', '', '', '0000-00-00 00:00:00', '2014-10-22 19:31:36', '3wDRWBvizlNTT6M2KeJQXlCW8p04lD2pq2hP6LJiyXFcas5p5REZaf2Asvpn'),
(130, 'Saidy', 'Nayarith', 'Alonso', 'Ardila', 'salonso@indoamericana.edu.co', '', '3107841532', '', '$2y$10$MsT4TxxIr6/EnextOTwqyePdq.JTlOMexir0/4cONxNuOaxiVRYgO', 0, 'assets/img/profiles/salonso.jpg', 'assets/img/profile/salonso.jpg', 'assets/img/avatar_small/salonso.jpg', 0, 'CC', 123456, 8, '', '', '', '', '', '0000-00-00 00:00:00', '0000-00-00 00:00:00', ''),
(131, 'Cristian', 'Alejandro', 'Hernández', 'Barrera', 'chernandez@indoamericana.edu.co', 'cristian_h21@hotmail.com', '3015319747', '', '$2y$10$MsT4TxxIr6/EnextOTwqyePdq.JTlOMexir0/4cONxNuOaxiVRYgO', 0, 'assets/img/profiles/chernandez.jpg', 'assets/img/profile/chernandez.jpg', 'assets/img/avatar_small/chernandez.jpg', 1, 'CC', 123456, 8, '', '', '', '', '', '0000-00-00 00:00:00', '2014-10-23 19:59:23', '4IRHNMAWNtjrXkKSGqtU4wPZQSJzXg5uAywcYjh2uNvxFr8hZTVFAHatLiOb'),
(132, 'Daniel', 'Andrés', 'Zárate', 'Giraldo', 'dzarate@indoamericana.edu.co', 'daniel.andres.zarate@gmail.com', '3013809957', 'Transversal 34A 41 36 sur int 5 apto 102', '$2y$10$Bxx32R.0bYO21efI3ywrjO.F2s.mPospemrvqsV0wOji.g1CXTtJC', 3239750, 'assets/img/profiles/dzarate.jpg', 'assets/img/profile/dzarate.jpg', 'assets/img/avatar_small/dzarate.jpg', 1, 'CC', 123456, 8, '', '', '', '', '', '0000-00-00 00:00:00', '2014-10-24 19:01:38', 'xOzUHEbASF4A5N4i7SoPvSN0JtmrqVWpEmrO1rzaAb8TnME61e5wr5CCtsPP'),
(133, 'Fernando', '', 'Calderon', 'José', 'f_calderon@indoamericana.edu.co', '', '300 480 98 35', '', '$2y$10$MsT4TxxIr6/EnextOTwqyePdq.JTlOMexir0/4cONxNuOaxiVRYgO', 0, 'assets/img/profiles/f_calderon.jpg', 'assets/img/profile/f_calderon.jpg', 'assets/img/avatar_small/f_calderon.jpg', 1, 'CC', 123456, 8, '', '', '', '', '', '0000-00-00 00:00:00', '0000-00-00 00:00:00', ''),
(134, 'Germán', '', 'Coronado', 'Ojeda', 'german.coronado@indoamericana.edu.co', '', '313 841 25 18', '', '$2y$10$MsT4TxxIr6/EnextOTwqyePdq.JTlOMexir0/4cONxNuOaxiVRYgO', 0, 'assets/img/profiles/german.coronado.jpg', 'assets/img/profile/german.coronado.jpg', 'assets/img/avatar_small/german.coronado.jpg', 1, 'CC', 123456, 8, '', '', '', '', '', '0000-00-00 00:00:00', '0000-00-00 00:00:00', ''),
(135, 'German', 'Antonio', 'Moreno', 'Vargas', 'gmoreno@indoamericana.edu.co', '', '3117064356', '', '$2y$10$MsT4TxxIr6/EnextOTwqyePdq.JTlOMexir0/4cONxNuOaxiVRYgO', 0, 'assets/img/profiles/g_moreno.jpg', 'assets/img/profile/g_moreno.jpg', 'assets/img/avatar_small/g_moreno.jpg', 1, 'CC', 123456, 8, '', '', '', '', '', '0000-00-00 00:00:00', '0000-00-00 00:00:00', ''),
(136, 'Claudio', 'José', 'Posada', 'Quiroga', 'cposada@indoamericana.edu.co', '', '310 299 67 85 - 301 448 90 64', '', '$2y$10$MsT4TxxIr6/EnextOTwqyePdq.JTlOMexir0/4cONxNuOaxiVRYgO', 0, 'assets/img/profiles/cposada.jpg', 'assets/img/profile/cposada.jpg', 'assets/img/avatar_small/cposada.jpg', 1, 'CC', 123456, 8, '', '', '', '', '', '0000-00-00 00:00:00', '0000-00-00 00:00:00', ''),
(137, 'Jeisson', 'Javier', 'Ramos', 'Boya', 'j_ramos@indoamericana.edu.co', '', '320 213 94 95', '', '$2y$10$MsT4TxxIr6/EnextOTwqyePdq.JTlOMexir0/4cONxNuOaxiVRYgO', 0, 'assets/img/profiles/g_moreno.jpg', 'assets/img/profile/g_moreno.jpg', 'assets/img/avatar_small/g_moreno.jpg', 0, 'CC', 123456, 8, '', '', '', '', '', '0000-00-00 00:00:00', '0000-00-00 00:00:00', ''),
(138, 'Alberto', '', 'Real', 'Hugo', 'hugo.real@indoamericana.edu.co', '', '311 520 92 66', '', '$2y$10$MsT4TxxIr6/EnextOTwqyePdq.JTlOMexir0/4cONxNuOaxiVRYgO', 0, 'assets/img/profiles/hugo.real.jpg', 'assets/img/profile/hugo.real.jpg', 'assets/img/avatar_small/hugo.real.jpg', 1, 'CC', 123456, 8, '', '', '', '', '', '0000-00-00 00:00:00', '0000-00-00 00:00:00', ''),
(139, 'Florencio', '', 'Rios', 'López', 'florencio.rios@indoamericana.edu.co', '', '317 803 06 20', '', '$2y$10$MsT4TxxIr6/EnextOTwqyePdq.JTlOMexir0/4cONxNuOaxiVRYgO', 0, 'assets/img/profiles/florencio.rios.jpg', 'assets/img/profile/florencio.rios.jpg', 'assets/img/avatar_small/florencio.rios .jpg', 1, 'CC', 123456, 8, '', '', '', '', '', '0000-00-00 00:00:00', '0000-00-00 00:00:00', ''),
(140, 'Hernando', '', 'Rodríguez', ' ', 'hernando.rodriguez@indoamericana.edu.co', '', '310 810 56 41', '', '$2y$10$MsT4TxxIr6/EnextOTwqyePdq.JTlOMexir0/4cONxNuOaxiVRYgO', 0, 'assets/img/profiles/hernando.rodriguez.jpg', 'assets/img/profile/hernando.rodriguez.jpg', 'assets/img/avatar_small/hernando.rodriguez .jpg', 1, 'CC', 123456, 8, '', '', '', '', '', '0000-00-00 00:00:00', '0000-00-00 00:00:00', ''),
(141, 'Hector', 'Uriel', 'Rojas', 'Saldaña', 'h_rojas@indoamericana.edu.co', '', '300 703 45 29', '', '$2y$10$MsT4TxxIr6/EnextOTwqyePdq.JTlOMexir0/4cONxNuOaxiVRYgO', 0, 'assets/img/profiles/h_rojas.jpg', 'assets/img/profile/h_rojas.jpg', 'assets/img/avatar_small/h_rojas.jpg', 0, 'CC', 123456, 8, '', '', '', '', '', '0000-00-00 00:00:00', '0000-00-00 00:00:00', ''),
(142, 'Daniel', '', 'Sabogal', 'Gualteros', 'daniel.sabogal@indoamericana.edu.co', '', '314 343 30 21', '', '$2y$10$MsT4TxxIr6/EnextOTwqyePdq.JTlOMexir0/4cONxNuOaxiVRYgO', 0, 'assets/img/profiles/daniel.sabogal.jpg', 'assets/img/profile/daniel.sabogal.jpg', 'assets/img/avatar_small/daniel.sabogal .jpg', 1, 'CC', 123456, 8, '', '', '', '', '', '0000-00-00 00:00:00', '0000-00-00 00:00:00', ''),
(143, 'Wilson', 'Merardo', 'Sánchez', 'Duarte', 'w_sanchez@indoamericana.edu.co', '', '314 246 42 73', '', '$2y$10$MsT4TxxIr6/EnextOTwqyePdq.JTlOMexir0/4cONxNuOaxiVRYgO', 0, 'assets/img/profiles/w_sanchez.jpg', 'assets/img/profile/w_sanchez.jpg', 'assets/img/avatar_small/w_sanchez.jpg', 1, 'CC', 123456, 8, '', '', '', '', '', '0000-00-00 00:00:00', '0000-00-00 00:00:00', ''),
(144, 'Carlos', 'Alberto', 'Torres', 'Torres', 'ctorres@indoamericana.edu.co', '', '320 284 29 60', '', '$2y$10$MsT4TxxIr6/EnextOTwqyePdq.JTlOMexir0/4cONxNuOaxiVRYgO', 0, 'assets/img/profiles/ctorres.jpg', 'assets/img/profile/ctorres.jpg', 'assets/img/avatar_small/ctorres.jpg', 1, 'CC', 123456, 8, '', '', '', '', '', '0000-00-00 00:00:00', '0000-00-00 00:00:00', ''),
(145, 'Alba', 'Janneth', 'Castañeda', 'Parra', 'acastaneda@indoamericana.edu.co', '', '301 689 21 80', '', '$2y$10$MsT4TxxIr6/EnextOTwqyePdq.JTlOMexir0/4cONxNuOaxiVRYgO', 0, 'assets/img/profiles/acastaneda.jpg', 'assets/img/profile/acastaneda.jpg', 'assets/img/avatar_small/acastaneda .jpg', 1, 'CC', 123456, 8, '', '', '', '', '', '0000-00-00 00:00:00', '0000-00-00 00:00:00', ''),
(146, 'Jeraldi', 'Andrea', 'Leiva', 'Rivera', 'jleiva@indoamericana.edu.co', '', '321 219 57 63', '', '$2y$10$MsT4TxxIr6/EnextOTwqyePdq.JTlOMexir0/4cONxNuOaxiVRYgO', 0, 'assets/img/profiles/jleiva.jpg', 'assets/img/profile/jleiva.jpg', 'assets/img/avatar_small/jleiva .jpg', 0, 'CC', 123456, 8, '', '', '', '', '', '0000-00-00 00:00:00', '0000-00-00 00:00:00', ''),
(147, 'Ruben', 'Dario', 'Paredes', 'Hernández', 'rparedes@indoamericana.edu.co', '', '321 447 52 81', '', '$2y$10$MsT4TxxIr6/EnextOTwqyePdq.JTlOMexir0/4cONxNuOaxiVRYgO', 0, 'assets/img/profiles/rparedes.jpg', 'assets/img/profile/rparedes.jpg', 'assets/img/avatar_small/rparedes.jpg', 0, 'CC', 123456, 8, '', '', '', '', '', '0000-00-00 00:00:00', '0000-00-00 00:00:00', ''),
(148, 'Ingrid', 'Carolina', 'Ramos', 'Sepulveda', 'iramos@indoamericana.edu.co', '', '320 452 62 09', '', '$2y$10$MsT4TxxIr6/EnextOTwqyePdq.JTlOMexir0/4cONxNuOaxiVRYgO', 0, 'assets/img/profiles/iramos.jpg', 'assets/img/profile/iramos.jpg', 'assets/img/avatar_small/iramos .jpg', 0, 'CC', 123456, 8, '', '', '', '', '', '0000-00-00 00:00:00', '0000-00-00 00:00:00', ''),
(149, 'Ronald', 'Reinaldo', 'Serna', 'Duarte', 'rserna@indoamericana.edu.co', '', '311 213 47 24', '', '$2y$10$MsT4TxxIr6/EnextOTwqyePdq.JTlOMexir0/4cONxNuOaxiVRYgO', 0, 'assets/img/profiles/rserna.jpg', 'assets/img/profile/rserna.jpg', 'assets/img/avatar_small/rserna .jpg', 0, 'CC', 123456, 8, '', '', '', '', '', '0000-00-00 00:00:00', '0000-00-00 00:00:00', ''),
(150, 'Angelica', 'Patricia', 'Villamil', 'Garzón', 'avillamil@indoamericana.edu.co', '', '301 506 06 07', '', '$2y$10$MsT4TxxIr6/EnextOTwqyePdq.JTlOMexir0/4cONxNuOaxiVRYgO', 0, 'assets/img/profiles/avillamil.jpg', 'assets/img/profile/avillamil.jpg', 'assets/img/avatar_small/avillamil.jpg', 1, 'CC', 123456, 8, '', '', '', '', '', '0000-00-00 00:00:00', '0000-00-00 00:00:00', ''),
(152, 'Emma', 'Emira', 'Carrion', 'Rodríguez', 'ecarrion@indoamericana.edu.co', '', '3175735924', '', '$2y$10$MsT4TxxIr6/EnextOTwqyePdq.JTlOMexir0/4cONxNuOaxiVRYgO', 0, 'assets/img/profiles/ecarrion.jpg', 'assets/img/profile/ecarrion.jpg', 'assets/img/avatar_small/ecarrion.jpg', 1, 'CC', 123456, 8, '', '', '', '', '', '0000-00-00 00:00:00', '0000-00-00 00:00:00', ''),
(153, 'Pedro', 'Miguel', 'Ravelo', 'Peréz', 'pravelo@indoamericana.edu.co', '', ' 300 648 9792', 'Carrera 21 No. 35-42', '$2y$10$MsT4TxxIr6/EnextOTwqyePdq.JTlOMexir0/4cONxNuOaxiVRYgO', 702, 'assets/img/profiles/pravelo.jpg', 'assets/img/profile/pravelo.jpg', 'assets/img/avatar_small/pravelo.jpg', 1, 'CE', 123456, 8, '', '', '', '', '', '0000-00-00 00:00:00', '0000-00-00 00:00:00', ''),
(154, 'Fredy', 'Ricardo', 'Toro', 'Castañeda', 'ftoro@indoamericana.edu.co', '', '3103374918', '', '$2y$10$MsT4TxxIr6/EnextOTwqyePdq.JTlOMexir0/4cONxNuOaxiVRYgO', 0, 'assets/img/profiles/ftoro.jpg', 'assets/img/profile/ftoro.jpg', 'assets/img/avatar_small/ftoro.jpg', 0, 'CC', 123456, 8, '', '', '', '', '', '0000-00-00 00:00:00', '0000-00-00 00:00:00', ''),
(155, 'Sandra', 'Viviana', 'Ortiz', 'Gómez', 'vortiz@indoamericana.edu.co', '', '3118820181', '', '$2y$10$MsT4TxxIr6/EnextOTwqyePdq.JTlOMexir0/4cONxNuOaxiVRYgO', 0, 'assets/img/profiles/vortiz.jpg', 'assets/img/profile/vortiz.jpg', 'assets/img/avatar_small/vortiz.jpg', 1, 'CC', 123456, 8, '', '', '', '', '', '0000-00-00 00:00:00', '0000-00-00 00:00:00', ''),
(156, 'Carlos', 'Mario', 'Pinzón', 'Pabon', 'cpinzon@indoamericana.edu.co', 'carlosmario15@gmail.com', '3115188257', '', '$2y$10$MsT4TxxIr6/EnextOTwqyePdq.JTlOMexir0/4cONxNuOaxiVRYgO', 0, 'assets/img/profiles/cpinzon.jpg', 'assets/img/profile/cpinzon.jpg', 'assets/img/avatar_small/cpinzon.jpg', 1, 'CC', 123456, 8, '', '', '', '', '', '0000-00-00 00:00:00', '0000-00-00 00:00:00', ''),
(157, 'Luis', 'Fernando', 'Beltran', 'Rojas', 'lbeltran@indoamericana.edu.co', ' ', '3014529126', '', '$2y$10$MsT4TxxIr6/EnextOTwqyePdq.JTlOMexir0/4cONxNuOaxiVRYgO', 0, 'assets/img/profiles/f_beltran.jpg', 'assets/img/profile/f_beltran.jpg', 'assets/img/avatar_small/f_beltran.jpg', 1, 'CC', 123456, 8, '', '', '', '', '', '0000-00-00 00:00:00', '0000-00-00 00:00:00', ''),
(158, 'Joan', 'Alejandro', 'Albadan', 'Molano', 'jalbadan@indoamericana.edu.co', '', '3123441985', '', '$2y$10$MsT4TxxIr6/EnextOTwqyePdq.JTlOMexir0/4cONxNuOaxiVRYgO', 0, 'assets/img/profiles/jalbadan.jpg', 'assets/img/profile/jalbadan.jpg', 'assets/img/avatar_small/jalbadan.jpg', 1, 'CC', 123456, 8, '', '', '', '', '', '0000-00-00 00:00:00', '0000-00-00 00:00:00', ''),
(159, 'Paula', 'Alexandra', 'Miranda', 'Bedoya', 'pmiranda@indoamericana.edu.co', '', '3142488324', '', '$2y$10$MsT4TxxIr6/EnextOTwqyePdq.JTlOMexir0/4cONxNuOaxiVRYgO', 0, 'assets/img/profiles/pmiranda.jpg', 'assets/img/profile/pmiranda.jpg', 'assets/img/avatar_small/pmiranda.jpg', 0, 'CC', 123456, 8, '', '', '', '', '', '0000-00-00 00:00:00', '0000-00-00 00:00:00', ''),
(160, 'Luis', 'Onzaga', 'Farias', 'Ayala', 'l_farias@indoamericana.edu.co', ' ', '3133562423', '', '$2y$10$MsT4TxxIr6/EnextOTwqyePdq.JTlOMexir0/4cONxNuOaxiVRYgO', 0, 'assets/img/profiles/l_farias.jpg', 'assets/img/profile/l_farias.jpg', 'assets/img/avatar_small/l_farias.jpg', 1, 'CC', 123456, 8, '', '', '', '', '', '0000-00-00 00:00:00', '0000-00-00 00:00:00', ''),
(161, 'Daniela', 'María', 'Torres', 'Ortiz', 'dmtorres@indoamericana.edu.co', '', '3012324414', '', '$2y$10$MsT4TxxIr6/EnextOTwqyePdq.JTlOMexir0/4cONxNuOaxiVRYgO', 0, 'assets/img/profiles/dmtorres.jpg', 'assets/img/profile/dmtorres.jpg', 'assets/img/avatar_small/dmtorres.jpg', 0, 'CC', 123456, 8, '', '', '', '', '', '0000-00-00 00:00:00', '0000-00-00 00:00:00', ''),
(162, 'Ricardo', '', 'Ortiz', 'Vargas', 'rortiz@indoamericana.edu.co', '', '3124507373', '', '$2y$10$MsT4TxxIr6/EnextOTwqyePdq.JTlOMexir0/4cONxNuOaxiVRYgO', 0, 'assets/img/profiles/rortiz.jpg', 'assets/img/profile/rortiz.jpg', 'assets/img/avatar_small/rortiz.jpg', 0, 'CC', 123456, 8, '', '', '', '', '', '0000-00-00 00:00:00', '0000-00-00 00:00:00', ''),
(163, 'Kimberly', '', 'Flórez', 'Ortigoza', 'kflorez@indoamericana.edu.co', '', '3202688312', '', '$2y$10$MsT4TxxIr6/EnextOTwqyePdq.JTlOMexir0/4cONxNuOaxiVRYgO', 0, 'assets/img/profiles/kflorez.jpg', 'assets/img/profile/kflorez.jpg', 'assets/img/avatar_small/kflorez.jpg', 0, 'CC', 123456, 8, '', '', '', '', '', '0000-00-00 00:00:00', '0000-00-00 00:00:00', ''),
(164, 'Edgar', 'Felipe', 'Colina', 'Guzman', 'ecolina@indoamericana.edu.co', '', '3132148243', '', '$2y$10$MsT4TxxIr6/EnextOTwqyePdq.JTlOMexir0/4cONxNuOaxiVRYgO', 0, 'assets/img/profiles/ecolina.jpg', 'assets/img/profile/ecolina.jpg', 'assets/img/avatar_small/ecolina.jpg', 0, 'CC', 123456, 8, '', '', '', '', '', '0000-00-00 00:00:00', '0000-00-00 00:00:00', ''),
(165, 'Juan', 'David', 'Lozano', 'Serrano', 'jlozano@indoamericana.edu.co', '', '3212525192', '', '$2y$10$MsT4TxxIr6/EnextOTwqyePdq.JTlOMexir0/4cONxNuOaxiVRYgO', 0, 'assets/img/profiles/jlozano.jpg', 'assets/img/profile/jlozano.jpg', 'assets/img/avatar_small/jlozano.jpg', 1, 'CC', 123456, 8, '', '', '', '', '', '0000-00-00 00:00:00', '0000-00-00 00:00:00', ''),
(166, 'Edna', 'Margarita', 'Diaz', 'Jara', 'ediaz@indoamericana.edu.co', '', '3144146642', '', '$2y$10$MsT4TxxIr6/EnextOTwqyePdq.JTlOMexir0/4cONxNuOaxiVRYgO', 0, 'assets/img/profiles/ediaz.jpg', 'assets/img/profile/ediaz.jpg', 'assets/img/avatar_small/ediaz.jpg', 0, 'CC', 123456, 8, '', '', '', '', '', '0000-00-00 00:00:00', '0000-00-00 00:00:00', ''),
(167, 'Luis', 'Alberto', 'Bustos', 'Trujillo', 'lbustos@indoamericana.edu.co', '', '3144870727', '', '$2y$10$MsT4TxxIr6/EnextOTwqyePdq.JTlOMexir0/4cONxNuOaxiVRYgO', 0, 'assets/img/profiles/lbustos.jpg', 'assets/img/profile/lbustos.jpg', 'assets/img/avatar_small/lbustos.jpg', 0, 'CC', 123456, 8, '', '', '', '', '', '0000-00-00 00:00:00', '0000-00-00 00:00:00', ''),
(168, 'Carlos', 'Mario', 'Mancilla', 'Rodríguez', 'cmancilla@indoamericana.edu.co', '', '3102692280', '', '$2y$10$MsT4TxxIr6/EnextOTwqyePdq.JTlOMexir0/4cONxNuOaxiVRYgO', 0, 'assets/img/profiles/cmancilla.jpg', 'assets/img/profile/cmancilla.jpg', 'assets/img/avatar_small/cmancilla.jpg', 1, 'CC', 123456, 8, '', '', '', '', '', '0000-00-00 00:00:00', '0000-00-00 00:00:00', ''),
(169, 'Viviana', 'Marcela', 'Martinez', 'Rubio', 'vmartinez@indoamericana.edu.co', '', '', '', '$2y$10$MsT4TxxIr6/EnextOTwqyePdq.JTlOMexir0/4cONxNuOaxiVRYgO', 0, 'assets/img/profiles/vmartinez.jpg', 'assets/img/profile/vmartinez.jpg', 'assets/img/avatar_small/vmartinez.jpg', 0, 'CC', 123456, 8, '', '', '', '', '', '0000-00-00 00:00:00', '0000-00-00 00:00:00', ''),
(170, 'Sandra', 'Patricia', 'Figueroa', 'Mateus', 'sfigueroa@indoamericana.edu.co', '', '3202463030', '', '$2y$10$MsT4TxxIr6/EnextOTwqyePdq.JTlOMexir0/4cONxNuOaxiVRYgO', 0, 'assets/img/profiles/sfigueroa.jpg', 'assets/img/profile/sfigueroa.jpg', 'assets/img/avatar_small/sfigueroa.jpg', 0, 'CC', 123456, 8, '', '', '', '', '', '0000-00-00 00:00:00', '0000-00-00 00:00:00', ''),
(171, 'Paola', 'Andrea', 'Hurtado', 'Castro', 'phurtado@indoamericana.edu.co', '', '3115354535', '', '$2y$10$MsT4TxxIr6/EnextOTwqyePdq.JTlOMexir0/4cONxNuOaxiVRYgO', 0, 'assets/img/profiles/phurtado.jpg', 'assets/img/profile/phurtado.jpg', 'assets/img/avatar_small/phurtado.jpg', 1, 'CC', 123456, 8, '', '', '', '', '', '0000-00-00 00:00:00', '0000-00-00 00:00:00', ''),
(172, 'Germán ', '', 'Gaona', 'Parada', 'ggaona@indoamericana.edu.co', '', '3136332697', '', '$2y$10$MsT4TxxIr6/EnextOTwqyePdq.JTlOMexir0/4cONxNuOaxiVRYgO', 0, 'assets/img/profiles/ggaona.jpg', 'assets/img/profile/ggaona.jpg', 'assets/img/avatar_small/ggaona.jpg', 1, 'CC', 70054414, 8, '', '', '', '', '', '0000-00-00 00:00:00', '0000-00-00 00:00:00', ''),
(173, 'Liliana', 'Rocío', 'Castiblanco', 'Carantón', 'lcastiblanco@indoamericana.edu.co', '', '3204406936', '', '$2y$10$MsT4TxxIr6/EnextOTwqyePdq.JTlOMexir0/4cONxNuOaxiVRYgO', 0, 'assets/img/profiles/lcastiblanco.jpg', 'assets/img/profile/lcastiblanco.jpg', 'assets/img/avatar_small/lcastiblanco.jpg', 1, 'CC', 123456, 8, '', '', '', '', '', '0000-00-00 00:00:00', '0000-00-00 00:00:00', ''),
(174, 'John', 'Fredy', 'Tuta', 'Lopez', 'jtuta@indoamericana.edu.co', 'jtuta@hotmail.com', '3014080195', 'Carrera 7 # 59-26', '$2y$10$MsT4TxxIr6/EnextOTwqyePdq.JTlOMexir0/4cONxNuOaxiVRYgO', 7751236, 'assets/img/profiles/jtuta.jpg', 'assets/img/profile/jtuta.jpg', 'assets/img/avatar_small/jtuta.jpg', 1, 'CC', 1033759239, 8, '', '', '', '', '', '0000-00-00 00:00:00', '2014-10-24 15:36:10', 'pu3hnLMJyR47yuN1nwb2M4mH5YPyoKgMRbBP2MxfUNWRitOnML5JNGi1MCJh'),
(175, 'Oscar', 'Julian ', 'Sanchez', 'Medina', 'osanchez@indoamericana.edu.co', '', '3186394800', '', '$2y$10$MsT4TxxIr6/EnextOTwqyePdq.JTlOMexir0/4cONxNuOaxiVRYgO', 0, 'assets/img/profiles/osanchez.jpg', 'assets/img/profile/osanchez.jpg', 'assets/img/avatar_small/osanchez.jpg', 0, 'CC', 79804238, 8, '', '', '', '', '', '0000-00-00 00:00:00', '0000-00-00 00:00:00', ''),
(176, 'Ana', 'Rosa', 'Acero', 'Barrera', 'aacero@indoamericana.edu.co', '', '3167712027', '', '$2y$10$MsT4TxxIr6/EnextOTwqyePdq.JTlOMexir0/4cONxNuOaxiVRYgO', 0, 'assets/img/profiles/aacero.jpg', 'assets/img/profile/aacero.jpg', 'assets/img/avatar_small/aacero.jpg', 1, 'CC', 52581985, 8, '', '', '', '', '', '0000-00-00 00:00:00', '0000-00-00 00:00:00', ''),
(177, 'Claudia', 'Viviana', 'Estepa', 'Mora', 'cestepa@indoamericana.edu.co', '', '3177452902', '', '$2y$10$MsT4TxxIr6/EnextOTwqyePdq.JTlOMexir0/4cONxNuOaxiVRYgO', 0, 'assets/img/profiles/cestepa.jpg', 'assets/img/profile/cestepa.jpg', 'assets/img/avatar_small/cestepa.jpg', 1, 'CC', 1018416038, 8, '', '', '', '', '', '0000-00-00 00:00:00', '0000-00-00 00:00:00', ''),
(178, 'Jhonny', 'Leandro', 'Pintor', 'Muñoz', 'jpintor@indoamericana.edu.co', '', '', '', '$2y$10$MsT4TxxIr6/EnextOTwqyePdq.JTlOMexir0/4cONxNuOaxiVRYgO', 0, 'assets/img/profiles/jpintor.jpg', 'assets/img/profile/jpintor.jpg', 'assets/img/avatar_small/jpintor.jpg', 1, 'CC', 1023865238, 8, '', '', '', '', '', '0000-00-00 00:00:00', '0000-00-00 00:00:00', ''),
(179, 'Nidia ', 'Johanna', 'Mendez ', 'Chitiva ', 'nmendez@indoamericana.edu.co', '', '311 508 61 84', '', '$2y$10$MsT4TxxIr6/EnextOTwqyePdq.JTlOMexir0/4cONxNuOaxiVRYgO', 0, 'assets/img/profiles/nmendez.jpg', 'assets/img/profile/nmendez.jpg', 'assets/img/avatar_small/nmendez.jpg', 0, 'CC', 52961116, 8, '', '', '', '', '', '0000-00-00 00:00:00', '0000-00-00 00:00:00', ''),
(180, 'Jefferson', '', 'Florez ', 'Chamorro', 'jflorez@indoamericana.edu.co', '', '314 280 38 65', '', '$2y$10$MsT4TxxIr6/EnextOTwqyePdq.JTlOMexir0/4cONxNuOaxiVRYgO', 0, 'assets/img/profiles/jflorez.jpg', 'assets/img/profile/jflorez.jpg', 'assets/img/avatar_small/jflorez.jpg', 1, 'CC', 1118556541, 8, '', '', '', '', '', '0000-00-00 00:00:00', '2014-10-24 20:04:45', 'U9ikKWFg0IKncd1qomeGH123CoruKhFwlvgjEEgywpL87gV2qdJMMDIflSUJ'),
(181, 'Eddy', 'Rocio', 'Mora', 'Gonzalez', 'emora@indoamericana.edu.co', '', '321 214 92 92', '', '$2y$10$MsT4TxxIr6/EnextOTwqyePdq.JTlOMexir0/4cONxNuOaxiVRYgO', 0, 'assets/img/profiles/emora.jpg', 'assets/img/profile/emora.jpg', 'assets/img/avatar_small/emora.jpg', 0, 'CC', 52805617, 8, '', '', '', '', '', '0000-00-00 00:00:00', '0000-00-00 00:00:00', ''),
(182, 'Liliana', 'Rocio', 'Castiblanco ', 'Caranton', 'lcastiblanco@indoamericana.edu.co', '', '320 440 69 36', '', '$2y$10$MsT4TxxIr6/EnextOTwqyePdq.JTlOMexir0/4cONxNuOaxiVRYgO', 0, 'assets/img/profiles/lcastiblanco.jpg', 'assets/img/profile/lcastiblanco.jpg', 'assets/img/avatar_small/lcastiblanco.jpg', 0, 'CC', 1030587813, 8, '', '', '', '', '', '0000-00-00 00:00:00', '0000-00-00 00:00:00', ''),
(183, 'Paola ', 'Andrea', 'Hurado ', 'Castro', 'phurtado@indoamericana.edu.co', '', '3115354535', '', '$2y$10$MsT4TxxIr6/EnextOTwqyePdq.JTlOMexir0/4cONxNuOaxiVRYgO', 0, 'assets/img/profiles/phurtado.jpg', 'assets/img/profile/phurtado.jpg', 'assets/img/avatar_small/phurtado.jpg', 0, 'CC', 52956958, 8, '', '', '', '', '', '0000-00-00 00:00:00', '0000-00-00 00:00:00', ''),
(184, 'Claudia', 'Marcela', 'Quiñonez', 'Rubiano', 'cquinonez@indoamericana.edu.co', '', '320 284 54 80', '', '$2y$10$MsT4TxxIr6/EnextOTwqyePdq.JTlOMexir0/4cONxNuOaxiVRYgO', 0, 'assets/img/profiles/cquinonez.jpg', 'assets/img/profile/cquinonez.jpg', 'assets/img/avatar_small/cquinonez.jpg', 0, 'CC', 123456, 8, '', '', '', '', '', '0000-00-00 00:00:00', '0000-00-00 00:00:00', ''),
(185, 'Angela ', '', 'Moreno', 'Garavito', 'amoreno@indoamericana.edu.co', '', '3008307607', '', '$2y$10$MsT4TxxIr6/EnextOTwqyePdq.JTlOMexir0/4cONxNuOaxiVRYgO', 0, 'assets/img/profiles/amoreno.jpg', 'assets/img/profile/amoreno.jpg', 'assets/img/avatar_small/amoreno.jpg', 1, 'CC', 1015996845, 8, '', '', '', '', '', '0000-00-00 00:00:00', '0000-00-00 00:00:00', ''),
(186, 'Luisa', 'Fernanda', 'Arboleda', 'Duque', 'larboleda@indoamericana.edu.co', 'luisa_0127@hotmail.com', '3213424683', '', '$2y$10$MsT4TxxIr6/EnextOTwqyePdq.JTlOMexir0/4cONxNuOaxiVRYgO', 0, 'assets/img/profiles/larboleda.jpg', 'assets/img/profile/larboleda.jpg', 'assets/img/avatar_small/larboleda.jpg', 1, 'CC', 1030619421, 8, '', '', '', '', '', '0000-00-00 00:00:00', '0000-00-00 00:00:00', ''),
(187, 'Martha ', 'Cecilia', 'Rozo', 'Gonzalez', 'mrozo@indoamericana.edu.co', '', '320 429 63 09', '', '$2y$10$MsT4TxxIr6/EnextOTwqyePdq.JTlOMexir0/4cONxNuOaxiVRYgO', 0, 'assets/img/profiles/mrozo.jpg', 'assets/img/profile/mrozo.jpg', 'assets/img/avatar_small/mrozo.jpg', 1, 'CC', 52174166, 8, '', '', '', '', '', '0000-00-00 00:00:00', '0000-00-00 00:00:00', ''),
(188, 'Helbert ', 'Eduardo ', 'Acero ', 'Barón ', 'hacero@indoamericana.edu.co', '', '320 287 17 28', '', '$2y$10$MsT4TxxIr6/EnextOTwqyePdq.JTlOMexir0/4cONxNuOaxiVRYgO', 0, 'assets/img/profiles/hacero.jpg', 'assets/img/profile/hacero.jpg', 'assets/img/avatar_small/hacero.jpg', 1, 'CC', 320, 8, '', '', '', '', '', '0000-00-00 00:00:00', '0000-00-00 00:00:00', ''),
(189, 'Lady', 'Viviana', 'Cardenas', '', 'lcardenas@indoamericana.edu.co', 'viviana0017@gmail.com', '3182518012', 'Cl.42A No.86g 90', '$2y$10$MsT4TxxIr6/EnextOTwqyePdq.JTlOMexir0/4cONxNuOaxiVRYgO', 0, 'assets/img/profiles/lcardenas.jpg', 'assets/img/profile/lcardenas.jpg', 'assets/img/avatar_small/lcardenas.jpg', 1, 'CC', 1018408303, 8, '', '', '', '', '', '0000-00-00 00:00:00', '0000-00-00 00:00:00', ''),
(190, 'Diana', 'Magdalena', 'Andrade', 'Bernal', 'dandrade@indoamericana.edu.co', '', '3143199731', '', '$2y$10$MsT4TxxIr6/EnextOTwqyePdq.JTlOMexir0/4cONxNuOaxiVRYgO', 0, 'assets/img/profiles/dandrade.jpg', 'assets/img/profile/dandrade.jpg', 'assets/img/avatar_small/dandrade.jpg', 1, 'CC', 123456, 8, '', '', '', '', '', '0000-00-00 00:00:00', '0000-00-00 00:00:00', ''),
(191, 'Leidy', 'Dayana ', 'Morales', 'Rozo', 'lmoralez@indoamericana.edu.co', '', '3115476676', '', '$2y$10$MsT4TxxIr6/EnextOTwqyePdq.JTlOMexir0/4cONxNuOaxiVRYgO', 0, 'assets/img/profiles/lmorales.jpg', 'assets/img/profile/lmorales.jpg', 'assets/img/avatar_small/lmorales.jpg', 1, 'CC', 123456, 8, '', '', '', '', '', '0000-00-00 00:00:00', '0000-00-00 00:00:00', ''),
(192, 'Sandra ', 'Mireya', 'Arias', 'Sanchez', 'sarias@indoamericana.edu.co', '', '3123447904', '', '$2y$10$MsT4TxxIr6/EnextOTwqyePdq.JTlOMexir0/4cONxNuOaxiVRYgO', 0, 'assets/img/profiles/sarias.jpg', 'assets/img/profile/sarias.jpg', 'assets/img/avatar_small/sarias.jpg', 1, 'CC', 123456, 8, '', '', '', '', '', '0000-00-00 00:00:00', '2014-10-14 21:39:58', 'BLZQCOZVLe3tDrw5NMf6E27AB55dlKiyvdW7NfAajhxrcRq0FfPMK7nVELX1'),
(193, 'Yesica', 'Tatiana', 'Ortiz', 'Gutierrez', 'yortiz@indoamericana.edu.co', '', '3208694493', '', '$2y$10$MsT4TxxIr6/EnextOTwqyePdq.JTlOMexir0/4cONxNuOaxiVRYgO', 0, 'assets/img/profiles/yortiz.jpg', 'assets/img/profile/yortiz.jpg', 'assets/img/avatar_small/yortiz.jpg', 1, 'CC', 123456, 8, '', '', '', '', '', '0000-00-00 00:00:00', '0000-00-00 00:00:00', ''),
(194, 'Jose ', 'David', 'Betancur', 'Carmona', 'jbetancur@indoamericana.edu.co', 'jdavid.9310@gmail.com', '3115504906', 'Av 48 Q Sur # 4-28', '$2y$10$SFnNiN5Tete0r3sq.p8g/uI6IH3bhqRaHKqsZEwEnzDpV5HTdhnzC', 7714569, 'assets/img/profiles/jcarmona.jpg', 'assets/img/profile/jcarmona.jpg', 'assets/img/avatar_small/jcarmona.jpg', 1, 'CC', 123456, 8, '', '', '', '', 'josedavid1093', '0000-00-00 00:00:00', '2014-10-24 20:19:54', 'svCGhwYmxYU5vBPexHsXvP3sU7mpej21fgwcNEwHbNDMO7dTSURuAOWwYaJu'),
(195, 'Wilson', 'Arley', 'Sanchez', 'Pinzon', 'wsanchez@indoamericana.edu.co', '', '3213850214', '', '$2y$10$MsT4TxxIr6/EnextOTwqyePdq.JTlOMexir0/4cONxNuOaxiVRYgO', 0, 'assets/img/profiles/wsanchez.jpg', 'assets/img/profile/wsanchez.jpg', 'assets/img/avatar_small/wsanchez.jpg', 1, 'CC', 123456, 8, '', '', '', '', '', '0000-00-00 00:00:00', '0000-00-00 00:00:00', ''),
(201, 'hoal', 'hola', 'hola', 'hola', 'hola@correo.com', 'kljdskfljakl', '3213213', '1dfadf', '$2y$10$MsT4TxxIr6/EnextOTwqyePdq.JTlOMexir0/4cONxNuOaxiVRYgO', 3213213, '', '', '', 1, 'CC', 2147483647, 14, '', '', '', '', '', '2014-10-24 13:55:29', '2014-10-24 13:55:29', NULL);

--
-- Índices para tablas volcadas
--

--
-- Indices de la tabla `administratives`
--
ALTER TABLE `administratives`
 ADD PRIMARY KEY (`id`), ADD KEY `fk_administrativos_usuarios1_idx` (`user_id`);

--
-- Indices de la tabla `categories_profiles`
--
ALTER TABLE `categories_profiles`
 ADD PRIMARY KEY (`id`);

--
-- Indices de la tabla `cities`
--
ALTER TABLE `cities`
 ADD PRIMARY KEY (`id`);

--
-- Indices de la tabla `confidential_texts`
--
ALTER TABLE `confidential_texts`
 ADD PRIMARY KEY (`id`), ADD KEY `fk_texto_confidencial_administrativos1_idx` (`administrative_id`);

--
-- Indices de la tabla `default_texts`
--
ALTER TABLE `default_texts`
 ADD PRIMARY KEY (`id`), ADD KEY `fk_texto_defecto_administrativos1_idx` (`administrative_id`);

--
-- Indices de la tabla `descriptions`
--
ALTER TABLE `descriptions`
 ADD PRIMARY KEY (`id`), ADD KEY `fk_descripcion_tipo_pqr1_idx` (`type_pqr_id`);

--
-- Indices de la tabla `details`
--
ALTER TABLE `details`
 ADD PRIMARY KEY (`id`), ADD KEY `fk_detalle_process1_idx` (`process_id`);

--
-- Indices de la tabla `files`
--
ALTER TABLE `files`
 ADD PRIMARY KEY (`id`), ADD KEY `fk_archivos_carpetas1_idx` (`folder_id`);

--
-- Indices de la tabla `file_profile`
--
ALTER TABLE `file_profile`
 ADD PRIMARY KEY (`file_id`,`profile_id`), ADD KEY `fk_archivos_has_perfiles_perfiles1_idx` (`profile_id`), ADD KEY `fk_archivos_has_perfiles_archivos1_idx` (`file_id`);

--
-- Indices de la tabla `file_user`
--
ALTER TABLE `file_user`
 ADD PRIMARY KEY (`id`), ADD KEY `fk_seguimiento_archivos_archivos1_idx` (`file_id`), ADD KEY `fk_seguimiento_archivos_usuarios1_idx` (`user_id`);

--
-- Indices de la tabla `folders`
--
ALTER TABLE `folders`
 ADD PRIMARY KEY (`id`), ADD KEY `fk_carpetas_process1_idx` (`process_id`);

--
-- Indices de la tabla `galleries`
--
ALTER TABLE `galleries`
 ADD PRIMARY KEY (`id`), ADD KEY `fk_galleries_processes1_idx` (`process_id`);

--
-- Indices de la tabla `images`
--
ALTER TABLE `images`
 ADD PRIMARY KEY (`id`), ADD KEY `fk_images_galleries1_idx` (`gallery_id`);

--
-- Indices de la tabla `income_statistics`
--
ALTER TABLE `income_statistics`
 ADD PRIMARY KEY (`id`), ADD KEY `fk_income_statistics_users1_idx` (`users_id`);

--
-- Indices de la tabla `menus`
--
ALTER TABLE `menus`
 ADD PRIMARY KEY (`id`);

--
-- Indices de la tabla `notifications`
--
ALTER TABLE `notifications`
 ADD PRIMARY KEY (`id`), ADD KEY `fk_notifications_type_notifications1_idx` (`type_notification_id`), ADD KEY `fk_notifications_users1_idx` (`user_id`), ADD KEY `fk_notifications_users2_idx` (`user_id1`);

--
-- Indices de la tabla `pqrs`
--
ALTER TABLE `pqrs`
 ADD PRIMARY KEY (`id`), ADD KEY `fk_pqr_tipo_pqr1_idx` (`type_pqr_id`), ADD KEY `fk_pqr_process1_idx` (`process_id`), ADD KEY `fk_pqr_usuarios1_idx` (`user_id`), ADD KEY `fk_pqr_especifique1_idx` (`specify_id`), ADD KEY `fk_pqr_estado_pqr1_idx` (`states_pqr_id`);

--
-- Indices de la tabla `processes`
--
ALTER TABLE `processes`
 ADD PRIMARY KEY (`id`), ADD KEY `fk_processes_users1_idx` (`user_id`);

--
-- Indices de la tabla `profiles`
--
ALTER TABLE `profiles`
 ADD PRIMARY KEY (`id`), ADD KEY `fk_perfiles_categoria_perfiles1_idx` (`categories_profile_id`), ADD KEY `fk_perfiles_process1_idx` (`processes_id`);

--
-- Indices de la tabla `profiles_submenus`
--
ALTER TABLE `profiles_submenus`
 ADD PRIMARY KEY (`profiles_id`,`submenus_id`), ADD KEY `fk_perfiles_has_submenus_submenus1_idx` (`submenus_id`), ADD KEY `fk_perfiles_has_submenus_perfiles1_idx` (`profiles_id`);

--
-- Indices de la tabla `profiles_users`
--
ALTER TABLE `profiles_users`
 ADD PRIMARY KEY (`users_id`,`profiles_id`), ADD KEY `fk_usuarios_has_perfiles_perfiles1_idx` (`profiles_id`), ADD KEY `fk_usuarios_has_perfiles_usuarios_idx` (`users_id`);

--
-- Indices de la tabla `specify`
--
ALTER TABLE `specify`
 ADD PRIMARY KEY (`id`), ADD KEY `fk_especifique_descripcion1_idx` (`description_id`);

--
-- Indices de la tabla `states_pqrs`
--
ALTER TABLE `states_pqrs`
 ADD PRIMARY KEY (`id`);

--
-- Indices de la tabla `states_students`
--
ALTER TABLE `states_students`
 ADD PRIMARY KEY (`id`);

--
-- Indices de la tabla `states_teachers`
--
ALTER TABLE `states_teachers`
 ADD PRIMARY KEY (`id`);

--
-- Indices de la tabla `students`
--
ALTER TABLE `students`
 ADD PRIMARY KEY (`id`), ADD KEY `fk_alumnos_estados_alumnos1_idx` (`states_student_id`), ADD KEY `fk_alumnos_usuarios1_idx` (`user_id`);

--
-- Indices de la tabla `submenus`
--
ALTER TABLE `submenus`
 ADD PRIMARY KEY (`id`), ADD KEY `fk_submenus_menus1_idx` (`menu_id`);

--
-- Indices de la tabla `supports`
--
ALTER TABLE `supports`
 ADD PRIMARY KEY (`id`), ADD KEY `fk_supports_support_status1_idx` (`support_status_id`), ADD KEY `fk_supports_support_category1_idx` (`support_category_id`), ADD KEY `fk_supports_users1_idx` (`users_id`);

--
-- Indices de la tabla `support_categories`
--
ALTER TABLE `support_categories`
 ADD PRIMARY KEY (`id`);

--
-- Indices de la tabla `support_faqs`
--
ALTER TABLE `support_faqs`
 ADD PRIMARY KEY (`id`), ADD KEY `fk_faq_support_categories1_idx` (`support_category_id`);

--
-- Indices de la tabla `support_questions`
--
ALTER TABLE `support_questions`
 ADD PRIMARY KEY (`id`);

--
-- Indices de la tabla `support_ratings`
--
ALTER TABLE `support_ratings`
 ADD PRIMARY KEY (`id`), ADD KEY `fk_support_questions_supports1_idx` (`support_id`), ADD KEY `fk_support_ratings_support_questions1_idx` (`support_question_id`);

--
-- Indices de la tabla `support_statuses`
--
ALTER TABLE `support_statuses`
 ADD PRIMARY KEY (`id`);

--
-- Indices de la tabla `support_traces`
--
ALTER TABLE `support_traces`
 ADD PRIMARY KEY (`id_t`), ADD KEY `fk_support_trace_supports1_idx` (`supports_id`), ADD KEY `fk_support_trace_users1_idx` (`user_id`);

--
-- Indices de la tabla `teachers`
--
ALTER TABLE `teachers`
 ADD PRIMARY KEY (`id`), ADD KEY `fk_profesores_estados_profesores1_idx` (`states_teacher_id`), ADD KEY `fk_profesores_usuarios1_idx` (`user_id`);

--
-- Indices de la tabla `tracing_pqrs`
--
ALTER TABLE `tracing_pqrs`
 ADD PRIMARY KEY (`id`), ADD KEY `fk_seguimiento_pqr_pqr1_idx` (`pqr_id`), ADD KEY `fk_seguimiento_pqr_administrativos1_idx` (`administrative_id`), ADD KEY `fk_seguimiento_pqr_administrativos2_idx` (`administrative_id1`);

--
-- Indices de la tabla `type_notifications`
--
ALTER TABLE `type_notifications`
 ADD PRIMARY KEY (`id`);

--
-- Indices de la tabla `type_pqrs`
--
ALTER TABLE `type_pqrs`
 ADD PRIMARY KEY (`id`);

--
-- Indices de la tabla `users`
--
ALTER TABLE `users`
 ADD PRIMARY KEY (`id`), ADD KEY `fk_usuarios_ciudades1_idx` (`city_id`);

--
-- AUTO_INCREMENT de las tablas volcadas
--

--
-- AUTO_INCREMENT de la tabla `administratives`
--
ALTER TABLE `administratives`
MODIFY `id` int(11) NOT NULL AUTO_INCREMENT,AUTO_INCREMENT=121;
--
-- AUTO_INCREMENT de la tabla `categories_profiles`
--
ALTER TABLE `categories_profiles`
MODIFY `id` int(11) NOT NULL AUTO_INCREMENT,AUTO_INCREMENT=4;
--
-- AUTO_INCREMENT de la tabla `cities`
--
ALTER TABLE `cities`
MODIFY `id` int(11) NOT NULL AUTO_INCREMENT,AUTO_INCREMENT=75;
--
-- AUTO_INCREMENT de la tabla `confidential_texts`
--
ALTER TABLE `confidential_texts`
MODIFY `id` int(11) NOT NULL AUTO_INCREMENT;
--
-- AUTO_INCREMENT de la tabla `default_texts`
--
ALTER TABLE `default_texts`
MODIFY `id` int(11) NOT NULL AUTO_INCREMENT;
--
-- AUTO_INCREMENT de la tabla `descriptions`
--
ALTER TABLE `descriptions`
MODIFY `id` int(11) NOT NULL AUTO_INCREMENT;
--
-- AUTO_INCREMENT de la tabla `details`
--
ALTER TABLE `details`
MODIFY `id` int(11) NOT NULL AUTO_INCREMENT;
--
-- AUTO_INCREMENT de la tabla `files`
--
ALTER TABLE `files`
MODIFY `id` int(11) NOT NULL AUTO_INCREMENT,AUTO_INCREMENT=590;
--
-- AUTO_INCREMENT de la tabla `file_user`
--
ALTER TABLE `file_user`
MODIFY `id` int(11) NOT NULL AUTO_INCREMENT;
--
-- AUTO_INCREMENT de la tabla `folders`
--
ALTER TABLE `folders`
MODIFY `id` int(11) NOT NULL AUTO_INCREMENT,AUTO_INCREMENT=76;
--
-- AUTO_INCREMENT de la tabla `galleries`
--
ALTER TABLE `galleries`
MODIFY `id` int(11) NOT NULL AUTO_INCREMENT,AUTO_INCREMENT=3;
--
-- AUTO_INCREMENT de la tabla `images`
--
ALTER TABLE `images`
MODIFY `id` int(11) NOT NULL AUTO_INCREMENT,AUTO_INCREMENT=6;
--
-- AUTO_INCREMENT de la tabla `income_statistics`
--
ALTER TABLE `income_statistics`
MODIFY `id` int(11) NOT NULL AUTO_INCREMENT,AUTO_INCREMENT=83;
--
-- AUTO_INCREMENT de la tabla `menus`
--
ALTER TABLE `menus`
MODIFY `id` int(11) NOT NULL AUTO_INCREMENT,AUTO_INCREMENT=6;
--
-- AUTO_INCREMENT de la tabla `notifications`
--
ALTER TABLE `notifications`
MODIFY `id` int(11) NOT NULL AUTO_INCREMENT,AUTO_INCREMENT=689;
--
-- AUTO_INCREMENT de la tabla `pqrs`
--
ALTER TABLE `pqrs`
MODIFY `id` int(11) NOT NULL AUTO_INCREMENT;
--
-- AUTO_INCREMENT de la tabla `processes`
--
ALTER TABLE `processes`
MODIFY `id` int(11) NOT NULL AUTO_INCREMENT,AUTO_INCREMENT=11;
--
-- AUTO_INCREMENT de la tabla `profiles`
--
ALTER TABLE `profiles`
MODIFY `id` int(11) NOT NULL AUTO_INCREMENT,AUTO_INCREMENT=82;
--
-- AUTO_INCREMENT de la tabla `specify`
--
ALTER TABLE `specify`
MODIFY `id` int(11) NOT NULL AUTO_INCREMENT;
--
-- AUTO_INCREMENT de la tabla `states_pqrs`
--
ALTER TABLE `states_pqrs`
MODIFY `id` int(11) NOT NULL AUTO_INCREMENT;
--
-- AUTO_INCREMENT de la tabla `states_students`
--
ALTER TABLE `states_students`
MODIFY `id` int(11) NOT NULL AUTO_INCREMENT;
--
-- AUTO_INCREMENT de la tabla `states_teachers`
--
ALTER TABLE `states_teachers`
MODIFY `id` int(11) NOT NULL AUTO_INCREMENT;
--
-- AUTO_INCREMENT de la tabla `students`
--
ALTER TABLE `students`
MODIFY `id` int(11) NOT NULL AUTO_INCREMENT;
--
-- AUTO_INCREMENT de la tabla `submenus`
--
ALTER TABLE `submenus`
MODIFY `id` int(11) NOT NULL AUTO_INCREMENT,AUTO_INCREMENT=22;
--
-- AUTO_INCREMENT de la tabla `supports`
--
ALTER TABLE `supports`
MODIFY `id` int(11) NOT NULL AUTO_INCREMENT,AUTO_INCREMENT=1459;
--
-- AUTO_INCREMENT de la tabla `support_categories`
--
ALTER TABLE `support_categories`
MODIFY `id` int(11) NOT NULL AUTO_INCREMENT,AUTO_INCREMENT=28;
--
-- AUTO_INCREMENT de la tabla `support_faqs`
--
ALTER TABLE `support_faqs`
MODIFY `id` int(11) NOT NULL AUTO_INCREMENT,AUTO_INCREMENT=4;
--
-- AUTO_INCREMENT de la tabla `support_questions`
--
ALTER TABLE `support_questions`
MODIFY `id` int(11) NOT NULL AUTO_INCREMENT,AUTO_INCREMENT=4;
--
-- AUTO_INCREMENT de la tabla `support_ratings`
--
ALTER TABLE `support_ratings`
MODIFY `id` int(11) NOT NULL AUTO_INCREMENT,AUTO_INCREMENT=5917;
--
-- AUTO_INCREMENT de la tabla `support_statuses`
--
ALTER TABLE `support_statuses`
MODIFY `id` int(11) NOT NULL AUTO_INCREMENT,AUTO_INCREMENT=7;
--
-- AUTO_INCREMENT de la tabla `support_traces`
--
ALTER TABLE `support_traces`
MODIFY `id_t` int(11) NOT NULL AUTO_INCREMENT,AUTO_INCREMENT=1308;
--
-- AUTO_INCREMENT de la tabla `teachers`
--
ALTER TABLE `teachers`
MODIFY `id` int(11) NOT NULL AUTO_INCREMENT;
--
-- AUTO_INCREMENT de la tabla `tracing_pqrs`
--
ALTER TABLE `tracing_pqrs`
MODIFY `id` int(11) NOT NULL AUTO_INCREMENT;
--
-- AUTO_INCREMENT de la tabla `type_notifications`
--
ALTER TABLE `type_notifications`
MODIFY `id` int(11) NOT NULL AUTO_INCREMENT,AUTO_INCREMENT=2;
--
-- AUTO_INCREMENT de la tabla `type_pqrs`
--
ALTER TABLE `type_pqrs`
MODIFY `id` int(11) NOT NULL AUTO_INCREMENT;
--
-- AUTO_INCREMENT de la tabla `users`
--
ALTER TABLE `users`
MODIFY `id` int(11) NOT NULL AUTO_INCREMENT,AUTO_INCREMENT=202;
--
-- Restricciones para tablas volcadas
--

--
-- Filtros para la tabla `administratives`
--
ALTER TABLE `administratives`
ADD CONSTRAINT `fk_administrativos_usuarios1` FOREIGN KEY (`user_id`) REFERENCES `users` (`id`) ON DELETE NO ACTION ON UPDATE NO ACTION;

--
-- Filtros para la tabla `confidential_texts`
--
ALTER TABLE `confidential_texts`
ADD CONSTRAINT `fk_texto_confidencial_administrativos1` FOREIGN KEY (`administrative_id`) REFERENCES `administratives` (`id`) ON DELETE NO ACTION ON UPDATE NO ACTION;

--
-- Filtros para la tabla `default_texts`
--
ALTER TABLE `default_texts`
ADD CONSTRAINT `fk_texto_defecto_administrativos1` FOREIGN KEY (`administrative_id`) REFERENCES `administratives` (`id`) ON DELETE NO ACTION ON UPDATE NO ACTION;

--
-- Filtros para la tabla `descriptions`
--
ALTER TABLE `descriptions`
ADD CONSTRAINT `fk_descripcion_tipo_pqr1` FOREIGN KEY (`type_pqr_id`) REFERENCES `type_pqrs` (`id`) ON DELETE NO ACTION ON UPDATE NO ACTION;

--
-- Filtros para la tabla `details`
--
ALTER TABLE `details`
ADD CONSTRAINT `fk_detalle_process1` FOREIGN KEY (`process_id`) REFERENCES `processes` (`id`) ON DELETE NO ACTION ON UPDATE NO ACTION;

--
-- Filtros para la tabla `files`
--
ALTER TABLE `files`
ADD CONSTRAINT `fk_archivos_carpetas1` FOREIGN KEY (`folder_id`) REFERENCES `folders` (`id`) ON DELETE NO ACTION ON UPDATE NO ACTION;

--
-- Filtros para la tabla `file_profile`
--
ALTER TABLE `file_profile`
ADD CONSTRAINT `fk_archivos_has_perfiles_archivos1` FOREIGN KEY (`file_id`) REFERENCES `files` (`id`) ON DELETE NO ACTION ON UPDATE NO ACTION,
ADD CONSTRAINT `fk_archivos_has_perfiles_perfiles1` FOREIGN KEY (`profile_id`) REFERENCES `profiles` (`id`) ON DELETE NO ACTION ON UPDATE NO ACTION;

--
-- Filtros para la tabla `file_user`
--
ALTER TABLE `file_user`
ADD CONSTRAINT `fk_seguimiento_archivos_archivos1` FOREIGN KEY (`file_id`) REFERENCES `files` (`id`) ON DELETE NO ACTION ON UPDATE NO ACTION,
ADD CONSTRAINT `fk_seguimiento_archivos_usuarios1` FOREIGN KEY (`user_id`) REFERENCES `users` (`id`) ON DELETE NO ACTION ON UPDATE NO ACTION;

--
-- Filtros para la tabla `folders`
--
ALTER TABLE `folders`
ADD CONSTRAINT `fk_carpetas_process1` FOREIGN KEY (`process_id`) REFERENCES `processes` (`id`) ON DELETE NO ACTION ON UPDATE NO ACTION;

--
-- Filtros para la tabla `galleries`
--
ALTER TABLE `galleries`
ADD CONSTRAINT `fk_galleries_processes1` FOREIGN KEY (`process_id`) REFERENCES `processes` (`id`) ON DELETE NO ACTION ON UPDATE NO ACTION;

--
-- Filtros para la tabla `images`
--
ALTER TABLE `images`
ADD CONSTRAINT `fk_images_galleries1` FOREIGN KEY (`gallery_id`) REFERENCES `galleries` (`id`) ON DELETE NO ACTION ON UPDATE NO ACTION;

--
-- Filtros para la tabla `income_statistics`
--
ALTER TABLE `income_statistics`
ADD CONSTRAINT `fk_income_statistics_users1` FOREIGN KEY (`users_id`) REFERENCES `users` (`id`) ON DELETE NO ACTION ON UPDATE NO ACTION;

--
-- Filtros para la tabla `notifications`
--
ALTER TABLE `notifications`
ADD CONSTRAINT `fk_notifications_type_notifications1` FOREIGN KEY (`type_notification_id`) REFERENCES `type_notifications` (`id`) ON DELETE NO ACTION ON UPDATE NO ACTION,
ADD CONSTRAINT `fk_notifications_users1` FOREIGN KEY (`user_id`) REFERENCES `users` (`id`) ON DELETE NO ACTION ON UPDATE NO ACTION,
ADD CONSTRAINT `fk_notifications_users2` FOREIGN KEY (`user_id1`) REFERENCES `users` (`id`) ON DELETE NO ACTION ON UPDATE NO ACTION;

--
-- Filtros para la tabla `pqrs`
--
ALTER TABLE `pqrs`
ADD CONSTRAINT `fk_pqr_especifique1` FOREIGN KEY (`specify_id`) REFERENCES `specify` (`id`) ON DELETE NO ACTION ON UPDATE NO ACTION,
ADD CONSTRAINT `fk_pqr_estado_pqr1` FOREIGN KEY (`states_pqr_id`) REFERENCES `states_pqrs` (`id`) ON DELETE NO ACTION ON UPDATE NO ACTION,
ADD CONSTRAINT `fk_pqr_process1` FOREIGN KEY (`process_id`) REFERENCES `processes` (`id`) ON DELETE NO ACTION ON UPDATE NO ACTION,
ADD CONSTRAINT `fk_pqr_tipo_pqr1` FOREIGN KEY (`type_pqr_id`) REFERENCES `type_pqrs` (`id`) ON DELETE NO ACTION ON UPDATE NO ACTION,
ADD CONSTRAINT `fk_pqr_usuarios1` FOREIGN KEY (`user_id`) REFERENCES `users` (`id`) ON DELETE NO ACTION ON UPDATE NO ACTION;

--
-- Filtros para la tabla `profiles`
--
ALTER TABLE `profiles`
ADD CONSTRAINT `fk_perfiles_categoria_perfiles1` FOREIGN KEY (`categories_profile_id`) REFERENCES `categories_profiles` (`id`) ON DELETE NO ACTION ON UPDATE NO ACTION,
ADD CONSTRAINT `profiles_ibfk_1` FOREIGN KEY (`processes_id`) REFERENCES `processes` (`id`);

--
-- Filtros para la tabla `profiles_submenus`
--
ALTER TABLE `profiles_submenus`
ADD CONSTRAINT `profiles_submenus_ibfk_1` FOREIGN KEY (`profiles_id`) REFERENCES `profiles` (`id`),
ADD CONSTRAINT `profiles_submenus_ibfk_2` FOREIGN KEY (`submenus_id`) REFERENCES `submenus` (`id`) ON DELETE CASCADE ON UPDATE CASCADE;

--
-- Filtros para la tabla `profiles_users`
--
ALTER TABLE `profiles_users`
ADD CONSTRAINT `profiles_users_ibfk_1` FOREIGN KEY (`users_id`) REFERENCES `users` (`id`),
ADD CONSTRAINT `profiles_users_ibfk_2` FOREIGN KEY (`profiles_id`) REFERENCES `profiles` (`id`);

--
-- Filtros para la tabla `specify`
--
ALTER TABLE `specify`
ADD CONSTRAINT `fk_especifique_descripcion1` FOREIGN KEY (`description_id`) REFERENCES `descriptions` (`id`) ON DELETE NO ACTION ON UPDATE NO ACTION;

--
-- Filtros para la tabla `students`
--
ALTER TABLE `students`
ADD CONSTRAINT `fk_alumnos_estados_alumnos1` FOREIGN KEY (`states_student_id`) REFERENCES `states_students` (`id`) ON DELETE NO ACTION ON UPDATE NO ACTION,
ADD CONSTRAINT `fk_alumnos_usuarios1` FOREIGN KEY (`user_id`) REFERENCES `users` (`id`) ON DELETE NO ACTION ON UPDATE NO ACTION;

--
-- Filtros para la tabla `submenus`
--
ALTER TABLE `submenus`
ADD CONSTRAINT `fk_submenus_menus1` FOREIGN KEY (`menu_id`) REFERENCES `menus` (`id`) ON DELETE NO ACTION ON UPDATE NO ACTION;

--
-- Filtros para la tabla `supports`
--
ALTER TABLE `supports`
ADD CONSTRAINT `fk_supports_support_category1` FOREIGN KEY (`support_category_id`) REFERENCES `support_categories` (`id`) ON DELETE NO ACTION ON UPDATE NO ACTION,
ADD CONSTRAINT `fk_supports_support_status1` FOREIGN KEY (`support_status_id`) REFERENCES `support_statuses` (`id`) ON DELETE NO ACTION ON UPDATE NO ACTION,
ADD CONSTRAINT `fk_supports_users1` FOREIGN KEY (`users_id`) REFERENCES `users` (`id`) ON DELETE NO ACTION ON UPDATE NO ACTION;

--
-- Filtros para la tabla `support_faqs`
--
ALTER TABLE `support_faqs`
ADD CONSTRAINT `fk_faq_support_categories1` FOREIGN KEY (`support_category_id`) REFERENCES `support_categories` (`id`) ON DELETE NO ACTION ON UPDATE NO ACTION;

--
-- Filtros para la tabla `support_ratings`
--
ALTER TABLE `support_ratings`
ADD CONSTRAINT `fk_support_questions_supports1` FOREIGN KEY (`support_id`) REFERENCES `supports` (`id`) ON DELETE NO ACTION ON UPDATE NO ACTION,
ADD CONSTRAINT `fk_support_ratings_support_questions1` FOREIGN KEY (`support_question_id`) REFERENCES `support_questions` (`id`) ON DELETE NO ACTION ON UPDATE NO ACTION;

--
-- Filtros para la tabla `support_traces`
--
ALTER TABLE `support_traces`
ADD CONSTRAINT `fk_support_trace_supports1` FOREIGN KEY (`supports_id`) REFERENCES `supports` (`id`) ON DELETE NO ACTION ON UPDATE NO ACTION,
ADD CONSTRAINT `fk_support_trace_users1` FOREIGN KEY (`user_id`) REFERENCES `users` (`id`) ON DELETE NO ACTION ON UPDATE NO ACTION;

--
-- Filtros para la tabla `teachers`
--
ALTER TABLE `teachers`
ADD CONSTRAINT `fk_profesores_estados_profesores1` FOREIGN KEY (`states_teacher_id`) REFERENCES `states_teachers` (`id`) ON DELETE NO ACTION ON UPDATE NO ACTION,
ADD CONSTRAINT `fk_profesores_usuarios1` FOREIGN KEY (`user_id`) REFERENCES `users` (`id`) ON DELETE NO ACTION ON UPDATE NO ACTION;

--
-- Filtros para la tabla `tracing_pqrs`
--
ALTER TABLE `tracing_pqrs`
ADD CONSTRAINT `fk_seguimiento_pqr_administrativos1` FOREIGN KEY (`administrative_id`) REFERENCES `administratives` (`id`) ON DELETE NO ACTION ON UPDATE NO ACTION,
ADD CONSTRAINT `fk_seguimiento_pqr_administrativos2` FOREIGN KEY (`administrative_id1`) REFERENCES `administratives` (`id`) ON DELETE NO ACTION ON UPDATE NO ACTION,
ADD CONSTRAINT `fk_seguimiento_pqr_pqr1` FOREIGN KEY (`pqr_id`) REFERENCES `pqrs` (`id`) ON DELETE NO ACTION ON UPDATE NO ACTION;

--
-- Filtros para la tabla `users`
--
ALTER TABLE `users`
ADD CONSTRAINT `fk_usuarios_ciudades1` FOREIGN KEY (`city_id`) REFERENCES `cities` (`id`) ON DELETE NO ACTION ON UPDATE NO ACTION;

/*!40101 SET CHARACTER_SET_CLIENT=@OLD_CHARACTER_SET_CLIENT */;
/*!40101 SET CHARACTER_SET_RESULTS=@OLD_CHARACTER_SET_RESULTS */;
/*!40101 SET COLLATION_CONNECTION=@OLD_COLLATION_CONNECTION */;
